trade_date,expiry
2021-10-29,2021-11-11
2021-11-04,2021-11-11
2022-10-24,2022-10-27
2023-11-12,2023-11-16
2024-03-02,2024-03-07
2024-05-18,2024-05-23
2024-11-01,2024-11-07
2025-09-26,2025-09-30
2025-10-15,2025-10-28
2025-10-16,2025-10-28
2025-10-17,2025-10-28
2025-10-21,2025-10-28
2026-06-03,2026-06-09
2026-06-04,2026-06-09
2026-06-05,2026-06-09
2026-06-08,2026-06-09
2026-06-09,2026-06-09
2026-06-10,2026-07-07
2026-06-11,2026-07-07
2026-06-12,2026-07-07
2026-06-15,2026-07-07
2026-06-16,2026-07-07
2026-06-17,2026-07-07
2026-06-19,2026-07-07
2026-06-22,2026-07-07
