trade_date,expiry_ref,expiry_derived,spot_ref,spot_raw,exit_spot_raw,atm_ref,atm_derived,lot_ref,lot_derived,gross_ref,gross_recalc,execution_gross_recalc,transaction_cost_ref,transaction_cost_recalc,slippage_ref,net_ref,net_recalc,match,legs
2021-09-30,2021-09-30,2021-09-30,17663.35,17663.35,17634.7,17650,17650,50,50,-957.5,-957.5,-1047.5,142.186286455,142.200431795,100.0,-1099.686286455,-1099.700431795,False,"[{""key"":[""CE"",17850,""BUY"",2],""entry_raw"":6.0,""exit_raw"":0.15,""raw_pnl"":-585.0,""tc"":47.47561108000001},{""key"":[""PE"",17450,""BUY"",2],""entry_raw"":4.6,""exit_raw"":0.15,""raw_pnl"":-444.99999999999994,""tc"":47.41337632},{""key"":[""PE"",17250,""SELL"",1],""entry_raw"":1.65,""exit_raw"":0.2,""raw_pnl"":72.5,""tc"":47.311444394999995}]"
2022-07-01,2022-07-07,2022-07-07,15689.75,15689.75,15734.75,15700,15700,50,50,-1617.500000000001,-1617.5000000000014,-1717.5000000000025,176.04979930500002,176.04979930500002,100.00000000000114,-1793.549799305001,-1793.5497993050014,False,"[{""key"":[""CE"",15900,""BUY"",2],""entry_raw"":68.95,""exit_raw"":79.35,""raw_pnl"":1039.999999999999,""tc"":61.46998922},{""key"":[""PE"",15500,""BUY"",2],""entry_raw"":111.5,""exit_raw"":72.3,""raw_pnl"":-3920.0000000000005,""tc"":62.36423492},{""key"":[""PE"",15300,""SELL"",1],""entry_raw"":60.1,""exit_raw"":34.85,""raw_pnl"":1262.5,""tc"":52.215575165000004}]"
2023-07-03,2023-07-06,2023-07-06,19284.2,19284.2,19312.25,19300,19300,50,50,-310.00000000000017,-310.00000000000017,-409.99999999999983,149.18134958000002,149.18134958000002,99.99999999999967,-459.1813495800002,-459.1813495800002,False,"[{""key"":[""CE"",19500,""BUY"",2],""entry_raw"":11.9,""exit_raw"":14.2,""raw_pnl"":229.9999999999999,""tc"":49.71823374},{""key"":[""PE"",19100,""BUY"",2],""entry_raw"":26.0,""exit_raw"":20.75,""raw_pnl"":-525.0,""tc"":51.271546449999995},{""key"":[""PE"",18900,""SELL"",1],""entry_raw"":10.7,""exit_raw"":11.0,""raw_pnl"":-15.000000000000036,""tc"":48.19156939}]"
2024-07-03,2024-07-04,2024-07-04,24231.15,24231.15,24283.9,24250,24250,25,25,-993.7499999999998,-993.7499999999998,-1043.75,145.34756121750002,145.34756121750002,50.000000000000156,-1139.0975612174998,-1139.0975612174998,False,"[{""key"":[""CE"",24450,""BUY"",2],""entry_raw"":17.0,""exit_raw"":17.05,""raw_pnl"":2.5000000000000355,""tc"":48.774044135},{""key"":[""PE"",24050,""BUY"",2],""entry_raw"":37.05,""exit_raw"":13.3,""raw_pnl"":-1187.4999999999998,""tc"":48.954464345000005},{""key"":[""PE"",23850,""SELL"",1],""entry_raw"":10.95,""exit_raw"":3.3,""raw_pnl"":191.25,""tc"":47.6190527375}]"
2025-06-27,2025-07-03,2025-07-03,25537.3,25537.3,25631.3,25550,25550,75,75,-3836.249999999998,-3836.249999999998,-3986.25,188.8889798025,188.8889798025,150.00000000000205,-4025.1389798024975,-4025.1389798024984,False,"[{""key"":[""CE"",25750,""BUY"",2],""entry_raw"":86.1,""exit_raw"":92.0,""raw_pnl"":885.0000000000009,""tc"":72.43262580999999},{""key"":[""PE"",25350,""BUY"",2],""entry_raw"":90.8,""exit_raw"":47.1,""raw_pnl"":-6554.999999999999,""tc"":63.219135789999996},{""key"":[""PE"",25150,""SELL"",1],""entry_raw"":49.25,""exit_raw"":24.8,""raw_pnl"":1833.75,""tc"":53.237218202499996}]"
2026-03-18,2026-03-24,2026-03-24,23714.8,23714.8,23795.9,23700,23700,65,65,1891.500000000001,1891.5000000000005,1761.500000000004,220.84780726369,220.84780726369002,129.99999999999636,1670.652192736311,1670.6521927363106,False,"[{""key"":[""CE"",23900,""BUY"",2],""entry_raw"":130.75,""exit_raw"":160.75,""raw_pnl"":3900.0,""tc"":84.5145067139},{""key"":[""PE"",23500,""BUY"",2],""entry_raw"":143.85,""exit_raw"":119.7,""raw_pnl"":-3139.499999999999,""tc"":77.70145406243},{""key"":[""PE"",23300,""SELL"",1],""entry_raw"":98.3,""exit_raw"":80.9,""raw_pnl"":1130.9999999999995,""tc"":58.63184648736001}]"
2021-07-01,2021-07-01,2021-07-01,15717.95,15717.95,15675.4,15700,15700,50,50,-317.5,-317.5,-397.5,141.77629760500002,141.80458828500002,100.00000000000009,-459.276297605,-459.304588285,False,"[{""key"":[""CE"",15900,""BUY"",2],""entry_raw"":2.2,""exit_raw"":0.1,""raw_pnl"":-210.0,""tc"":47.30668816000001},{""key"":[""PE"",15500,""BUY"",2],""entry_raw"":1.4,""exit_raw"":0.1,""raw_pnl"":-129.99999999999997,""tc"":47.271125440000006},{""key"":[""PE"",15300,""SELL"",1],""entry_raw"":0.5,""exit_raw"":0.05,""raw_pnl"":22.5,""tc"":47.226774684999995}]"
2021-09-16,2021-09-16,2021-09-16,17559.8,17559.8,17638.55,17550,17550,50,50,-297.49999999999994,-297.5,-392.5,141.87430333499998,141.881376005,100.00000000000001,-439.3743033349999,-439.381376005,False,"[{""key"":[""CE"",17750,""BUY"",2],""entry_raw"":1.25,""exit_raw"":0.15,""raw_pnl"":-110.00000000000001,""tc"":47.26445743},{""key"":[""PE"",17350,""BUY"",2],""entry_raw"":2.65,""exit_raw"":0.2,""raw_pnl"":-244.99999999999997,""tc"":47.32669219},{""key"":[""PE"",17150,""SELL"",1],""entry_raw"":1.35,""exit_raw"":0.2,""raw_pnl"":57.50000000000001,""tc"":47.290226385}]"
2021-12-08,2021-12-09,2021-12-09,17378.65,17378.65,17472.9,17400,17400,50,50,-1280.0,-1280.0000000000005,-1380.0,147.09815809,147.09815809,99.9999999999996,-1427.09815809,-1427.0981580900004,False,"[{""key"":[""CE"",17600,""BUY"",2],""entry_raw"":12.05,""exit_raw"":13.85,""raw_pnl"":179.9999999999999,""tc"":49.675393060000005},{""key"":[""PE"",17200,""BUY"",2],""entry_raw"":25.1,""exit_raw"":8.25,""raw_pnl"":-1685.0000000000002,""tc"":49.46337088999999},{""key"":[""PE"",17000,""SELL"",1],""entry_raw"":9.35,""exit_raw"":4.85,""raw_pnl"":225.0,""tc"":47.95939413999999}]"
2022-02-21,2022-02-24,2022-02-24,17110.05,17110.05,17196.75,17100,17100,50,50,-2340.0,-2340.0,-2440.000000000001,178.07202234000002,178.07202234000002,100.00000000000148,-2518.07202234,-2518.07202234,False,"[{""key"":[""CE"",17300,""BUY"",2],""entry_raw"":97.35,""exit_raw"":100.75,""raw_pnl"":340.00000000000057,""tc"":65.75956854},{""key"":[""PE"",16900,""BUY"",2],""entry_raw"":100.4,""exit_raw"":61.0,""raw_pnl"":-3940.0000000000005,""tc"":60.27237876},{""key"":[""PE"",16700,""SELL"",1],""entry_raw"":58.2,""exit_raw"":33.0,""raw_pnl"":1260.0000000000002,""tc"":52.040075040000005}]"
2022-05-11,2022-05-12,2022-05-12,16307.2,16307.2,16161.45,16300,16300,50,50,-280.00000000000006,-280.0,-380.00000000000097,154.68015018,154.68015018,100.00000000000094,-434.68015018000006,-434.68015018,False,"[{""key"":[""CE"",16500,""BUY"",2],""entry_raw"":28.1,""exit_raw"":4.85,""raw_pnl"":-2325.0,""tc"":49.11578953},{""key"":[""PE"",16100,""BUY"",2],""entry_raw"":36.7,""exit_raw"":59.6,""raw_pnl"":2290.0,""tc"":57.24266242},{""key"":[""PE"",15900,""SELL"",1],""entry_raw"":11.0,""exit_raw"":15.9,""raw_pnl"":-245.00000000000003,""tc"":48.321698229999996}]"
2022-07-25,2022-07-28,2022-07-28,16675.7,16675.7,16646.2,16700,16700,50,50,-1480.0000000000005,-1480.0000000000005,-1580.000000000001,157.10519267,157.10519267,100.00000000000071,-1637.1051926700004,-1637.1051926700004,False,"[{""key"":[""CE"",16900,""BUY"",2],""entry_raw"":34.35,""exit_raw"":22.5,""raw_pnl"":-1185.0000000000002,""tc"":51.890275790000004},{""key"":[""PE"",16500,""BUY"",2],""entry_raw"":53.2,""exit_raw"":48.1,""raw_pnl"":-510.0000000000001,""tc"":56.34942942},{""key"":[""PE"",16300,""SELL"",1],""entry_raw"":19.05,""exit_raw"":14.75,""raw_pnl"":215.00000000000003,""tc"":48.86548746}]"
2022-10-12,2022-10-13,2022-10-13,17053.45,17053.45,17133.05,17050,17050,50,50,-1024.9999999999995,-1024.9999999999998,-1124.9999999999998,151.07475152,151.07475152,100.0,-1176.0747515199996,-1176.0747515199998,False,"[{""key"":[""CE"",17250,""BUY"",2],""entry_raw"":28.0,""exit_raw"":33.75,""raw_pnl"":575.0,""tc"":53.199347450000005},{""key"":[""PE"",16850,""BUY"",2],""entry_raw"":29.9,""exit_raw"":11.8,""raw_pnl"":-1809.9999999999998,""tc"":50.178906780000005},{""key"":[""PE"",16650,""SELL"",1],""entry_raw"":6.45,""exit_raw"":2.25,""raw_pnl"":210.0,""tc"":47.696497289999996}]"
2022-12-28,2022-12-29,2022-12-29,18089.4,18089.4,18149.0,18100,18100,50,50,-1772.4999999999995,-1772.4999999999995,-1872.4999999999995,145.82518901499998,145.82518901499998,99.99999999999989,-1918.3251890149995,-1918.3251890149995,False,"[{""key"":[""CE"",18300,""BUY"",2],""entry_raw"":9.85,""exit_raw"":6.9,""raw_pnl"":-294.99999999999994,""tc"":48.59449445},{""key"":[""PE"",17900,""BUY"",2],""entry_raw"":25.15,""exit_raw"":7.5,""raw_pnl"":-1764.9999999999998,""tc"":49.359503509999996},{""key"":[""PE"",17700,""SELL"",1],""entry_raw"":8.7,""exit_raw"":2.95,""raw_pnl"":287.49999999999994,""tc"":47.871191055}]"
2023-03-14,2023-03-16,2023-03-16,17184.55,17184.55,17036.55,17200,17200,50,50,-114.99999999999898,-114.99999999999989,-215.00000000000028,157.63708291,157.63708291,100.0000000000004,-272.637082909999,-272.6370829099999,False,"[{""key"":[""CE"",17400,""BUY"",2],""entry_raw"":33.95,""exit_raw"":11.7,""raw_pnl"":-2225.0000000000005,""tc"":50.344797709999995},{""key"":[""PE"",17000,""BUY"",2],""entry_raw"":43.75,""exit_raw"":65.4,""raw_pnl"":2165.0000000000005,""tc"":58.376488609999996},{""key"":[""PE"",16800,""SELL"",1],""entry_raw"":18.3,""exit_raw"":19.4,""raw_pnl"":-54.99999999999989,""tc"":48.91579659}]"
2023-06-01,2023-06-01,2023-06-01,18518.75,18518.75,18493.7,18500,18500,50,50,-287.5,-287.5,-367.5,141.795495275,141.823785955,100.00000000000006,-429.295495275,-429.323785955,False,"[{""key"":[""CE"",18700,""BUY"",2],""entry_raw"":1.9,""exit_raw"":0.1,""raw_pnl"":-179.99999999999997,""tc"":47.293352139999996},{""key"":[""PE"",18300,""BUY"",2],""entry_raw"":1.55,""exit_raw"":0.1,""raw_pnl"":-145.0,""tc"":47.277793450000004},{""key"":[""PE"",18100,""SELL"",1],""entry_raw"":0.85,""exit_raw"":0.1,""raw_pnl"":37.5,""tc"":47.252640365}]"
2023-08-18,2023-08-24,2023-08-24,19326.25,19326.25,19312.85,19350,19350,50,50,-717.5,-717.4999999999999,-817.4999999999999,151.16579314499998,151.16579314499998,100.00000000000004,-868.665793145,-868.6657931449998,False,"[{""key"":[""CE"",19550,""BUY"",2],""entry_raw"":18.7,""exit_raw"":13.5,""raw_pnl"":-519.9999999999999,""tc"":49.921499479999994},{""key"":[""PE"",19150,""BUY"",2],""entry_raw"":34.0,""exit_raw"":31.5,""raw_pnl"":-250.0,""tc"":53.14779769999999},{""key"":[""PE"",18950,""SELL"",1],""entry_raw"":10.0,""exit_raw"":8.95,""raw_pnl"":52.500000000000036,""tc"":48.096495964999995}]"
2023-11-03,2023-11-09,2023-11-09,19248.6,19248.6,19233.95,19250,19250,50,50,-752.4999999999998,-752.4999999999998,-852.4999999999998,152.115533505,152.115533505,100.00000000000004,-904.6155335049998,-904.6155335049998,False,"[{""key"":[""CE"",19450,""BUY"",2],""entry_raw"":33.1,""exit_raw"":20.8,""raw_pnl"":-1230.0,""tc"":51.59423826},{""key"":[""PE"",19050,""BUY"",2],""entry_raw"":24.95,""exit_raw"":29.85,""raw_pnl"":490.0000000000002,""tc"":52.51209632},{""key"":[""PE"",18850,""SELL"",1],""entry_raw"":8.75,""exit_raw"":9.0,""raw_pnl"":-12.5,""tc"":48.00919892500001}]"
2024-01-19,2024-01-25,2024-01-25,21655.75,21655.75,21613.95,21650,21650,50,50,-1882.500000000001,-1882.5000000000007,-1982.500000000002,170.934324395,170.934324395,100.00000000000102,-2053.4343243950007,-2053.4343243950007,False,"[{""key"":[""CE"",21850,""BUY"",2],""entry_raw"":86.4,""exit_raw"":71.8,""raw_pnl"":-1460.000000000001,""tc"":61.17772788},{""key"":[""PE"",21450,""BUY"",2],""entry_raw"":70.6,""exit_raw"":64.8,""raw_pnl"":-579.9999999999998,""tc"":59.48519036},{""key"":[""PE"",21250,""SELL"",1],""entry_raw"":33.9,""exit_raw"":30.75,""raw_pnl"":157.49999999999994,""tc"":50.271406155}]"
2024-04-08,2024-04-10,2024-04-10,22584.0,22584.0,22661.55,22600,22600,50,50,-559.9999999999993,-559.9999999999993,-659.9999999999998,153.67523589,153.67523589,100.0000000000004,-713.6752358899994,-713.6752358899994,False,"[{""key"":[""CE"",22800,""BUY"",2],""entry_raw"":24.9,""exit_raw"":34.95,""raw_pnl"":1005.0000000000005,""tc"":53.23128599},{""key"":[""PE"",22400,""BUY"",2],""entry_raw"":40.55,""exit_raw"":21.75,""raw_pnl"":-1879.9999999999998,""tc"":52.05979682},{""key"":[""PE"",22200,""SELL"",1],""entry_raw"":14.35,""exit_raw"":8.05,""raw_pnl"":314.99999999999994,""tc"":48.384153080000004}]"
2024-06-27,2024-06-27,2024-06-27,23819.7,23819.7,24024.85,23800,23800,25,25,208.74999999999977,208.74999999999977,158.75,144.3970426175,144.3970426175,49.99999999999978,64.35295738249977,64.35295738249977,False,"[{""key"":[""CE"",24000,""BUY"",2],""entry_raw"":15.55,""exit_raw"":29.9,""raw_pnl"":717.4999999999999,""tc"":49.650653514999995},{""key"":[""PE"",23600,""BUY"",2],""entry_raw"":11.55,""exit_raw"":0.2,""raw_pnl"":-567.5000000000001,""tc"":47.461163725000006},{""key"":[""PE"",23400,""SELL"",1],""entry_raw"":2.5,""exit_raw"":0.15,""raw_pnl"":58.75,""tc"":47.2852253775}]"
2024-09-12,2024-09-12,2024-09-12,25058.15,25058.15,25415.45,25050,25050,25,25,7432.499999999999,7432.5,7382.499999999999,153.33252568,153.33252568,50.000000000000966,7279.167474319999,7279.16747432,False,"[{""key"":[""CE"",25250,""BUY"",2],""entry_raw"":6.1,""exit_raw"":161.2,""raw_pnl"":7755.0,""tc"":58.727026910000006},{""key"":[""PE"",24850,""BUY"",2],""entry_raw"":7.15,""exit_raw"":0.3,""raw_pnl"":-342.5,""tc"":47.370438914999994},{""key"":[""PE"",24650,""SELL"",1],""entry_raw"":1.05,""exit_raw"":0.25,""raw_pnl"":20.0,""tc"":47.235059855}]"
2024-11-29,2024-12-05,2024-12-05,24027.55,24027.55,24140.55,24050,24050,75,75,-3528.75,-3528.75,-3678.750000000002,200.9663623575,200.9663623575,150.00000000000273,-3729.7163623575,-3729.7163623575,False,"[{""key"":[""CE"",24250,""BUY"",2],""entry_raw"":111.1,""exit_raw"":126.3,""raw_pnl"":2280.0000000000005,""tc"":81.37740574},{""key"":[""PE"",23850,""BUY"",2],""entry_raw"":107.15,""exit_raw"":51.1,""raw_pnl"":-8407.5,""tc"":65.158075825},{""key"":[""PE"",23650,""SELL"",1],""entry_raw"":60.25,""exit_raw"":25.6,""raw_pnl"":2598.75,""tc"":54.430880792500005}]"
2025-02-11,2025-02-13,2025-02-13,23314.7,23314.7,23080.95,23300,23300,75,75,-1807.5,-1807.5,-1957.5000000000011,179.20303515,179.20303515,150.00000000000114,-1986.70303515,-1986.70303515,False,"[{""key"":[""CE"",23500,""BUY"",2],""entry_raw"":72.75,""exit_raw"":16.4,""raw_pnl"":-8452.5,""tc"":55.50163091500001},{""key"":[""PE"",23100,""BUY"",2],""entry_raw"":53.35,""exit_raw"":105.7,""raw_pnl"":7852.5,""tc"":73.155719905},{""key"":[""PE"",22900,""SELL"",1],""entry_raw"":20.25,""exit_raw"":36.35,""raw_pnl"":-1207.5,""tc"":50.54568433}]"
2025-05-06,2025-05-08,2025-05-08,24433.1,24433.1,24398.85,24450,24450,75,75,-914.9999999999998,-914.9999999999998,-1065.0000000000002,160.65946104,160.65946104,150.00000000000057,-1075.6594610399998,-1075.6594610399998,False,"[{""key"":[""CE"",24650,""BUY"",2],""entry_raw"":20.9,""exit_raw"":10.9,""raw_pnl"":-1499.9999999999998,""tc"":50.87727718},{""key"":[""PE"",24250,""BUY"",2],""entry_raw"":39.5,""exit_raw"":44.0,""raw_pnl"":675.0,""tc"":59.140688350000005},{""key"":[""PE"",24050,""SELL"",1],""entry_raw"":24.5,""exit_raw"":25.7,""raw_pnl"":-89.99999999999994,""tc"":50.64149551}]"
2025-07-18,2025-07-24,2025-07-24,25071.85,25071.85,24968.4,25050,25050,75,75,-720.0000000000006,-720.0000000000009,-870.0000000000027,174.118411125,174.118411125,150.00000000000182,-894.1184111250005,-894.1184111250009,False,"[{""key"":[""CE"",25250,""BUY"",2],""entry_raw"":64.4,""exit_raw"":42.8,""raw_pnl"":-3240.0000000000014,""tc"":60.54640671999999},{""key"":[""PE"",24850,""BUY"",2],""entry_raw"":42.25,""exit_raw"":63.95,""raw_pnl"":3255.0000000000005,""tc"":63.55705162},{""key"":[""PE"",24650,""SELL"",1],""entry_raw"":17.95,""exit_raw"":27.75,""raw_pnl"":-735.0,""tc"":50.014952785}]"
2025-10-06,2025-10-07,2025-10-07,24900.45,24900.45,25081.75,24900,24900,75,75,5028.75,5028.75,4878.749999999999,154.5803101125,154.5803101125,150.0000000000007,4874.1696898875,4874.1696898875,False,"[{""key"":[""CE"",25100,""BUY"",2],""entry_raw"":8.4,""exit_raw"":49.25,""raw_pnl"":6127.5,""tc"":58.18088276500001},{""key"":[""PE"",24700,""BUY"",2],""entry_raw"":11.5,""exit_raw"":3.75,""raw_pnl"":-1162.5,""tc"":48.733396524999996},{""key"":[""PE"",24500,""SELL"",1],""entry_raw"":3.65,""exit_raw"":2.8,""raw_pnl"":63.75000000000001,""tc"":47.6660308225}]"
2025-12-29,2025-12-30,2025-12-30,26054.05,26054.05,25942.05,26050,26050,75,75,888.7499999999998,888.7499999999998,738.7499999999999,146.7233174175,146.7233174175,149.9999999999999,742.0266825824998,742.0266825824998,False,"[{""key"":[""CE"",26250,""BUY"",2],""entry_raw"":8.0,""exit_raw"":3.7,""raw_pnl"":-645.0,""tc"":48.48940716999999},{""key"":[""PE"",25850,""BUY"",2],""entry_raw"":4.9,""exit_raw"":15.45,""raw_pnl"":1582.4999999999998,""tc"":50.77581503500001},{""key"":[""PE"",25650,""SELL"",1],""entry_raw"":1.8,""exit_raw"":2.45,""raw_pnl"":-48.75000000000001,""tc"":47.4580952125}]"
2026-03-16,2026-03-17,2026-03-17,23159.5,23159.5,23442.2,23150,23150,65,65,7244.249999999998,7244.25,7114.249999999998,200.907209656045,200.907209656045,130.00000000000136,7043.342790343953,7043.342790343955,False,"[{""key"":[""CE"",23350,""BUY"",2],""entry_raw"":99.0,""exit_raw"":196.6,""raw_pnl"":12688.0,""tc"":89.27527240696},{""key"":[""PE"",22950,""BUY"",2],""entry_raw"":93.25,""exit_raw"":35.35,""raw_pnl"":-7527.0,""tc"":59.16275088476},{""key"":[""PE"",22750,""SELL"",1],""entry_raw"":51.15,""exit_raw"":19.1,""raw_pnl"":2083.25,""tc"":52.469186364325004}]"
2026-07-02,2026-07-07,2026-07-07,24110.1,24110.1,24180.5,24100,24100,65,65,-1462.500000000001,-1462.500000000001,-1592.5000000000018,174.00926799214,174.00926799214,130.00000000000114,-1636.5092679921408,-1636.5092679921408,False,"[{""key"":[""CE"",24300,""BUY"",2],""entry_raw"":59.5,""exit_raw"":65.35,""raw_pnl"":760.4999999999993,""tc"":66.96091488501},{""key"":[""PE"",23900,""BUY"",2],""entry_raw"":49.7,""exit_raw"":27.6,""raw_pnl"":-2873.0,""tc"":56.96253940818},{""key"":[""PE"",23700,""SELL"",1],""entry_raw"":20.75,""exit_raw"":10.75,""raw_pnl"":650.0,""tc"":50.08581369895}]"
