Index Name,Date,Open_NIFTY,High_NIFTY,Low_NIFTY,Close_NIFTY,Open_VIX,High_VIX,Low_VIX,Close_VIX,Prev. Close,Change,% Change
NIFTY 50,2022-02-14,17076.15,17099.5,16809.65,16842.8,18.68,23.535,18.68,22.9775,18.68,4.3,23.01
NIFTY 50,2022-02-15,16933.25,17375.0,16839.25,17352.45,22.9775,23.14,20.435,20.6125,22.9775,-2.37,-10.29
NIFTY 50,2022-02-16,17408.45,17490.6,17257.7,17322.2,20.6125,21.02,19.3525,20.5925,20.6125,-0.02,-0.1
NIFTY 50,2022-02-17,17396.55,17442.9,17235.85,17304.6,20.5925,22.37,19.4625,22.005,20.5925,1.41,6.86
NIFTY 50,2022-02-18,17236.05,17380.8,17219.2,17276.3,22.005,23.21,21.635,22.165,22.005,0.16,0.73
NIFTY 50,2022-02-21,17192.25,17351.05,17070.7,17206.65,22.165,23.755,20.57,22.9025,22.165,0.74,3.33
NIFTY 50,2022-02-22,16847.95,17148.55,16843.8,17092.2,22.9025,27.815,22.9025,26.6625,22.9025,3.76,16.42
NIFTY 50,2022-02-23,17194.5,17220.7,17027.85,17063.25,26.6625,26.6625,23.9075,24.5425,26.6625,-2.12,-7.95
NIFTY 50,2022-02-24,16548.9,16705.25,16203.25,16247.95,24.5425,33.9725,24.5425,31.9825,24.5425,7.44,30.31
NIFTY 50,2022-02-25,16515.65,16748.8,16478.3,16658.4,31.9825,31.9825,26.15,26.74,31.9825,-5.24,-16.39
NIFTY 50,2022-02-28,16481.6,16815.9,16356.3,16793.9,26.74,29.785,26.74,28.57,26.74,1.83,6.84
NIFTY 50,2022-03-02,16593.1,16678.5,16478.65,16605.95,28.57,30.8425,28.57,29.2325,28.57,0.66,2.32
NIFTY 50,2022-03-03,16723.2,16768.95,16442.95,16498.05,29.2325,29.2325,27.2225,28.155,29.2325,-1.08,-3.69
NIFTY 50,2022-03-04,16339.45,16456.0,16133.8,16245.35,28.155,29.925,27.2225,27.9575,28.155,-0.2,-0.7
NIFTY 50,2022-03-07,15867.95,15944.6,15711.45,15863.15,27.9575,30.2775,27.9575,29.33,27.9575,1.37,4.91
NIFTY 50,2022-03-08,15747.75,16028.75,15671.45,16013.45,29.33,30.0575,27.1125,28.5875,29.33,-0.74,-2.53
NIFTY 50,2022-03-09,16078.0,16418.05,15990.0,16345.35,28.5875,28.5875,27.305,27.4675,28.5875,-1.12,-3.92
NIFTY 50,2022-03-10,16757.1,16757.3,16447.9,16594.9,27.4675,27.4675,22.9625,25.5825,27.4675,-1.89,-6.86
NIFTY 50,2022-03-11,16528.8,16694.4,16470.9,16630.45,25.5825,25.8725,24.58,25.345,25.5825,-0.24,-0.93
NIFTY 50,2022-03-14,16633.7,16887.95,16606.5,16871.3,25.345,26.2125,25.09,25.6775,25.345,0.33,1.31
NIFTY 50,2022-03-15,16900.65,16927.75,16555.0,16663.0,25.6775,27.5425,23.6575,26.73,25.6775,1.05,4.1
NIFTY 50,2022-03-16,16876.65,16987.9,16837.85,16975.35,26.73,26.73,24.0125,24.1175,26.73,-2.61,-9.77
NIFTY 50,2022-03-17,17202.9,17344.6,17175.75,17287.05,24.1175,24.1175,20.77,22.61,24.1175,-1.51,-6.25
NIFTY 50,2022-03-21,17329.5,17353.35,17096.4,17117.6,22.61,24.7125,22.61,24.6225,22.61,2.01,8.9
NIFTY 50,2022-03-22,17120.4,17334.4,17006.3,17315.5,24.6225,25.1575,23.76,24.07,24.6225,-0.55,-2.24
NIFTY 50,2022-03-23,17405.05,17442.4,17199.6,17245.65,24.07,24.975,20.455,24.7475,24.07,0.68,2.81
NIFTY 50,2022-03-24,17094.95,17291.75,17091.15,17222.75,24.7475,25.53,23.8125,23.93,24.7475,-0.82,-3.3
NIFTY 50,2022-03-25,17289.0,17294.9,17076.55,17153.0,23.93,24.2725,22.91,23.43,23.93,-0.5,-2.09
NIFTY 50,2022-03-28,17181.85,17235.1,17003.9,17222.0,23.43,24.2125,19.59,22.61,23.43,-0.82,-3.5
NIFTY 50,2022-03-29,17297.2,17343.65,17235.7,17325.3,22.61,22.61,21.1025,21.3025,22.61,-1.31,-5.78
NIFTY 50,2022-03-30,17468.15,17522.5,17387.2,17498.25,21.3025,21.3025,19.73,20.61,21.3025,-0.69,-3.25
NIFTY 50,2022-03-31,17519.2,17559.8,17435.2,17464.75,20.61,20.9425,20.2125,20.56,20.61,-0.05,-0.24
NIFTY 50,2022-04-01,17436.9,17703.7,17422.7,17670.45,20.56,20.855,18.12,18.435,20.56,-2.13,-10.34
NIFTY 50,2022-04-04,17809.1,18114.65,17791.4,18053.4,18.435,18.825,17.5925,17.9075,18.435,-0.53,-2.86
NIFTY 50,2022-04-05,18080.6,18095.45,17921.55,17957.4,17.9075,18.63,16.79,18.4875,17.9075,0.58,3.24
NIFTY 50,2022-04-06,17842.75,17901.0,17779.85,17807.65,18.4875,19.2825,16.81,19.0225,18.4875,0.54,2.89
NIFTY 50,2022-04-07,17723.3,17787.5,17623.7,17639.55,19.0225,19.49,17.7175,18.9975,19.0225,-0.03,-0.13
NIFTY 50,2022-04-08,17698.15,17842.75,17600.55,17784.35,18.9975,20.0875,17.53,17.6875,18.9975,-1.31,-6.9
NIFTY 50,2022-04-11,17740.9,17779.05,17650.95,17674.95,17.6875,19.145,16.6425,18.27,17.6875,0.58,3.29
NIFTY 50,2022-04-12,17584.85,17595.3,17442.35,17530.3,18.27,18.6725,15.085,18.1575,18.27,-0.11,-0.62
NIFTY 50,2022-04-13,17599.9,17663.65,17457.4,17475.65,18.1575,18.4025,16.1925,17.785,18.1575,-0.37,-2.05
NIFTY 50,2022-04-18,17183.45,17237.75,17067.85,17173.65,17.785,20.4825,17.785,19.335,17.785,1.55,8.72
NIFTY 50,2022-04-19,17258.95,17275.65,16824.7,16958.65,19.335,20.8075,14.6275,19.775,19.335,0.44,2.28
NIFTY 50,2022-04-20,17045.25,17186.9,16978.95,17136.55,19.775,20.265,17.835,18.6725,19.775,-1.1,-5.58
NIFTY 50,2022-04-21,17234.6,17414.7,17215.5,17392.6,18.6725,18.6725,13.35,17.8525,18.6725,-0.82,-4.39
NIFTY 50,2022-04-22,17242.75,17315.3,17149.2,17171.95,17.8525,18.76,17.8125,18.3525,17.8525,0.5,2.8
NIFTY 50,2022-04-25,17009.05,17054.3,16888.7,16953.95,18.3525,21.755,18.3525,21.2575,18.3525,2.91,15.83
NIFTY 50,2022-04-26,17121.3,17223.85,17064.45,17200.8,21.2575,21.2575,19.005,19.1875,21.2575,-2.07,-9.74
NIFTY 50,2022-04-27,17073.35,17110.7,16958.45,17038.4,19.1875,21.365,19.1875,20.605,19.1875,1.42,7.39
NIFTY 50,2022-04-28,17189.5,17322.5,17071.05,17245.05,20.605,20.605,19.0225,19.3775,20.605,-1.23,-5.96
NIFTY 50,2022-04-29,17329.25,17377.65,17053.25,17102.55,19.3775,19.6475,18.2075,19.415,19.3775,0.04,0.19
NIFTY 50,2022-05-02,16924.45,17092.25,16917.25,17069.1,19.415,21.0625,19.415,20.2825,19.415,0.87,4.47
NIFTY 50,2022-05-04,17096.6,17132.85,16623.95,16677.6,20.2825,22.3875,18.4275,21.8775,20.2825,1.6,7.86
NIFTY 50,2022-05-05,16854.75,16945.7,16651.85,16682.65,21.8775,21.8775,19.615,20.2925,21.8775,-1.59,-7.24
NIFTY 50,2022-05-06,16415.55,16484.2,16340.9,16411.25,20.2925,21.81,19.3325,21.25,20.2925,0.96,4.72
NIFTY 50,2022-05-09,16227.7,16403.7,16142.1,16301.85,21.25,22.52,18.96,22.0325,21.25,0.78,3.68
NIFTY 50,2022-05-10,16248.9,16404.55,16197.3,16240.05,22.0325,22.515,21.2175,22.3025,22.0325,0.27,1.23
NIFTY 50,2022-05-11,16270.05,16318.75,15992.6,16167.1,22.3025,24.1875,20.4825,22.8025,22.3025,0.5,2.24
NIFTY 50,2022-05-12,16021.1,16041.95,15735.75,15808.0,22.8025,25.315,21.15,24.265,22.8025,1.46,6.41
NIFTY 50,2022-05-13,15977.0,16083.6,15740.85,15782.15,24.265,24.265,20.9675,23.485,24.265,-0.78,-3.21
NIFTY 50,2022-05-16,15845.1,15977.95,15739.65,15842.3,23.485,24.7125,21.275,24.5275,23.485,1.04,4.44
NIFTY 50,2022-05-17,15912.6,16284.25,15900.8,16259.3,24.5275,24.84,17.095,22.7425,24.5275,-1.79,-7.28
NIFTY 50,2022-05-18,16318.15,16399.8,16211.2,16240.3,22.7425,23.06,21.34,22.295,22.7425,-0.45,-1.97
NIFTY 50,2022-05-19,15917.4,15984.75,15775.2,15809.4,22.295,25.1475,22.295,24.5575,22.295,2.26,10.15
NIFTY 50,2022-05-20,16043.8,16283.05,16003.85,16266.15,24.5575,24.5575,22.4425,23.1,24.5575,-1.46,-5.94
NIFTY 50,2022-05-23,16290.95,16414.7,16185.75,16214.7,23.1,23.975,20.5,23.3975,23.1,0.3,1.29
NIFTY 50,2022-05-24,16225.55,16262.8,16078.6,16125.15,23.3975,25.99,23.155,25.635,23.3975,2.24,9.56
NIFTY 50,2022-05-25,16196.35,16223.35,16006.95,16025.8,25.635,25.635,24.3625,25.2825,25.635,-0.35,-1.38
NIFTY 50,2022-05-26,16105.0,16204.45,15903.7,16170.15,25.2825,25.2825,22.535,22.7175,25.2825,-2.57,-10.15
NIFTY 50,2022-05-27,16296.6,16370.6,16221.95,16352.45,22.7175,22.7175,21.2,21.48,22.7175,-1.24,-5.45
NIFTY 50,2022-05-30,16527.9,16695.5,16506.15,16661.4,21.48,21.48,19.72,19.98,21.48,-1.5,-6.98
NIFTY 50,2022-05-31,16578.45,16690.75,16521.9,16584.55,19.98,20.75,19.68,20.4775,19.98,0.5,2.49
NIFTY 50,2022-06-01,16594.4,16649.2,16438.85,16522.75,20.4775,21.3375,18.23,20.845,20.4775,0.37,1.79
NIFTY 50,2022-06-02,16481.65,16646.4,16443.05,16628.0,20.845,20.9975,18.3825,20.32,20.845,-0.53,-2.52
NIFTY 50,2022-06-03,16761.65,16793.85,16567.9,16584.3,20.32,20.32,18.735,19.975,20.32,-0.35,-1.7
NIFTY 50,2022-06-06,16530.7,16610.95,16444.55,16569.55,19.975,20.6825,18.65,20.2025,19.975,0.23,1.14
NIFTY 50,2022-06-07,16469.6,16487.25,16347.1,16416.35,20.2025,21.07,19.4325,20.425,20.2025,0.22,1.1
NIFTY 50,2022-06-08,16474.95,16514.3,16293.35,16356.25,20.425,20.6875,19.3875,19.8375,20.425,-0.59,-2.88
NIFTY 50,2022-06-09,16263.85,16492.8,16243.85,16478.1,19.8375,19.8375,18.155,19.14,19.8375,-0.7,-3.52
NIFTY 50,2022-06-10,16283.95,16324.7,16172.6,16201.8,19.14,19.755,18.255,19.575,19.14,0.44,2.27
NIFTY 50,2022-06-13,15877.55,15886.15,15684.0,15774.4,19.575,22.8025,19.575,22.365,19.575,2.79,14.25
NIFTY 50,2022-06-14,15674.25,15858.0,15659.45,15732.1,22.365,22.635,18.9475,21.8875,22.365,-0.48,-2.14
NIFTY 50,2022-06-15,15729.25,15783.65,15678.9,15692.15,21.8875,22.365,20.95,22.1475,21.8875,0.26,1.19
NIFTY 50,2022-06-16,15832.25,15863.15,15335.1,15360.6,22.1475,28.13,19.7475,22.8675,22.1475,0.72,3.25
NIFTY 50,2022-06-17,15272.65,15400.4,15183.4,15293.5,22.8675,23.69,18.0225,22.7575,22.8675,-0.11,-0.48
NIFTY 50,2022-06-20,15334.5,15382.5,15191.1,15350.15,22.7575,23.635,16.0025,22.4125,22.7575,-0.35,-1.52
NIFTY 50,2022-06-21,15455.95,15707.25,15419.85,15638.8,22.4125,22.4125,20.48,21.1425,22.4125,-1.27,-5.67
NIFTY 50,2022-06-22,15545.65,15565.4,15385.95,15413.3,21.1425,21.785,19.32,21.3,21.1425,0.16,0.74
NIFTY 50,2022-06-23,15451.55,15628.45,15367.5,15556.65,21.3,21.71,18.355,20.88,21.3,-0.42,-1.97
NIFTY 50,2022-06-24,15657.4,15749.25,15619.45,15699.25,20.88,21.2725,18.6825,20.55,20.88,-0.33,-1.58
NIFTY 50,2022-06-27,15926.2,15927.45,15815.5,15832.05,20.55,21.12,19.545,21.005,20.55,0.46,2.21
NIFTY 50,2022-06-28,15757.45,15892.1,15710.15,15850.2,21.005,21.68,20.5125,21.45,21.005,0.45,2.12
NIFTY 50,2022-06-29,15701.7,15861.6,15687.8,15799.1,21.45,22.085,21.45,21.9,21.45,0.45,2.1
NIFTY 50,2022-06-30,15774.5,15890.0,15728.85,15780.25,21.9,22.2725,21.5375,21.84,21.9,-0.06,-0.27
NIFTY 50,2022-07-01,15703.7,15793.95,15511.05,15752.05,21.84,22.43,21.1425,21.25,21.84,-0.59,-2.7
NIFTY 50,2022-07-04,15710.5,15852.35,15661.8,15835.35,21.25,22.2475,20.9225,20.9725,21.25,-0.28,-1.31
NIFTY 50,2022-07-05,15909.15,16025.75,15785.45,15810.85,20.9725,20.9925,20.235,20.7875,20.9725,-0.19,-0.88
NIFTY 50,2022-07-06,15818.2,16011.35,15800.9,15989.8,20.7875,20.7875,19.8225,20.2675,20.7875,-0.52,-2.5
NIFTY 50,2022-07-07,16113.75,16150.5,16045.95,16132.9,20.2675,20.2675,19.0125,19.2025,20.2675,-1.07,-5.25
NIFTY 50,2022-07-08,16273.65,16275.5,16157.9,16220.6,19.2025,19.2025,18.22,18.395,19.2025,-0.81,-4.21
NIFTY 50,2022-07-11,16136.15,16248.55,16115.5,16216.0,18.395,19.215,16.6475,18.3675,18.395,-0.03,-0.15
NIFTY 50,2022-07-12,16126.2,16158.75,16031.15,16058.3,18.3675,18.6375,17.3,18.5475,18.3675,0.18,0.98
NIFTY 50,2022-07-13,16128.2,16140.0,15950.15,15966.65,18.5475,18.7625,17.735,18.52,18.5475,-0.03,-0.15
NIFTY 50,2022-07-14,16018.85,16070.85,15858.2,15938.65,18.52,18.69,17.75,18.34,18.52,-0.18,-0.97
NIFTY 50,2022-07-15,16010.8,16066.95,15927.3,16049.2,18.34,18.34,17.53,17.5975,18.34,-0.74,-4.05
NIFTY 50,2022-07-18,16151.4,16287.95,16142.2,16278.5,17.5975,18.1825,16.47,17.16,17.5975,-0.44,-2.49
NIFTY 50,2022-07-19,16187.05,16359.5,16187.05,16340.55,17.16,17.6675,16.3525,17.2025,17.16,0.04,0.25
NIFTY 50,2022-07-20,16562.8,16588.0,16490.95,16520.85,17.2025,17.2725,15.6575,16.8225,17.2025,-0.38,-2.21
NIFTY 50,2022-07-21,16523.55,16626.95,16483.9,16605.25,16.8225,17.2075,15.9725,16.8575,16.8225,0.04,0.21
NIFTY 50,2022-07-22,16661.25,16752.25,16610.9,16719.45,16.8575,16.9625,16.1625,16.65,16.8575,-0.21,-1.23
NIFTY 50,2022-07-25,16662.55,16706.05,16564.25,16631.0,16.65,17.9075,16.1775,17.68,16.65,1.03,6.19
NIFTY 50,2022-07-26,16632.9,16636.1,16463.3,16483.85,17.68,18.2675,17.355,18.17,17.68,0.49,2.77
NIFTY 50,2022-07-27,16475.35,16653.45,16438.75,16641.8,18.17,18.635,17.7525,18.13,18.17,-0.04,-0.22
NIFTY 50,2022-07-28,16774.85,16947.65,16746.25,16929.6,18.13,18.13,16.8375,17.0125,18.13,-1.12,-6.16
NIFTY 50,2022-07-29,17079.5,17172.8,17018.15,17158.25,17.0125,18.645,16.49,16.55,17.0125,-0.46,-2.72
NIFTY 50,2022-08-01,17243.2,17356.25,17154.8,17340.05,16.55,17.625,15.8925,17.485,16.55,0.94,5.65
NIFTY 50,2022-08-02,17310.15,17390.15,17215.85,17345.45,17.485,18.755,17.485,18.53,17.485,1.05,5.98
NIFTY 50,2022-08-03,17349.25,17407.5,17225.85,17388.15,18.53,19.1725,17.95,18.45,18.53,-0.08,-0.43
NIFTY 50,2022-08-04,17463.1,17490.7,17161.25,17382.0,18.45,21.06,17.625,19.2575,18.45,0.81,4.38
NIFTY 50,2022-08-05,17423.65,17474.4,17348.75,17397.5,19.2575,19.39,18.0075,18.915,19.2575,-0.34,-1.78
NIFTY 50,2022-08-08,17401.5,17548.8,17359.75,17525.1,18.915,20.18,17.78,19.3025,18.915,0.39,2.05
NIFTY 50,2022-08-10,17566.1,17566.1,17442.8,17534.75,19.3025,20.77,18.8575,19.5875,19.3025,0.29,1.48
NIFTY 50,2022-08-11,17711.65,17719.3,17631.95,17659.0,19.5875,19.5875,18.2,18.355,19.5875,-1.23,-6.29
NIFTY 50,2022-08-12,17659.65,17724.65,17597.85,17698.15,18.355,18.525,17.41,17.6075,18.355,-0.75,-4.07
NIFTY 50,2022-08-16,17797.2,17839.1,17764.05,17825.25,17.6075,18.355,17.005,17.685,17.6075,0.08,0.44
NIFTY 50,2022-08-17,17868.15,17965.95,17833.35,17944.25,17.685,17.7875,16.5475,17.6775,17.685,-0.01,-0.04
NIFTY 50,2022-08-18,17898.65,17968.45,17852.05,17956.5,17.6775,18.44,16.715,17.35,17.6775,-0.33,-1.85
NIFTY 50,2022-08-19,17966.55,17992.2,17710.75,17758.45,17.35,18.5675,16.875,18.285,17.35,0.94,5.39
NIFTY 50,2022-08-22,17682.9,17690.05,17467.35,17490.7,18.285,19.295,17.2,19.0375,18.285,0.75,4.12
NIFTY 50,2022-08-23,17357.35,17625.55,17345.2,17577.5,19.0375,19.59,18.1775,19.05,19.0375,0.01,0.07
NIFTY 50,2022-08-24,17525.45,17623.65,17499.25,17604.95,19.05,19.3425,17.9875,18.43,19.05,-0.62,-3.25
NIFTY 50,2022-08-25,17679.0,17726.5,17487.45,17522.45,18.43,20.215,17.275,19.57,18.43,1.14,6.19
NIFTY 50,2022-08-26,17619.3,17685.85,17519.35,17558.9,19.57,19.57,15.825,18.215,19.57,-1.36,-6.92
NIFTY 50,2022-08-29,17188.65,17380.15,17166.2,17312.9,18.215,21.205,18.215,19.8225,18.215,1.61,8.83
NIFTY 50,2022-08-30,17414.95,17777.65,17401.5,17759.3,19.8225,19.8225,17.2575,18.7,19.8225,-1.12,-5.66
NIFTY 50,2022-09-01,17485.7,17695.6,17468.45,17542.8,18.7,20.9875,18.105,19.8725,18.7,1.17,6.27
NIFTY 50,2022-09-02,17598.4,17643.85,17476.45,17539.45,19.8725,20.1425,17.4025,19.55,19.8725,-0.32,-1.62
NIFTY 50,2022-09-05,17546.45,17683.15,17540.35,17665.8,19.55,20.29,19.45,19.6625,19.55,0.11,0.58
NIFTY 50,2022-09-06,17695.7,17764.65,17587.65,17655.6,19.6625,20.0,18.645,19.525,19.6625,-0.14,-0.7
NIFTY 50,2022-09-07,17519.4,17650.75,17484.3,17624.4,19.525,20.175,18.2775,19.3675,19.525,-0.16,-0.81
NIFTY 50,2022-09-08,17748.15,17807.65,17691.95,17798.75,19.3675,19.3675,17.3025,18.305,19.3675,-1.06,-5.49
NIFTY 50,2022-09-09,17923.35,17925.95,17786.0,17833.35,18.305,18.51,16.545,17.7175,18.305,-0.59,-3.21
NIFTY 50,2022-09-12,17890.85,17980.55,17889.15,17936.35,17.7175,18.3825,16.3925,17.9375,17.7175,0.22,1.24
NIFTY 50,2022-09-13,18044.45,18088.3,18015.45,18070.05,17.9375,17.9375,16.8575,17.47,17.9375,-0.47,-2.61
NIFTY 50,2022-09-14,17771.15,18091.55,17771.15,18003.75,17.47,18.565,17.26,18.2775,17.47,0.81,4.62
NIFTY 50,2022-09-15,18046.35,18096.15,17861.5,17877.4,18.2775,19.215,16.78,18.3925,18.2775,0.12,0.63
NIFTY 50,2022-09-16,17796.8,17820.05,17497.25,17530.85,18.3925,20.2425,18.3,19.8225,18.3925,1.43,7.77
NIFTY 50,2022-09-19,17540.65,17667.2,17429.7,17622.25,19.8225,21.205,16.4725,19.94,19.8225,0.12,0.59
NIFTY 50,2022-09-20,17770.4,17919.3,17744.4,17816.25,19.94,19.94,18.1125,18.7975,19.94,-1.14,-5.73
NIFTY 50,2022-09-21,17766.35,17838.7,17663.6,17718.35,18.7975,20.29,18.305,19.325,18.7975,0.53,2.81
NIFTY 50,2022-09-22,17609.65,17722.75,17532.45,17629.8,19.325,20.1375,17.4075,18.815,19.325,-0.51,-2.64
NIFTY 50,2022-09-23,17593.85,17642.15,17291.65,17327.35,18.815,20.8125,17.345,20.5925,18.815,1.78,9.45
NIFTY 50,2022-09-26,17156.3,17196.4,16978.3,17016.3,20.5925,22.8975,18.805,21.8925,20.5925,1.3,6.31
NIFTY 50,2022-09-27,17110.9,17176.45,16942.35,17007.4,21.8925,22.2925,20.7875,21.5675,21.8925,-0.33,-1.48
NIFTY 50,2022-09-28,16870.55,17037.6,16820.4,16858.6,21.5675,22.3625,21.49,22.095,21.5675,0.53,2.45
NIFTY 50,2022-09-29,16993.6,17026.05,16788.6,16818.1,22.095,22.2875,21.065,21.3025,22.095,-0.79,-3.59
NIFTY 50,2022-09-30,16798.05,17187.1,16747.7,17094.35,21.3025,21.9875,19.6975,19.9675,21.3025,-1.34,-6.27
NIFTY 50,2022-10-03,17102.1,17114.65,16855.55,16887.35,19.9675,21.68,19.9675,21.365,19.9675,1.4,7.0
NIFTY 50,2022-10-04,17147.45,17287.3,17117.3,17274.3,21.365,21.365,19.4475,19.57,21.365,-1.8,-8.4
NIFTY 50,2022-10-06,17379.25,17428.8,17315.65,17331.8,19.57,20.02,18.585,19.315,19.57,-0.26,-1.3
NIFTY 50,2022-10-07,17287.2,17337.35,17216.95,17314.65,19.315,19.725,18.6875,18.8125,19.315,-0.5,-2.6
NIFTY 50,2022-10-10,17094.35,17280.15,17064.7,17241.0,18.8125,20.34,18.8125,19.6225,18.8125,0.81,4.31
NIFTY 50,2022-10-11,17256.05,17261.8,16950.3,16983.55,19.6225,20.8175,19.09,20.49,19.6225,0.87,4.42
NIFTY 50,2022-10-12,17025.55,17142.35,16960.05,17123.6,20.49,20.885,19.885,20.175,20.49,-0.32,-1.54
NIFTY 50,2022-10-13,17087.35,17112.35,16956.95,17014.35,20.175,20.9425,18.4025,20.29,20.175,0.12,0.57
NIFTY 50,2022-10-14,17322.3,17348.55,17169.75,17185.7,20.29,20.63,18.075,18.2575,20.29,-2.03,-10.02
NIFTY 50,2022-10-17,17144.8,17328.55,17098.55,17311.8,18.2575,19.0775,18.2575,18.4175,18.2575,0.16,0.88
NIFTY 50,2022-10-18,17438.75,17527.8,17434.05,17486.95,18.4175,18.4175,16.575,17.4525,18.4175,-0.97,-5.24
NIFTY 50,2022-10-19,17568.15,17607.6,17472.85,17512.25,17.4525,17.555,16.2275,17.4875,17.4525,0.04,0.2
NIFTY 50,2022-10-20,17423.1,17584.15,17421.0,17563.95,17.4875,17.7625,15.5675,17.2325,17.4875,-0.26,-1.46
NIFTY 50,2022-10-21,17622.85,17670.15,17520.75,17576.3,17.2325,17.4275,16.585,17.28,17.2325,0.05,0.28
NIFTY 50,2022-10-24,17736.35,17777.55,17707.4,17730.75,17.28,17.6725,17.07,17.4225,17.28,0.14,0.82
NIFTY 50,2022-10-25,17808.3,17811.5,17637.0,17656.35,17.4225,17.6175,16.49,16.88,17.4225,-0.54,-3.11
NIFTY 50,2022-10-27,17771.4,17783.9,17654.5,17736.95,16.88,17.07,14.79,16.5975,16.88,-0.28,-1.67
NIFTY 50,2022-10-28,17756.4,17838.9,17723.7,17786.8,16.5975,17.0375,15.8475,15.9225,16.5975,-0.68,-4.07
NIFTY 50,2022-10-31,17910.2,18022.8,17899.9,18012.2,15.9225,16.63,15.07,15.8025,15.9225,-0.12,-0.75
NIFTY 50,2022-11-01,18130.7,18175.8,18060.15,18145.4,15.8025,16.2025,15.1075,16.13,15.8025,0.33,2.07
NIFTY 50,2022-11-02,18177.9,18178.75,18048.65,18082.85,16.13,16.855,14.68,16.6625,16.13,0.53,3.3
NIFTY 50,2022-11-03,17968.35,18106.3,17959.2,18052.7,16.6625,16.7325,14.985,15.9425,16.6625,-0.72,-4.32
NIFTY 50,2022-11-04,18053.4,18135.1,18017.15,18117.15,15.9425,16.2075,15.4825,15.655,15.9425,-0.29,-1.8
NIFTY 50,2022-11-07,18211.75,18255.5,18064.75,18202.8,15.655,16.355,15.2775,15.585,15.655,-0.07,-0.45
NIFTY 50,2022-11-09,18288.25,18296.4,18117.5,18157.0,15.585,16.0675,15.0175,15.915,15.585,0.33,2.12
NIFTY 50,2022-11-10,18044.35,18103.1,17969.4,18028.2,15.915,16.2925,15.4925,15.5675,15.915,-0.35,-2.18
NIFTY 50,2022-11-11,18272.35,18362.3,18259.35,18349.7,15.5675,15.5675,14.2775,14.405,15.5675,-1.16,-7.47
NIFTY 50,2022-11-14,18376.4,18399.45,18311.4,18329.15,14.405,15.27,12.555,14.91,14.405,0.51,3.51
NIFTY 50,2022-11-15,18362.75,18427.95,18282.0,18403.4,14.91,15.015,13.8275,14.635,14.91,-0.28,-1.84
NIFTY 50,2022-11-16,18398.25,18442.15,18344.15,18409.65,14.635,15.5325,13.9275,15.1,14.635,0.47,3.18
NIFTY 50,2022-11-17,18358.7,18417.6,18312.95,18343.9,15.1,16.2625,13.09,14.8775,15.1,-0.22,-1.47
NIFTY 50,2022-11-18,18382.95,18394.6,18209.8,18307.65,14.8775,15.6925,13.86,14.39,14.8775,-0.49,-3.28
NIFTY 50,2022-11-21,18246.4,18262.3,18133.35,18159.95,14.39,15.5475,13.3625,14.7975,14.39,0.41,2.83
NIFTY 50,2022-11-22,18179.15,18261.85,18137.7,18244.2,14.7975,16.2725,13.32,13.8425,14.7975,-0.96,-6.45
NIFTY 50,2022-11-23,18325.2,18325.4,18246.0,18267.25,13.8425,14.3275,11.875,14.0425,13.8425,0.2,1.44
NIFTY 50,2022-11-24,18326.1,18529.7,18294.25,18484.1,14.0425,14.0425,12.9975,13.4775,14.0425,-0.57,-4.02
NIFTY 50,2022-11-25,18528.45,18534.9,18445.1,18512.75,13.4775,15.7725,12.7725,13.3325,13.4775,-0.15,-1.08
NIFTY 50,2022-11-28,18430.55,18614.25,18365.6,18562.75,13.3325,14.0575,12.41,13.565,13.3325,0.23,1.74
NIFTY 50,2022-11-29,18552.45,18678.1,18552.15,18618.05,13.565,14.62,12.4075,13.615,13.565,0.05,0.37
NIFTY 50,2022-11-30,18625.7,18816.05,18616.55,18758.35,13.615,14.05,12.7525,13.8075,13.615,0.19,1.41
NIFTY 50,2022-12-01,18871.95,18887.6,18778.2,18812.5,13.8075,14.23,12.985,13.36,13.8075,-0.45,-3.24
NIFTY 50,2022-12-02,18752.4,18781.95,18639.2,18696.1,13.36,14.0925,12.96,13.45,13.36,0.09,0.67
NIFTY 50,2022-12-05,18719.55,18728.6,18591.35,18701.05,13.45,14.4175,13.45,13.7325,13.45,0.28,2.1
NIFTY 50,2022-12-06,18600.65,18654.9,18577.9,18642.75,13.7325,14.2525,12.18,14.0425,13.7325,0.31,2.26
NIFTY 50,2022-12-07,18638.85,18668.3,18528.4,18560.5,14.0425,14.4625,13.795,14.0775,14.0425,0.04,0.25
NIFTY 50,2022-12-08,18570.85,18625.0,18536.95,18609.35,14.0775,14.89,13.26,13.3975,14.0775,-0.68,-4.83
NIFTY 50,2022-12-09,18662.4,18664.7,18410.1,18496.6,13.3975,13.9625,11.9125,13.4775,13.3975,0.08,0.6
NIFTY 50,2022-12-12,18402.15,18521.55,18345.7,18497.15,13.4775,14.15,12.5275,13.3175,13.4775,-0.16,-1.19
NIFTY 50,2022-12-13,18524.4,18617.25,18490.2,18608.0,13.3175,13.5775,11.4325,12.8825,13.3175,-0.44,-3.27
NIFTY 50,2022-12-14,18671.25,18696.1,18632.9,18660.3,12.8825,13.0825,11.5275,12.885,12.8825,0.0,0.02
NIFTY 50,2022-12-15,18614.4,18652.9,18387.7,18414.9,12.885,13.8825,12.5875,13.7325,12.885,0.85,6.58
NIFTY 50,2022-12-16,18319.1,18440.95,18255.15,18269.0,13.7325,14.22,12.4925,14.07,13.7325,0.34,2.46
NIFTY 50,2022-12-19,18288.1,18431.65,18244.55,18420.45,14.07,14.4875,13.5,13.5525,14.07,-0.52,-3.68
NIFTY 50,2022-12-20,18340.3,18404.9,18202.65,18385.3,13.5525,14.9225,13.04,13.78,13.5525,0.23,1.68
NIFTY 50,2022-12-21,18435.15,18473.35,18162.75,18199.1,13.78,16.01,12.4625,15.5625,13.78,1.78,12.94
NIFTY 50,2022-12-22,18288.8,18318.75,18068.6,18127.35,15.5625,16.3,14.44,15.1875,15.5625,-0.38,-2.41
NIFTY 50,2022-12-23,17977.65,18050.45,17779.5,17806.8,15.1875,16.48,14.4825,16.16,15.1875,0.97,6.4
NIFTY 50,2022-12-26,17830.4,18084.1,17774.25,18014.6,16.16,17.23,14.3075,15.9325,16.16,-0.23,-1.41
NIFTY 50,2022-12-27,18089.8,18149.25,17967.45,18132.3,15.9325,16.1325,14.925,15.29,15.9325,-0.64,-4.03
NIFTY 50,2022-12-28,18084.75,18173.1,18068.35,18122.5,15.29,15.6475,15.2725,15.395,15.29,0.11,0.69
NIFTY 50,2022-12-29,18045.7,18229.7,17992.8,18191.0,15.395,15.77,14.71,14.8125,15.395,-0.58,-3.78
NIFTY 50,2022-12-30,18259.1,18265.25,18080.3,18105.3,14.8125,15.115,14.2825,14.8675,14.8125,0.06,0.37
NIFTY 50,2023-01-02,18131.7,18215.15,18086.5,18197.45,14.8675,15.4525,14.5675,14.685,14.8675,-0.18,-1.23
NIFTY 50,2023-01-03,18163.2,18251.95,18149.8,18232.55,14.685,14.99,14.305,14.385,14.685,-0.3,-2.04
NIFTY 50,2023-01-04,18230.65,18243.0,18020.6,18042.95,14.385,15.6825,14.33,15.1975,14.385,0.81,5.65
NIFTY 50,2023-01-05,18101.95,18120.3,17892.6,17992.15,15.1975,15.6,14.8125,14.9825,15.1975,-0.22,-1.41
NIFTY 50,2023-01-06,18008.05,18047.4,17795.55,17859.45,14.9825,15.4375,14.6225,15.025,14.9825,0.04,0.28
NIFTY 50,2023-01-09,17952.55,18141.4,17936.15,18101.2,15.025,15.3775,14.53,14.6525,15.025,-0.37,-2.48
NIFTY 50,2023-01-10,18121.3,18127.6,17856.0,17914.15,14.6525,15.935,14.5625,15.51,14.6525,0.86,5.85
NIFTY 50,2023-01-11,17924.25,17976.35,17824.35,17895.7,15.51,16.225,15.115,15.435,15.51,-0.08,-0.48
NIFTY 50,2023-01-12,17920.85,17945.8,17761.65,17858.2,15.435,16.0425,14.4175,15.275,15.435,-0.16,-1.04
NIFTY 50,2023-01-13,17867.5,17999.35,17774.25,17956.6,15.275,15.6025,14.395,14.46,15.275,-0.82,-5.34
NIFTY 50,2023-01-16,18033.15,18049.65,17853.65,17894.85,14.46,15.3625,14.46,15.0225,14.46,0.56,3.89
NIFTY 50,2023-01-17,17922.8,18072.05,17886.95,18053.3,15.0225,15.31,13.84,14.59,15.0225,-0.43,-2.88
NIFTY 50,2023-01-18,18074.3,18183.75,18032.45,18165.35,14.59,14.75,12.4725,14.3725,14.59,-0.22,-1.49
NIFTY 50,2023-01-19,18119.8,18155.2,18063.75,18107.85,14.3725,14.8325,13.8925,13.96,14.3725,-0.41,-2.87
NIFTY 50,2023-01-20,18115.6,18145.45,18016.2,18027.65,13.96,14.185,11.6425,13.7875,13.96,-0.17,-1.24
NIFTY 50,2023-01-23,18118.45,18162.6,18063.45,18118.55,13.7875,14.26,13.48,13.6175,13.7875,-0.17,-1.23
NIFTY 50,2023-01-24,18183.95,18201.25,18078.65,18118.3,13.6175,13.81,13.3,13.6575,13.6175,0.04,0.29
NIFTY 50,2023-01-25,18093.35,18100.6,17846.15,17891.95,13.6575,15.4225,13.5175,14.655,13.6575,1.0,7.3
NIFTY 50,2023-01-27,17877.2,17884.75,17493.55,17604.35,14.655,18.0125,14.5825,17.32,14.655,2.67,18.18
NIFTY 50,2023-01-30,17541.95,17709.15,17405.55,17648.95,17.32,19.39,17.29,17.71,17.32,0.39,2.25
NIFTY 50,2023-01-31,17731.45,17735.7,17537.55,17662.15,17.71,18.3675,16.565,16.875,17.71,-0.84,-4.71
NIFTY 50,2023-02-01,17811.6,17972.2,17353.4,17616.3,16.875,18.54,14.8475,16.78,16.875,-0.1,-0.56
NIFTY 50,2023-02-02,17517.1,17653.9,17445.95,17610.4,16.78,17.7675,15.5075,15.7325,16.78,-1.05,-6.24
NIFTY 50,2023-02-03,17721.75,17870.3,17584.2,17854.05,15.7325,15.7575,14.27,14.3975,15.7325,-1.34,-8.49
NIFTY 50,2023-02-06,17818.55,17823.7,17698.35,17764.6,14.3975,15.205,14.185,14.6875,14.3975,0.29,2.01
NIFTY 50,2023-02-07,17790.1,17811.15,17652.55,17721.5,14.6875,14.875,13.665,14.125,14.6875,-0.56,-3.83
NIFTY 50,2023-02-08,17750.3,17898.7,17744.15,17871.7,14.125,14.2475,13.535,13.595,14.125,-0.53,-3.75
NIFTY 50,2023-02-09,17885.5,17916.9,17779.8,17893.45,13.595,13.815,12.0625,13.04,13.595,-0.56,-4.08
NIFTY 50,2023-02-10,17847.55,17876.95,17801.0,17856.5,13.04,13.2775,12.2075,12.745,13.04,-0.3,-2.26
NIFTY 50,2023-02-13,17859.1,17880.7,17719.75,17770.9,12.745,14.095,11.83,13.68,12.745,0.94,7.34
NIFTY 50,2023-02-14,17840.35,17954.55,17800.05,17929.85,13.68,13.68,12.4525,13.4525,13.68,-0.23,-1.66
NIFTY 50,2023-02-15,17896.6,18034.1,17853.8,18015.85,13.4525,13.4525,11.28,12.86,13.4525,-0.59,-4.4
NIFTY 50,2023-02-16,18094.75,18134.75,18000.65,18035.85,12.86,13.1625,10.1725,12.89,12.86,0.03,0.23
NIFTY 50,2023-02-17,17974.85,18034.25,17884.6,17944.2,12.89,13.52,10.8025,13.085,12.89,0.2,1.51
NIFTY 50,2023-02-20,17965.55,18004.35,17818.4,17844.6,13.085,13.7075,10.9225,13.3825,13.085,0.3,2.27
NIFTY 50,2023-02-21,17905.8,17924.9,17800.3,17826.7,13.3825,14.295,13.3825,14.0075,13.3825,0.63,4.67
NIFTY 50,2023-02-22,17755.35,17772.5,17529.45,17554.3,14.0075,15.915,12.3775,15.5875,14.0075,1.58,11.28
NIFTY 50,2023-02-23,17574.65,17620.05,17455.4,17511.25,15.5875,16.01,14.5175,15.075,15.5875,-0.51,-3.29
NIFTY 50,2023-02-24,17591.35,17599.75,17421.8,17465.8,15.075,15.1425,14.0075,14.185,15.075,-0.89,-5.9
NIFTY 50,2023-02-27,17428.6,17451.6,17299.0,17392.7,14.185,15.0975,13.75,13.875,14.185,-0.31,-2.19
NIFTY 50,2023-02-28,17383.25,17440.45,17255.2,17303.95,13.875,14.5675,13.5,14.02,13.875,0.15,1.05
NIFTY 50,2023-03-01,17360.1,17467.75,17345.25,17450.9,14.02,14.02,12.275,12.995,14.02,-1.03,-7.31
NIFTY 50,2023-03-02,17421.5,17445.8,17306.0,17321.9,12.995,13.55,11.1,12.97,12.995,-0.03,-0.19
NIFTY 50,2023-03-03,17451.25,17644.75,17427.7,17594.35,12.97,12.97,11.98,12.18,12.97,-0.79,-6.09
NIFTY 50,2023-03-06,17680.35,17799.95,17671.95,17711.45,12.18,12.4725,11.8375,12.2675,12.18,0.09,0.72
NIFTY 50,2023-03-08,17665.75,17766.5,17602.25,17754.4,12.2675,12.8475,11.8975,12.45,12.2675,0.18,1.49
NIFTY 50,2023-03-09,17772.05,17772.35,17573.6,17589.6,12.45,12.8425,11.78,12.725,12.45,0.28,2.21
NIFTY 50,2023-03-10,17443.8,17451.5,17324.35,17412.9,12.725,13.8175,12.725,13.4125,12.725,0.69,5.4
NIFTY 50,2023-03-13,17421.9,17529.9,17113.45,17154.3,13.4125,16.4275,13.4125,16.215,13.4125,2.8,20.89
NIFTY 50,2023-03-14,17160.55,17224.65,16987.1,17043.3,16.215,16.6425,15.0025,16.2175,16.215,0.0,0.02
NIFTY 50,2023-03-15,17166.45,17211.35,16938.9,16972.15,16.2175,16.505,14.5175,16.295,16.2175,0.08,0.48
NIFTY 50,2023-03-16,16994.65,17062.45,16850.15,16985.6,16.295,17.355,13.95,16.2175,16.295,-0.08,-0.48
NIFTY 50,2023-03-17,17111.8,17145.8,16958.15,17100.05,16.2175,16.2175,14.6,14.7675,16.2175,-1.45,-8.94
NIFTY 50,2023-03-20,17066.6,17066.6,16828.35,16988.4,14.7675,17.22,14.52,16.0075,14.7675,1.24,8.4
NIFTY 50,2023-03-21,17060.4,17127.7,17016.0,17107.5,16.0075,16.035,14.0825,15.0825,16.0075,-0.93,-5.78
NIFTY 50,2023-03-22,17177.45,17207.25,17107.85,17151.9,15.0825,15.0925,14.2425,14.8075,15.0825,-0.28,-1.82
NIFTY 50,2023-03-23,17097.4,17205.4,17045.3,17076.9,14.8075,15.0575,13.9025,14.49,14.8075,-0.32,-2.14
NIFTY 50,2023-03-24,17076.2,17109.45,16917.35,16945.05,14.49,15.43,14.2025,15.24,14.49,0.75,5.18
NIFTY 50,2023-03-27,16984.3,17091.0,16918.55,16985.7,15.24,16.0925,15.0975,15.445,15.24,0.21,1.35
NIFTY 50,2023-03-28,17031.75,17061.75,16913.75,16951.7,15.445,15.6075,14.865,15.1,15.445,-0.35,-2.23
NIFTY 50,2023-03-29,16977.3,17126.15,16940.6,17080.7,15.1,15.1,13.32,13.6275,15.1,-1.47,-9.75
NIFTY 50,2023-03-31,17210.35,17381.6,17204.65,17359.75,13.6275,13.6275,12.0725,12.935,13.6275,-0.69,-5.08
NIFTY 50,2023-04-03,17427.95,17428.05,17312.75,17398.05,12.935,13.49,12.465,12.585,12.935,-0.35,-2.71
NIFTY 50,2023-04-05,17422.3,17570.55,17402.7,17557.05,12.585,12.805,12.0525,12.4125,12.585,-0.17,-1.37
NIFTY 50,2023-04-06,17533.85,17638.7,17502.85,17599.15,12.4125,12.57,11.65,11.7975,12.4125,-0.62,-4.95
NIFTY 50,2023-04-10,17634.9,17694.1,17597.95,17624.05,11.7975,12.5625,11.7975,12.2725,11.7975,0.48,4.03
NIFTY 50,2023-04-11,17704.8,17748.75,17655.15,17722.3,12.2725,12.2725,11.665,11.975,12.2725,-0.3,-2.42
NIFTY 50,2023-04-12,17759.55,17825.75,17717.25,17812.4,11.975,12.395,11.975,12.2725,11.975,0.3,2.48
NIFTY 50,2023-04-13,17807.3,17842.15,17729.65,17828.0,12.2725,12.51,11.84,11.9075,12.2725,-0.37,-2.97
NIFTY 50,2023-04-17,17863.0,17863.0,17574.05,17706.85,11.9075,13.2725,11.9075,12.265,11.9075,0.36,3.0
NIFTY 50,2023-04-18,17766.6,17766.6,17610.2,17660.15,12.265,12.525,11.8625,12.075,12.265,-0.19,-1.55
NIFTY 50,2023-04-19,17653.35,17666.15,17579.85,17618.75,12.075,12.47,11.1075,12.1525,12.075,0.08,0.64
NIFTY 50,2023-04-20,17638.6,17684.45,17584.35,17624.45,12.1525,12.3975,11.58,11.94,12.1525,-0.21,-1.75
NIFTY 50,2023-04-21,17639.75,17663.2,17553.95,17624.05,11.94,12.04,11.52,11.63,11.94,-0.31,-2.6
NIFTY 50,2023-04-24,17707.55,17754.5,17612.5,17743.4,11.63,12.205,11.58,11.6675,11.63,0.04,0.32
NIFTY 50,2023-04-25,17761.55,17807.45,17716.85,17769.25,11.6675,11.8125,11.425,11.52,11.6675,-0.15,-1.26
NIFTY 50,2023-04-26,17767.3,17827.75,17711.2,17813.6,11.52,11.8975,11.2975,11.6525,11.52,0.13,1.15
NIFTY 50,2023-04-27,17813.1,17931.6,17797.9,17915.05,11.6525,12.02,10.96,11.425,11.6525,-0.23,-1.95
NIFTY 50,2023-04-28,17950.4,18089.15,17885.3,18065.0,11.425,11.5425,10.7875,10.9475,11.425,-0.48,-4.18
NIFTY 50,2023-05-02,18124.8,18180.25,18101.75,18147.65,10.9475,12.0625,10.9475,11.8975,10.9475,0.95,8.68
NIFTY 50,2023-05-03,18113.8,18116.35,18042.4,18089.85,11.8975,12.25,11.13,11.84,11.8975,-0.06,-0.48
NIFTY 50,2023-05-04,18081.0,18267.45,18066.7,18255.8,11.84,12.03,11.185,11.7325,11.84,-0.11,-0.91
NIFTY 50,2023-05-05,18117.3,18216.95,18055.45,18069.0,11.7325,12.375,11.53,12.295,11.7325,0.56,4.79
NIFTY 50,2023-05-08,18120.6,18286.95,18100.3,18264.4,12.295,12.91,11.7225,12.635,12.295,0.34,2.77
NIFTY 50,2023-05-09,18303.4,18344.2,18229.65,18265.95,12.635,12.815,11.6575,12.6775,12.635,0.04,0.34
NIFTY 50,2023-05-10,18313.6,18326.75,18211.95,18315.1,12.6775,13.2975,11.5425,13.0825,12.6775,0.41,3.19
NIFTY 50,2023-05-11,18357.8,18389.7,18270.4,18297.0,13.0825,13.74,12.815,13.215,13.0825,0.13,1.01
NIFTY 50,2023-05-12,18273.75,18342.75,18194.55,18314.8,13.215,13.51,12.7375,12.8525,13.215,-0.36,-2.74
NIFTY 50,2023-05-15,18339.3,18458.9,18287.9,18398.85,12.8525,13.615,12.5375,13.1725,12.8525,0.32,2.49
NIFTY 50,2023-05-16,18432.35,18432.35,18264.35,18286.5,13.1725,13.485,11.71,13.2925,13.1725,0.12,0.91
NIFTY 50,2023-05-17,18300.45,18309.0,18115.35,18181.75,13.2925,13.58,11.895,13.105,13.2925,-0.19,-1.41
NIFTY 50,2023-05-18,18287.5,18297.2,18104.85,18129.95,13.105,13.105,11.1375,12.795,13.105,-0.31,-2.37
NIFTY 50,2023-05-19,18186.15,18218.1,18060.4,18203.4,12.795,12.82,11.6875,12.3025,12.795,-0.49,-3.85
NIFTY 50,2023-05-22,18201.1,18335.25,18178.85,18314.4,12.3025,12.82,11.555,12.57,12.3025,0.27,2.17
NIFTY 50,2023-05-23,18362.9,18419.75,18324.2,18348.0,12.57,13.075,12.3175,12.605,12.57,0.04,0.28
NIFTY 50,2023-05-24,18294.8,18392.6,18262.95,18285.4,12.605,13.4375,12.41,13.1125,12.605,0.51,4.03
NIFTY 50,2023-05-25,18268.9,18338.1,18202.4,18321.15,13.1125,13.1325,8.1825,12.52,13.1125,-0.59,-4.52
NIFTY 50,2023-05-26,18368.35,18508.55,18333.15,18499.35,12.52,12.8575,11.7,11.9,12.52,-0.62,-4.95
NIFTY 50,2023-05-29,18619.15,18641.2,18581.25,18598.65,11.9,12.4925,8.8075,12.2975,11.9,0.4,3.34
NIFTY 50,2023-05-30,18606.65,18662.45,18575.5,18633.85,12.2975,12.38,11.7675,12.01,12.2975,-0.29,-2.34
NIFTY 50,2023-05-31,18594.2,18603.9,18483.85,18534.4,12.01,12.4675,11.58,11.9725,12.01,-0.04,-0.31
NIFTY 50,2023-06-01,18579.4,18580.3,18464.55,18487.75,11.9725,11.9725,11.22,11.5975,11.9725,-0.38,-3.13
NIFTY 50,2023-06-02,18550.85,18573.7,18478.4,18534.1,11.5975,11.735,10.86,11.125,11.5975,-0.47,-4.07
NIFTY 50,2023-06-05,18612.0,18640.15,18582.8,18593.85,11.125,11.335,10.3225,11.1375,11.125,0.01,0.11
NIFTY 50,2023-06-06,18600.8,18622.75,18531.6,18599.0,11.1375,11.6175,10.465,11.38,11.1375,0.24,2.18
NIFTY 50,2023-06-07,18665.6,18738.95,18636.0,18726.4,11.38,11.5375,9.6375,11.4425,11.38,0.06,0.55
NIFTY 50,2023-06-08,18725.35,18777.9,18615.6,18634.55,11.4425,11.5675,10.13,11.2575,11.4425,-0.19,-1.62
NIFTY 50,2023-06-09,18655.9,18676.65,18555.4,18563.4,11.2575,11.2975,10.3075,11.12,11.2575,-0.14,-1.22
NIFTY 50,2023-06-12,18595.05,18633.6,18559.75,18601.5,11.12,11.8025,10.5825,11.245,11.12,0.13,1.12
NIFTY 50,2023-06-13,18631.8,18728.9,18631.8,18716.15,11.245,11.25,9.99,11.11,11.245,-0.14,-1.2
NIFTY 50,2023-06-14,18744.6,18769.7,18690.0,18755.9,11.11,11.3675,10.6325,11.1625,11.11,0.05,0.47
NIFTY 50,2023-06-15,18774.45,18794.1,18669.05,18688.1,11.1625,11.37,9.6925,11.08,11.1625,-0.08,-0.74
NIFTY 50,2023-06-16,18723.3,18864.7,18710.5,18826.0,11.08,11.08,10.5575,10.84,11.08,-0.24,-2.17
NIFTY 50,2023-06-19,18873.3,18881.45,18719.15,18755.45,10.84,11.4975,10.33,11.225,10.84,0.39,3.55
NIFTY 50,2023-06-20,18752.35,18839.7,18660.65,18816.7,11.225,11.4375,10.5675,11.1325,11.225,-0.09,-0.82
NIFTY 50,2023-06-21,18849.4,18875.9,18794.85,18856.85,11.1325,11.4325,10.77,11.2925,11.1325,0.16,1.44
NIFTY 50,2023-06-22,18853.6,18886.6,18759.5,18771.25,11.2925,11.7125,10.6925,11.5475,11.2925,0.26,2.26
NIFTY 50,2023-06-23,18741.85,18756.4,18647.1,18665.5,11.5475,11.8375,11.1425,11.235,11.5475,-0.31,-2.71
NIFTY 50,2023-06-26,18682.35,18722.05,18646.7,18691.2,11.235,11.925,11.235,11.395,11.235,0.16,1.42
NIFTY 50,2023-06-27,18748.55,18829.25,18714.25,18817.4,11.395,11.4225,10.6925,10.7775,11.395,-0.62,-5.42
NIFTY 50,2023-06-28,18908.15,19011.25,18861.35,18972.1,10.7775,11.535,10.6525,10.8875,10.7775,0.11,1.02
NIFTY 50,2023-06-30,19076.85,19201.7,19024.6,19189.05,10.8875,11.215,10.07,10.8,10.8875,-0.09,-0.8
NIFTY 50,2023-07-03,19246.5,19345.1,19234.4,19322.55,10.8,12.03,10.8,11.54,10.8,0.74,6.85
NIFTY 50,2023-07-04,19406.6,19434.15,19300.0,19389.0,11.54,11.99,11.5225,11.7,11.54,0.16,1.39
NIFTY 50,2023-07-05,19405.95,19421.6,19339.6,19398.5,11.7,12.21,11.5675,11.8825,11.7,0.18,1.56
NIFTY 50,2023-07-06,19385.7,19512.2,19373.0,19497.3,11.8825,12.205,11.7775,11.84,11.8825,-0.04,-0.36
NIFTY 50,2023-07-07,19422.8,19523.6,19303.6,19331.8,11.84,12.0725,11.08,11.5325,11.84,-0.31,-2.6
NIFTY 50,2023-07-10,19400.35,19435.85,19327.1,19355.9,11.5325,12.01,11.36,11.4625,11.5325,-0.07,-0.61
NIFTY 50,2023-07-11,19427.1,19515.1,19406.45,19439.4,11.4625,11.4625,10.945,11.0125,11.4625,-0.45,-3.93
NIFTY 50,2023-07-12,19497.45,19507.7,19361.75,19384.3,11.0125,11.2,10.72,10.935,11.0125,-0.08,-0.7
NIFTY 50,2023-07-13,19495.2,19567.0,19385.8,19413.75,10.935,11.1725,10.695,10.9375,10.935,0.0,0.02
NIFTY 50,2023-07-14,19493.45,19595.35,19433.5,19564.5,10.9375,10.9375,10.6125,10.6825,10.9375,-0.26,-2.33
NIFTY 50,2023-07-17,19612.15,19731.85,19562.95,19711.45,10.6825,11.3975,9.8575,11.315,10.6825,0.63,5.92
NIFTY 50,2023-07-18,19787.5,19819.45,19690.2,19749.25,11.315,12.02,11.0675,11.71,11.315,0.4,3.49
NIFTY 50,2023-07-19,19802.95,19851.7,19727.45,19833.15,11.71,11.9375,11.54,11.6,11.71,-0.11,-0.94
NIFTY 50,2023-07-20,19831.7,19991.85,19758.4,19979.15,11.6,12.255,11.37,11.785,11.6,0.19,1.59
NIFTY 50,2023-07-21,19800.45,19887.4,19700.0,19745.0,11.785,12.0325,11.06,11.485,11.785,-0.3,-2.55
NIFTY 50,2023-07-24,19748.45,19782.75,19658.3,19672.35,11.485,11.995,10.5375,11.6525,11.485,0.17,1.46
NIFTY 50,2023-07-25,19729.35,19729.35,19615.95,19680.6,11.6525,11.6525,10.1125,10.2425,11.6525,-1.41,-12.1
NIFTY 50,2023-07-26,19733.35,19825.6,19716.7,19778.3,10.2425,10.8625,10.2175,10.4575,10.2425,0.22,2.1
NIFTY 50,2023-07-27,19850.9,19867.55,19603.55,19659.9,10.4575,10.9825,9.8875,10.5125,10.4575,0.06,0.53
NIFTY 50,2023-07-28,19659.75,19695.9,19563.1,19646.05,10.5125,10.81,10.035,10.135,10.5125,-0.38,-3.59
NIFTY 50,2023-07-31,19666.35,19772.75,19597.6,19753.8,10.135,11.1875,10.135,10.4125,10.135,0.28,2.74
NIFTY 50,2023-08-01,19784.0,19795.6,19704.6,19733.55,10.4125,10.7025,10.195,10.2825,10.4125,-0.13,-1.25
NIFTY 50,2023-08-02,19655.4,19678.25,19423.55,19526.55,10.2825,11.805,9.95,11.2775,10.2825,1.0,9.68
NIFTY 50,2023-08-03,19463.75,19537.65,19296.45,19381.65,11.2775,11.96,10.9825,11.185,11.2775,-0.09,-0.82
NIFTY 50,2023-08-04,19462.8,19538.85,19436.45,19517.0,11.185,11.185,10.4825,10.5725,11.185,-0.61,-5.48
NIFTY 50,2023-08-07,19576.85,19620.45,19524.8,19597.3,10.5725,11.4175,10.4025,11.1025,10.5725,0.53,5.01
NIFTY 50,2023-08-08,19627.2,19634.4,19533.1,19570.85,11.1025,11.53,11.1025,11.325,11.1025,0.22,2.0
NIFTY 50,2023-08-09,19578.8,19645.5,19467.5,19632.55,11.325,11.765,10.485,11.14,11.325,-0.19,-1.63
NIFTY 50,2023-08-10,19605.55,19623.6,19495.4,19543.1,11.14,11.91,10.6275,11.4,11.14,0.26,2.33
NIFTY 50,2023-08-11,19554.25,19557.75,19412.75,19428.3,11.4,11.865,11.355,11.5225,11.4,0.12,1.07
NIFTY 50,2023-08-14,19383.95,19465.85,19257.9,19434.55,11.5225,12.755,10.4775,11.995,11.5225,0.47,4.1
NIFTY 50,2023-08-16,19369.0,19482.75,19317.2,19465.0,11.995,12.6825,11.995,12.125,11.995,0.13,1.08
NIFTY 50,2023-08-17,19450.55,19461.55,19326.25,19365.25,12.125,12.665,12.1125,12.24,12.125,0.12,0.95
NIFTY 50,2023-08-18,19301.75,19373.8,19253.6,19310.15,12.24,12.4925,10.7875,12.1425,12.24,-0.1,-0.8
NIFTY 50,2023-08-21,19320.65,19425.95,19296.3,19393.6,12.1425,12.59,11.1725,11.96,12.1425,-0.18,-1.5
NIFTY 50,2023-08-22,19417.1,19443.5,19381.3,19396.45,11.96,12.085,11.59,11.7475,11.96,-0.21,-1.78
NIFTY 50,2023-08-23,19439.2,19472.05,19366.6,19444.0,11.7475,11.885,10.3075,11.7275,11.7475,-0.02,-0.17
NIFTY 50,2023-08-24,19535.15,19584.45,19369.0,19386.7,11.7275,12.235,10.1975,11.7,11.7275,-0.03,-0.23
NIFTY 50,2023-08-25,19297.4,19339.55,19229.7,19265.8,11.7,12.2425,9.98,12.0825,11.7,0.38,3.27
NIFTY 50,2023-08-28,19298.35,19366.85,19249.7,19306.05,12.0825,12.72,9.5,12.3975,12.0825,0.32,2.61
NIFTY 50,2023-08-29,19374.85,19377.9,19309.1,19342.65,12.3975,12.4625,10.6475,12.225,12.3975,-0.17,-1.39
NIFTY 50,2023-08-30,19433.45,19452.8,19334.75,19347.45,12.225,12.2425,11.4625,11.8,12.225,-0.43,-3.48
NIFTY 50,2023-08-31,19375.55,19388.2,19223.65,19253.8,11.8,12.28,11.76,12.0625,11.8,0.26,2.22
NIFTY 50,2023-09-01,19258.15,19458.55,19255.7,19435.3,12.0625,12.18,10.4075,11.365,12.0625,-0.7,-5.78
NIFTY 50,2023-09-04,19525.05,19545.15,19432.85,19528.8,11.365,11.5425,10.86,10.9625,11.365,-0.4,-3.54
NIFTY 50,2023-09-05,19564.65,19587.05,19525.75,19574.9,10.9625,11.085,9.365,10.815,10.9625,-0.15,-1.35
NIFTY 50,2023-09-06,19581.2,19636.45,19491.5,19611.05,10.815,10.975,9.805,10.6775,10.815,-0.14,-1.27
NIFTY 50,2023-09-07,19598.65,19737.0,19550.05,19727.05,10.6775,11.025,9.8,10.8725,10.6775,0.2,1.83
NIFTY 50,2023-09-08,19774.8,19867.15,19728.05,19819.95,10.8725,10.97,10.0775,10.78,10.8725,-0.09,-0.85
NIFTY 50,2023-09-11,19890.0,20008.15,19865.35,19996.35,10.78,11.5,10.3375,11.3475,10.78,0.57,5.26
NIFTY 50,2023-09-12,20110.15,20110.35,19914.65,19993.2,11.3475,12.0225,10.7125,11.69,11.3475,0.34,3.02
NIFTY 50,2023-09-13,19989.5,20096.9,19944.1,20070.0,11.69,12.0475,11.535,11.8275,11.69,0.14,1.18
NIFTY 50,2023-09-14,20127.95,20167.65,20043.45,20103.1,11.8275,12.0425,11.21,11.3175,11.8275,-0.51,-4.31
NIFTY 50,2023-09-15,20156.45,20222.45,20129.7,20192.35,11.3175,11.32,10.0725,10.9025,11.3175,-0.42,-3.67
NIFTY 50,2023-09-18,20155.95,20195.35,20115.7,20133.3,10.9025,11.4075,10.45,10.835,10.9025,-0.07,-0.62
NIFTY 50,2023-09-20,19980.75,20050.65,19878.85,19901.4,10.835,11.47,10.835,11.1275,10.835,0.29,2.7
NIFTY 50,2023-09-21,19840.55,19848.75,19709.95,19742.35,11.1275,11.39,10.62,10.8175,11.1275,-0.31,-2.79
NIFTY 50,2023-09-22,19744.85,19798.65,19657.5,19674.25,10.8175,11.0725,10.3925,10.66,10.8175,-0.16,-1.46
NIFTY 50,2023-09-25,19678.2,19734.15,19601.55,19674.55,10.66,11.305,10.2725,10.9,10.66,0.24,2.25
NIFTY 50,2023-09-26,19682.8,19699.35,19637.45,19664.7,10.9,11.29,9.2475,11.185,10.9,0.29,2.61
NIFTY 50,2023-09-27,19637.05,19730.7,19554.0,19716.45,11.185,11.8225,9.39,11.585,11.185,0.4,3.58
NIFTY 50,2023-09-28,19761.8,19766.65,19492.1,19523.55,11.585,13.0225,9.3975,12.8225,11.585,1.24,10.68
NIFTY 50,2023-09-29,19581.2,19726.25,19551.05,19638.3,12.8225,12.8225,11.3075,11.4525,12.8225,-1.37,-10.68
NIFTY 50,2023-10-03,19622.4,19623.2,19479.65,19528.75,11.4525,12.4075,10.775,11.7875,11.4525,0.34,2.93
NIFTY 50,2023-10-04,19446.3,19457.8,19333.6,19436.1,11.7875,12.22,11.115,11.655,11.7875,-0.13,-1.12
NIFTY 50,2023-10-05,19521.85,19576.95,19487.3,19545.75,11.655,11.655,10.8425,10.94,11.655,-0.72,-6.13
NIFTY 50,2023-10-06,19621.2,19675.75,19589.4,19653.5,10.94,10.94,9.73,10.3,10.94,-0.64,-5.85
NIFTY 50,2023-10-09,19539.45,19588.95,19480.5,19512.35,10.3,11.6325,10.12,11.4,10.3,1.1,10.68
NIFTY 50,2023-10-10,19565.6,19717.8,19565.45,19689.85,11.4,11.4,10.855,11.27,11.4,-0.13,-1.14
NIFTY 50,2023-10-11,19767.0,19839.2,19756.95,19811.35,11.27,11.3225,10.39,10.985,11.27,-0.29,-2.53
NIFTY 50,2023-10-12,19822.7,19843.3,19772.65,19794.0,10.985,11.1175,10.565,10.6175,10.985,-0.37,-3.35
NIFTY 50,2023-10-13,19654.55,19805.4,19635.3,19751.05,10.6175,11.025,10.4025,10.6175,10.6175,0.0,0.0
NIFTY 50,2023-10-16,19737.25,19781.3,19691.85,19731.75,10.6175,11.1525,9.1525,11.07,10.6175,0.45,4.26
NIFTY 50,2023-10-17,19843.2,19849.75,19775.65,19811.5,11.07,11.07,10.4275,10.695,11.07,-0.38,-3.39
NIFTY 50,2023-10-18,19820.45,19840.95,19659.95,19671.1,10.695,11.17,10.485,10.965,10.695,0.27,2.52
NIFTY 50,2023-10-19,19545.2,19681.8,19512.35,19624.7,10.965,11.2125,10.0475,10.8975,10.965,-0.07,-0.62
NIFTY 50,2023-10-20,19542.15,19593.8,19518.7,19542.65,10.8975,11.09,10.075,10.8175,10.8975,-0.08,-0.73
NIFTY 50,2023-10-23,19521.6,19556.85,19257.85,19281.75,10.8175,11.3575,8.825,10.905,10.8175,0.09,0.81
NIFTY 50,2023-10-25,19286.45,19347.3,19074.15,19122.15,10.905,12.1775,9.965,11.3125,10.905,0.41,3.74
NIFTY 50,2023-10-26,19027.25,19041.7,18837.85,18857.25,11.3125,12.7,11.3125,11.73,11.3125,0.42,3.69
NIFTY 50,2023-10-27,18928.75,19076.15,18926.65,19047.25,11.73,12.305,10.6725,10.905,11.73,-0.83,-7.03
NIFTY 50,2023-10-30,19053.4,19158.5,18940.0,19140.9,10.905,12.1925,10.905,11.49,10.905,0.59,5.36
NIFTY 50,2023-10-31,19232.95,19233.7,19056.45,19079.6,11.49,12.285,11.2625,11.825,11.49,0.34,2.92
NIFTY 50,2023-11-01,19064.05,19096.05,18973.7,18989.15,11.825,12.195,11.825,12.0475,11.825,0.22,1.88
NIFTY 50,2023-11-02,19120.0,19175.25,19064.15,19133.25,12.0475,12.0475,10.9475,11.075,12.0475,-0.97,-8.07
NIFTY 50,2023-11-03,19241.0,19276.25,19210.9,19230.6,11.075,11.075,10.635,10.8825,11.075,-0.19,-1.74
NIFTY 50,2023-11-06,19345.85,19423.0,19309.7,19411.75,10.8825,11.28,10.38,11.105,10.8825,0.22,2.04
NIFTY 50,2023-11-07,19404.05,19423.5,19329.1,19406.7,11.105,12.1775,11.0,11.1925,11.105,0.09,0.79
NIFTY 50,2023-11-08,19449.6,19464.4,19401.5,19443.5,11.1925,11.3325,10.63,11.0375,11.1925,-0.16,-1.38
NIFTY 50,2023-11-09,19457.4,19463.9,19378.35,19395.3,11.0375,11.2525,10.37,10.9825,11.0375,-0.06,-0.5
NIFTY 50,2023-11-10,19351.85,19451.3,19329.45,19425.35,10.9825,11.3575,9.86,11.1075,10.9825,0.13,1.14
NIFTY 50,2023-11-12,19547.25,19547.25,19510.25,19525.55,11.1075,11.54,9.7525,11.3475,11.1075,0.24,2.16
NIFTY 50,2023-11-13,19486.75,19494.4,19414.75,19443.55,11.3475,11.6325,10.5025,11.1875,11.3475,-0.16,-1.41
NIFTY 50,2023-11-15,19651.4,19693.2,19579.65,19675.45,11.1875,11.4175,8.395,11.135,11.1875,-0.05,-0.47
NIFTY 50,2023-11-16,19674.7,19875.25,19627.0,19765.2,11.135,11.8075,10.6175,11.6475,11.135,0.51,4.6
NIFTY 50,2023-11-17,19674.75,19806.0,19667.45,19731.8,11.6475,12.09,10.19,11.8275,11.6475,0.18,1.55
NIFTY 50,2023-11-20,19731.15,19756.45,19670.5,19694.0,11.8275,12.67,11.2,12.1475,11.8275,0.32,2.71
NIFTY 50,2023-11-21,19770.9,19829.1,19754.05,19783.4,12.1475,12.435,10.755,12.2325,12.1475,0.09,0.7
NIFTY 50,2023-11-22,19784.0,19825.55,19703.85,19811.85,12.2325,12.7075,11.0225,11.865,12.2325,-0.37,-3.0
NIFTY 50,2023-11-23,19828.45,19875.15,19786.75,19802.0,11.865,12.14,10.975,11.315,11.865,-0.55,-4.64
NIFTY 50,2023-11-24,19809.6,19832.85,19768.85,19794.7,11.315,11.465,8.6775,11.33,11.315,0.02,0.13
NIFTY 50,2023-11-28,19844.65,19916.85,19800.0,19889.7,11.33,12.4925,11.065,12.175,11.33,0.85,7.46
NIFTY 50,2023-11-29,19976.55,20104.65,19956.3,20096.6,12.175,14.46,11.3325,12.7075,12.175,0.53,4.37
NIFTY 50,2023-11-30,20108.5,20158.7,20015.85,20133.15,12.7075,13.3525,11.7625,12.69,12.7075,-0.02,-0.14
NIFTY 50,2023-12-01,20194.1,20291.55,20183.7,20267.9,12.69,12.755,11.7775,12.3825,12.69,-0.31,-2.42
NIFTY 50,2023-12-04,20601.95,20702.65,20507.75,20686.8,12.3825,13.16,11.34,12.9925,12.3825,0.61,4.93
NIFTY 50,2023-12-05,20808.9,20864.05,20711.15,20855.1,12.9925,13.8825,11.475,13.4575,12.9925,0.47,3.58
NIFTY 50,2023-12-06,20950.75,20961.95,20852.15,20937.7,13.4575,14.0875,12.6875,13.74,13.4575,0.28,2.1
NIFTY 50,2023-12-07,20932.4,20941.25,20850.8,20901.15,13.74,13.74,12.545,12.6725,13.74,-1.07,-7.77
NIFTY 50,2023-12-08,20934.1,21006.1,20862.7,20969.4,12.6725,12.875,12.135,12.47,12.6725,-0.2,-1.6
NIFTY 50,2023-12-11,20965.3,21026.1,20923.7,20997.1,12.47,13.1225,12.2275,12.7575,12.47,0.29,2.31
NIFTY 50,2023-12-12,21018.55,21037.9,20867.15,20906.4,12.7575,12.8675,11.6925,12.7125,12.7575,-0.05,-0.35
NIFTY 50,2023-12-13,20929.75,20950.0,20769.5,20926.35,12.7125,12.8175,11.54,12.065,12.7125,-0.65,-5.09
NIFTY 50,2023-12-14,21110.4,21210.9,21074.45,21182.7,12.065,12.5125,11.0,12.32,12.065,0.26,2.11
NIFTY 50,2023-12-15,21287.45,21492.3,21235.3,21456.65,12.32,13.3425,10.8,13.1275,12.32,0.81,6.55
NIFTY 50,2023-12-18,21434.8,21482.8,21365.35,21418.65,13.1275,14.1175,13.125,13.9,13.1275,0.77,5.88
NIFTY 50,2023-12-19,21477.65,21505.05,21337.75,21453.1,13.9,14.12,13.5525,13.8675,13.9,-0.03,-0.23
NIFTY 50,2023-12-20,21543.5,21593.0,21087.35,21150.15,13.8675,14.87,12.7775,14.45,13.8675,0.58,4.2
NIFTY 50,2023-12-21,21033.95,21288.35,20976.8,21255.05,14.45,15.01,12.2825,13.7575,14.45,-0.69,-4.79
NIFTY 50,2023-12-22,21295.85,21390.5,21232.45,21349.4,13.7575,13.9875,12.225,13.7075,13.7575,-0.05,-0.36
NIFTY 50,2023-12-26,21365.2,21477.15,21329.45,21441.35,13.7075,14.95,13.7075,14.6775,13.7075,0.97,7.08
NIFTY 50,2023-12-27,21497.65,21675.75,21495.8,21654.75,14.6775,15.7325,14.47,15.5575,14.6775,0.88,6.0
NIFTY 50,2023-12-28,21715.0,21801.45,21678.0,21778.7,15.5575,16.47,14.9625,15.14,15.5575,-0.42,-2.68
NIFTY 50,2023-12-29,21737.65,21770.3,21676.9,21731.4,15.14,15.4275,14.3725,14.5025,15.14,-0.64,-4.21
NIFTY 50,2024-01-01,21727.75,21834.35,21680.85,21741.9,14.5025,14.8675,14.3275,14.68,14.5025,0.18,1.22
NIFTY 50,2024-01-02,21751.35,21755.6,21555.65,21665.8,14.68,15.08,14.2425,14.58,14.68,-0.1,-0.68
NIFTY 50,2024-01-03,21661.1,21677.0,21500.35,21517.35,14.58,14.78,14.0225,14.0975,14.58,-0.48,-3.31
NIFTY 50,2024-01-04,21605.8,21685.65,21564.55,21658.6,14.0975,14.2075,13.2125,13.33,14.0975,-0.77,-5.44
NIFTY 50,2024-01-05,21705.75,21749.6,21629.2,21710.8,13.33,13.4675,12.4875,12.63,13.33,-0.7,-5.25
NIFTY 50,2024-01-08,21747.6,21763.95,21492.9,21513.0,12.63,13.595,12.63,13.4625,12.63,0.83,6.59
NIFTY 50,2024-01-09,21653.6,21724.45,21517.85,21544.85,13.4625,13.505,12.775,13.2625,13.4625,-0.2,-1.49
NIFTY 50,2024-01-10,21529.3,21641.85,21448.65,21618.7,13.2625,14.5575,12.81,12.97,13.2625,-0.29,-2.21
NIFTY 50,2024-01-11,21688.0,21726.5,21593.75,21647.2,12.97,13.19,12.63,12.7675,12.97,-0.2,-1.56
NIFTY 50,2024-01-12,21773.55,21928.25,21715.15,21894.55,12.7675,13.285,12.42,13.1,12.7675,0.33,2.6
NIFTY 50,2024-01-15,22053.15,22115.55,21963.55,22097.45,13.1,13.885,11.7875,13.785,13.1,0.69,5.23
NIFTY 50,2024-01-16,22080.5,22124.15,21969.8,22032.3,13.785,14.0425,12.485,13.5725,13.785,-0.21,-1.54
NIFTY 50,2024-01-17,21647.25,21851.5,21550.45,21571.95,13.5725,15.23,12.715,15.08,13.5725,1.51,11.11
NIFTY 50,2024-01-18,21414.2,21539.4,21285.55,21462.25,15.08,15.705,12.98,14.07,15.08,-1.01,-6.7
NIFTY 50,2024-01-19,21615.2,21670.6,21575.0,21622.4,14.07,14.1125,13.6775,13.8775,14.07,-0.19,-1.37
NIFTY 50,2024-01-20,21706.15,21720.3,21541.8,21571.8,13.8775,14.2475,13.0975,13.8025,13.8775,-0.08,-0.54
NIFTY 50,2024-01-23,21716.7,21750.25,21192.6,21238.8,13.8025,15.405,12.195,14.8525,13.8025,1.05,7.61
NIFTY 50,2024-01-24,21185.25,21482.35,21137.2,21453.95,14.8525,15.6475,14.03,14.375,14.8525,-0.48,-3.21
NIFTY 50,2024-01-25,21454.6,21459.0,21247.05,21352.6,14.375,15.3375,13.36,13.865,14.375,-0.51,-3.55
NIFTY 50,2024-01-29,21433.1,21763.25,21429.6,21737.6,13.865,15.8475,13.795,15.68,13.865,1.82,13.09
NIFTY 50,2024-01-30,21775.75,21813.05,21501.8,21522.1,15.68,16.575,14.9875,16.1025,15.68,0.42,2.69
NIFTY 50,2024-01-31,21487.25,21741.35,21448.85,21725.7,16.1025,16.5325,15.8,16.0475,16.1025,-0.06,-0.34
NIFTY 50,2024-02-01,21780.65,21832.95,21658.75,21697.45,16.0475,16.1075,14.36,14.455,16.0475,-1.59,-9.92
NIFTY 50,2024-02-02,21812.75,22126.8,21805.55,21853.8,14.455,15.1325,14.025,14.6975,14.455,0.24,1.68
NIFTY 50,2024-02-05,21921.05,21964.3,21726.95,21771.7,14.6975,16.05,14.6975,15.6175,14.6975,0.92,6.26
NIFTY 50,2024-02-06,21825.2,21951.4,21737.55,21929.4,15.6175,15.9825,15.0875,15.785,15.6175,0.17,1.07
NIFTY 50,2024-02-07,22045.05,22053.3,21860.15,21930.5,15.785,16.0175,14.74,15.505,15.785,-0.28,-1.77
NIFTY 50,2024-02-08,22009.65,22011.05,21665.3,21717.95,15.505,16.0275,15.2425,15.8275,15.505,0.32,2.08
NIFTY 50,2024-02-09,21727.0,21804.45,21629.9,21782.5,15.8275,16.3325,15.265,15.4475,15.8275,-0.38,-2.4
NIFTY 50,2024-02-12,21800.8,21831.7,21574.75,21616.05,15.4475,16.535,15.4475,16.0625,15.4475,0.62,3.98
NIFTY 50,2024-02-13,21664.3,21766.8,21543.35,21743.25,16.0625,16.57,15.7525,15.8075,16.0625,-0.26,-1.59
NIFTY 50,2024-02-14,21578.15,21870.85,21530.2,21840.05,15.8075,16.1975,15.34,15.435,15.8075,-0.37,-2.36
NIFTY 50,2024-02-15,21906.55,21953.85,21794.8,21910.75,15.435,15.6625,15.1125,15.225,15.435,-0.21,-1.36
NIFTY 50,2024-02-16,22020.3,22068.65,21968.95,22040.7,15.225,15.5525,14.9025,15.2225,15.225,0.0,-0.02
NIFTY 50,2024-02-19,22103.45,22186.65,22021.05,22122.25,15.2225,16.1175,13.7,16.0175,15.2225,0.8,5.22
NIFTY 50,2024-02-20,22099.2,22215.6,22045.85,22196.95,16.0175,16.36,14.2125,16.0725,16.0175,0.06,0.34
NIFTY 50,2024-02-21,22248.85,22249.4,21997.95,22055.05,16.0725,16.31,15.68,15.9275,16.0725,-0.15,-0.9
NIFTY 50,2024-02-22,22081.55,22252.5,21875.25,22217.45,15.9275,16.15,15.1325,15.1975,15.9275,-0.73,-4.58
NIFTY 50,2024-02-23,22290.0,22297.5,22186.1,22212.7,15.1975,15.4425,14.84,14.9725,15.1975,-0.23,-1.48
NIFTY 50,2024-02-26,22169.2,22202.15,22075.15,22122.05,14.9725,15.96,13.7575,15.6,14.9725,0.63,4.19
NIFTY 50,2024-02-27,22090.2,22218.25,22085.65,22198.35,15.6,15.9975,15.53,15.7275,15.6,0.13,0.82
NIFTY 50,2024-02-28,22214.1,22229.15,21915.85,21951.15,15.7275,16.74,15.31,16.33,15.7275,0.6,3.83
NIFTY 50,2024-02-29,21935.2,22060.55,21860.65,21982.8,16.33,16.5525,15.37,15.5725,16.33,-0.76,-4.64
NIFTY 50,2024-03-01,22048.3,22353.3,22047.75,22338.75,15.5725,15.6425,15.0,15.235,15.5725,-0.34,-2.17
NIFTY 50,2024-03-04,22403.5,22440.9,22358.3,22405.6,14.9925,15.3025,14.8225,14.9225,14.9925,-0.07,-0.47
NIFTY 50,2024-03-05,22371.25,22416.9,22269.15,22356.3,14.9225,15.165,14.1775,14.38,14.9225,-0.54,-3.64
NIFTY 50,2024-03-06,22327.5,22497.2,22224.35,22474.05,14.38,14.71,13.905,14.295,14.38,-0.09,-0.59
NIFTY 50,2024-03-07,22505.3,22525.65,22430.0,22493.55,14.295,14.4325,13.56,13.6125,14.295,-0.68,-4.77
NIFTY 50,2024-03-11,22517.5,22526.6,22307.25,22332.65,13.6125,14.5525,13.6125,13.995,13.6125,0.38,2.81
NIFTY 50,2024-03-12,22334.45,22452.55,22256.0,22335.7,13.995,14.195,13.5775,13.6375,13.995,-0.36,-2.55
NIFTY 50,2024-03-13,22432.2,22446.75,21905.65,21997.7,13.6375,15.005,13.5325,14.4325,13.6375,0.8,5.83
NIFTY 50,2024-03-14,21982.55,22204.6,21917.5,22146.65,14.4325,14.6825,13.5225,13.6225,14.4325,-0.81,-5.61
NIFTY 50,2024-03-15,22064.85,22120.9,21931.7,22023.35,13.6225,14.3325,13.59,13.69,13.6225,0.07,0.5
NIFTY 50,2024-03-18,21990.1,22123.7,21916.55,22055.7,13.69,14.615,13.69,13.895,13.69,0.21,1.5
NIFTY 50,2024-03-19,21946.45,21978.3,21793.1,21817.45,13.895,14.445,13.875,14.1125,13.895,0.22,1.57
NIFTY 50,2024-03-20,21843.9,21930.9,21710.2,21839.1,14.1125,14.2825,13.085,13.4725,14.1125,-0.64,-4.53
NIFTY 50,2024-03-21,21989.9,22080.95,21941.3,22011.95,13.4725,13.4725,12.3425,12.5125,13.4725,-0.96,-7.13
NIFTY 50,2024-03-22,21932.2,22180.7,21883.3,22096.75,12.5125,13.0475,11.81,12.22,12.5125,-0.29,-2.34
NIFTY 50,2024-03-26,21947.9,22073.2,21947.55,22004.7,12.22,13.1025,12.085,12.82,12.22,0.6,4.91
NIFTY 50,2024-03-27,22053.95,22193.6,22052.85,22123.65,12.82,13.01,12.5325,12.7025,12.82,-0.12,-0.92
NIFTY 50,2024-03-28,22163.6,22516.0,22163.6,22326.9,12.7025,13.18,12.26,12.8325,12.7025,0.13,1.02
NIFTY 50,2024-04-01,22455.0,22529.95,22427.75,22462.0,12.8325,13.3575,12.005,12.0825,12.8325,-0.75,-5.84
NIFTY 50,2024-04-02,22458.8,22497.6,22388.15,22453.3,12.0825,12.305,11.5975,11.6525,12.0825,-0.43,-3.56
NIFTY 50,2024-04-03,22385.7,22521.1,22346.5,22434.65,11.6525,11.8275,11.3125,11.3725,11.6525,-0.28,-2.4
NIFTY 50,2024-04-04,22592.1,22619.0,22303.8,22514.65,11.3725,11.8375,10.86,11.22,11.3725,-0.15,-1.34
NIFTY 50,2024-04-05,22486.4,22537.6,22427.6,22513.7,11.22,11.6825,11.035,11.3375,11.22,0.12,1.05
NIFTY 50,2024-04-08,22578.35,22697.3,22550.35,22666.3,11.3375,11.7425,11.1325,11.61,11.3375,0.27,2.4
NIFTY 50,2024-04-09,22765.1,22768.4,22612.25,22642.75,11.61,11.6125,10.6175,11.355,11.61,-0.26,-2.2
NIFTY 50,2024-04-10,22720.25,22775.7,22673.7,22753.8,11.355,11.355,10.985,11.1075,11.355,-0.25,-2.18
NIFTY 50,2024-04-12,22677.4,22726.45,22503.75,22519.4,11.1075,11.605,11.1075,11.5325,11.1075,0.43,3.83
NIFTY 50,2024-04-15,22339.05,22427.45,22259.55,22272.5,11.5325,12.7375,11.3075,12.4675,11.5325,0.94,8.11
NIFTY 50,2024-04-16,22125.3,22213.75,22079.45,22147.9,12.4675,12.925,12.34,12.615,12.4675,0.15,1.18
NIFTY 50,2024-04-18,22212.35,22326.5,21961.7,21995.85,12.615,13.3875,12.0275,13.04,12.615,0.43,3.37
NIFTY 50,2024-04-19,21861.5,22179.55,21777.65,22147.0,13.04,14.4125,11.915,13.4575,13.04,0.42,3.2
NIFTY 50,2024-04-22,22336.9,22375.65,22198.15,22336.4,13.4575,13.4575,12.6125,12.7,13.4575,-0.76,-5.63
NIFTY 50,2024-04-23,22447.05,22447.55,22349.45,22368.0,12.7,12.7,9.8575,10.195,12.7,-2.51,-19.72
NIFTY 50,2024-04-24,22421.55,22476.45,22384.0,22402.4,10.195,11.1325,9.945,10.275,10.195,0.08,0.78
NIFTY 50,2024-04-25,22316.9,22625.95,22305.25,22570.35,10.275,11.4575,10.26,10.73,10.275,0.46,4.43
NIFTY 50,2024-04-26,22620.4,22620.4,22385.55,22419.95,10.73,11.315,10.5875,10.925,10.73,0.2,1.82
NIFTY 50,2024-04-29,22475.55,22655.8,22441.9,22643.4,10.925,12.4875,10.925,12.235,10.925,1.31,11.99
NIFTY 50,2024-04-30,22679.65,22783.35,22568.4,22604.85,12.235,13.2125,12.235,12.87,12.235,0.64,5.19
NIFTY 50,2024-05-02,22567.85,22710.5,22567.85,22648.2,12.87,13.9475,12.87,13.445,12.87,0.58,4.47
NIFTY 50,2024-05-03,22766.35,22794.7,22348.05,22475.85,13.445,15.3125,13.445,14.6175,13.445,1.17,8.72
NIFTY 50,2024-05-06,22561.6,22588.8,22409.45,22442.7,14.6175,16.9625,14.6175,16.6,14.6175,1.98,13.56
NIFTY 50,2024-05-07,22489.75,22499.05,22232.05,22302.5,16.6,17.6425,16.6,17.0075,16.6,0.41,2.45
NIFTY 50,2024-05-08,22231.2,22368.65,22185.2,22302.5,17.0075,18.3175,16.4625,17.08,17.0075,0.07,0.43
NIFTY 50,2024-05-09,22224.8,22307.75,21932.4,21957.5,17.08,19.1725,17.08,18.2,17.08,1.12,6.56
NIFTY 50,2024-05-10,21990.95,22131.3,21950.3,22055.2,18.2,19.0075,17.995,18.4725,18.2,0.27,1.5
NIFTY 50,2024-05-13,22027.95,22131.65,21821.05,22104.05,18.4725,21.485,18.4725,20.6,18.4725,2.13,11.52
NIFTY 50,2024-05-14,22112.9,22270.05,22081.25,22217.85,20.6,21.875,20.1125,20.195,20.6,-0.41,-1.97
NIFTY 50,2024-05-15,22255.6,22297.55,22151.75,22200.55,20.195,20.6575,19.87,20.2725,20.195,0.08,0.38
NIFTY 50,2024-05-16,22319.2,22432.25,22054.55,22403.85,20.2725,21.1125,18.965,19.995,20.2725,-0.28,-1.37
NIFTY 50,2024-05-17,22415.25,22502.15,22345.65,22466.1,19.995,20.3675,18.98,19.7975,19.995,-0.2,-0.99
NIFTY 50,2024-05-18,22512.85,22520.25,22470.05,22502.0,19.7975,20.945,17.3375,20.525,19.7975,0.73,3.67
NIFTY 50,2024-05-21,22404.55,22591.1,22404.55,22529.05,20.525,22.3025,20.525,21.81,20.525,1.29,6.26
NIFTY 50,2024-05-22,22576.6,22629.5,22483.15,22597.8,21.81,22.2925,18.185,21.4675,21.81,-0.34,-1.57
NIFTY 50,2024-05-23,22614.1,22993.6,22577.45,22967.65,21.4675,24.215,18.84,21.38,21.4675,-0.09,-0.41
NIFTY 50,2024-05-24,22930.75,23026.4,22908.0,22957.1,21.38,21.8975,20.59,21.71,21.38,0.33,1.54
NIFTY 50,2024-05-27,23038.95,23110.8,22871.2,22932.45,21.71,26.195,18.435,23.1925,21.71,1.48,6.83
NIFTY 50,2024-05-28,22977.15,22998.55,22858.5,22888.15,23.1925,24.475,22.025,24.195,23.1925,1.0,4.32
NIFTY 50,2024-05-29,22762.75,22825.5,22685.45,22704.7,24.195,24.7725,23.545,24.175,24.195,-0.02,-0.08
NIFTY 50,2024-05-30,22617.45,22705.75,22417.0,22488.65,24.175,24.52,22.7525,24.175,24.175,0.0,0.0
NIFTY 50,2024-05-31,22568.1,22653.75,22465.1,22530.7,24.175,24.81,22.5975,24.6025,24.175,0.43,1.77
NIFTY 50,2024-06-03,23337.9,23338.7,23062.3,23263.9,24.6025,24.6025,19.115,20.9375,24.6025,-3.67,-14.9
NIFTY 50,2024-06-04,23179.5,23179.5,21281.45,21884.5,20.9375,31.71,18.8025,26.7475,20.9375,5.81,27.75
NIFTY 50,2024-06-05,22128.35,22670.4,21791.95,22620.35,26.7475,26.925,18.6575,18.885,26.7475,-7.86,-29.4
NIFTY 50,2024-06-06,22798.6,22910.15,22642.6,22821.4,18.885,18.885,16.5575,16.8,18.885,-2.09,-11.04
NIFTY 50,2024-06-07,22821.85,23320.2,22789.05,23290.15,16.8,17.145,16.3725,16.8825,16.8,0.08,0.49
NIFTY 50,2024-06-10,23319.15,23411.9,23227.15,23259.2,16.8825,17.25,16.17,16.3975,16.8825,-0.49,-2.87
NIFTY 50,2024-06-11,23283.75,23389.45,23206.65,23264.85,16.3975,16.3975,14.675,14.765,16.3975,-1.63,-9.96
NIFTY 50,2024-06-12,23344.45,23441.95,23295.95,23322.95,14.765,14.765,13.165,14.3875,14.765,-0.38,-2.56
NIFTY 50,2024-06-13,23480.95,23481.05,23353.9,23398.9,14.3875,14.3875,13.3125,13.4875,14.3875,-0.9,-6.26
NIFTY 50,2024-06-14,23464.95,23490.4,23334.25,23465.6,13.4875,13.4875,12.655,12.8225,13.4875,-0.67,-4.93
NIFTY 50,2024-06-18,23570.8,23579.05,23499.7,23557.9,12.8225,13.42,12.625,12.965,12.8225,0.14,1.11
NIFTY 50,2024-06-19,23629.85,23664.0,23412.9,23516.0,12.965,13.815,11.63,13.7125,12.965,0.75,5.77
NIFTY 50,2024-06-20,23586.15,23624.0,23442.6,23567.0,13.7125,14.06,13.1025,13.345,13.7125,-0.37,-2.68
NIFTY 50,2024-06-21,23661.15,23667.1,23398.2,23501.1,13.345,13.59,12.475,13.18,13.345,-0.17,-1.24
NIFTY 50,2024-06-24,23382.3,23558.1,23350.0,23537.85,13.18,14.2675,13.15,14.0575,13.18,0.88,6.66
NIFTY 50,2024-06-25,23577.1,23754.15,23562.05,23721.3,14.0575,14.455,13.8425,14.3125,14.0575,0.26,1.81
NIFTY 50,2024-06-26,23723.1,23889.9,23670.45,23868.8,14.3125,14.5475,13.985,14.045,14.3125,-0.27,-1.87
NIFTY 50,2024-06-27,23881.55,24087.45,23805.4,24044.5,14.045,14.61,13.915,14.1525,14.045,0.11,0.77
NIFTY 50,2024-06-28,24085.9,24174.0,23985.8,24010.6,14.1525,14.29,13.6875,13.8025,14.1525,-0.35,-2.47
NIFTY 50,2024-07-01,23992.95,24164.0,23992.7,24141.95,13.8025,14.2275,13.7925,13.83,13.8025,0.03,0.2
NIFTY 50,2024-07-02,24228.75,24236.35,24056.4,24123.85,13.83,14.0125,13.3225,13.64,13.83,-0.19,-1.37
NIFTY 50,2024-07-03,24291.75,24309.15,24207.1,24286.5,13.64,13.715,12.87,13.205,13.64,-0.44,-3.19
NIFTY 50,2024-07-04,24369.95,24401.0,24281.0,24302.15,13.205,13.205,12.2575,12.855,13.205,-0.35,-2.65
NIFTY 50,2024-07-05,24213.35,24363.0,24168.85,24323.85,12.855,12.99,12.08,12.695,12.855,-0.16,-1.24
NIFTY 50,2024-07-08,24329.45,24344.6,24240.55,24320.55,12.695,13.7575,12.695,13.6,12.695,0.91,7.13
NIFTY 50,2024-07-09,24351.0,24443.6,24331.9,24433.2,13.6,14.4025,12.79,14.28,13.6,0.68,5.0
NIFTY 50,2024-07-10,24459.85,24461.05,24141.8,24324.45,14.28,14.915,13.4075,14.4325,14.28,0.15,1.07
NIFTY 50,2024-07-11,24396.55,24402.65,24193.75,24315.95,14.4325,14.4325,12.68,13.995,14.4325,-0.44,-3.03
NIFTY 50,2024-07-12,24387.95,24592.2,24331.15,24502.15,13.995,14.0525,13.2225,13.725,13.995,-0.27,-1.93
NIFTY 50,2024-07-15,24587.6,24635.05,24522.75,24586.7,13.725,14.34,13.5675,14.1875,13.725,0.46,3.37
NIFTY 50,2024-07-16,24615.9,24661.25,24587.65,24613.0,14.1875,14.5875,13.8025,14.2225,14.1875,0.04,0.25
NIFTY 50,2024-07-18,24543.8,24837.75,24504.45,24800.85,14.2225,14.71,13.75,14.51,14.2225,0.29,2.02
NIFTY 50,2024-07-19,24853.8,24854.8,24508.15,24530.9,14.51,14.965,12.7375,14.825,14.51,0.32,2.17
NIFTY 50,2024-07-22,24445.75,24595.2,24362.3,24509.25,14.825,15.625,13.115,15.4375,14.825,0.61,4.13
NIFTY 50,2024-07-23,24568.9,24582.55,24074.2,24479.05,15.4375,16.065,12.5925,12.7475,15.4375,-2.69,-17.43
NIFTY 50,2024-07-24,24444.95,24504.25,24307.25,24413.5,12.7475,14.0375,11.6175,11.7625,12.7475,-0.99,-7.73
NIFTY 50,2024-07-25,24230.95,24426.15,24210.8,24406.1,11.7625,13.2175,11.275,12.6175,11.7625,0.86,7.27
NIFTY 50,2024-07-26,24423.35,24861.15,24410.9,24834.85,12.6175,13.135,11.9775,12.2475,12.6175,-0.37,-2.93
NIFTY 50,2024-07-29,24943.3,24999.75,24774.6,24836.1,12.2475,13.255,12.0275,12.945,12.2475,0.7,5.7
NIFTY 50,2024-07-30,24839.4,24971.75,24798.65,24857.3,12.945,13.26,11.715,12.88,12.945,-0.07,-0.5
NIFTY 50,2024-07-31,24886.7,24984.6,24856.5,24951.15,12.88,13.3875,11.6225,13.25,12.88,0.37,2.87
NIFTY 50,2024-08-01,25030.95,25078.3,24956.4,25010.9,13.25,13.305,11.9825,12.93,13.25,-0.32,-2.42
NIFTY 50,2024-08-02,24789.0,24851.9,24686.85,24717.7,12.93,14.51,11.6925,14.32,12.93,1.39,10.75
NIFTY 50,2024-08-05,24302.85,24350.05,23893.7,24055.6,14.32,23.1525,13.9075,20.3675,14.32,6.05,42.23
NIFTY 50,2024-08-06,24189.85,24382.6,23960.4,23992.55,20.3675,20.3675,14.8675,18.7425,20.3675,-1.63,-7.98
NIFTY 50,2024-08-07,24289.4,24337.7,24184.9,24297.5,18.7425,18.7425,13.7225,16.17,18.7425,-2.57,-13.73
NIFTY 50,2024-08-08,24248.55,24340.5,24079.7,24117.0,16.17,17.23,14.38,16.6025,16.17,0.43,2.67
NIFTY 50,2024-08-09,24386.85,24419.75,24311.2,24367.5,16.6025,16.6025,13.4325,15.335,16.6025,-1.27,-7.63
NIFTY 50,2024-08-12,24320.05,24472.8,24212.1,24347.0,15.335,16.5575,13.395,15.8675,15.335,0.53,3.47
NIFTY 50,2024-08-13,24342.35,24359.95,24116.5,24139.0,15.8675,16.375,14.2225,16.1675,15.8675,0.3,1.89
NIFTY 50,2024-08-14,24184.4,24196.5,24099.7,24143.75,16.1675,16.22,13.8225,15.435,16.1675,-0.73,-4.53
NIFTY 50,2024-08-16,24334.85,24563.9,24204.5,24541.15,15.435,15.435,12.95,14.4025,15.435,-1.03,-6.69
NIFTY 50,2024-08-19,24636.35,24638.8,24522.95,24572.65,14.4025,14.83,13.1975,14.315,14.4025,-0.09,-0.61
NIFTY 50,2024-08-20,24648.9,24734.3,24607.2,24698.85,14.315,14.315,11.425,13.82,14.315,-0.5,-3.46
NIFTY 50,2024-08-21,24680.55,24787.95,24654.5,24770.2,13.82,14.045,11.8225,13.3325,13.82,-0.49,-3.53
NIFTY 50,2024-08-22,24863.4,24867.35,24784.45,24811.5,13.3325,13.7825,10.9575,13.0,13.3325,-0.33,-2.49
NIFTY 50,2024-08-23,24845.4,24858.4,24771.65,24823.15,13.0,13.62,10.84,13.5525,13.0,0.55,4.25
NIFTY 50,2024-08-26,24906.1,25043.8,24874.7,25010.6,13.5525,13.9925,12.01,13.795,13.5525,0.24,1.79
NIFTY 50,2024-08-27,25024.8,25073.1,24973.65,25017.75,13.795,14.01,12.71,13.6325,13.795,-0.16,-1.18
NIFTY 50,2024-08-28,25030.8,25129.6,24964.65,25052.35,13.6325,14.085,12.035,13.95,13.6325,0.32,2.33
NIFTY 50,2024-08-29,25035.3,25192.9,24998.5,25151.95,13.95,14.135,12.4825,13.7875,13.95,-0.16,-1.16
NIFTY 50,2024-08-30,25249.7,25268.35,25199.4,25235.9,13.7875,13.905,12.54,13.3925,13.7875,-0.4,-2.86
NIFTY 50,2024-09-02,25333.6,25333.65,25235.5,25278.7,13.3925,14.25,12.6275,14.06,13.3925,0.67,4.98
NIFTY 50,2024-09-03,25313.4,25321.7,25235.8,25279.85,14.06,14.15,12.69,13.8425,14.06,-0.22,-1.55
NIFTY 50,2024-09-04,25089.95,25216.0,25083.8,25198.7,13.8425,14.555,12.805,14.3775,13.8425,0.54,3.86
NIFTY 50,2024-09-05,25250.5,25275.45,25127.75,25145.1,14.3775,14.3775,13.335,14.2075,14.3775,-0.17,-1.18
NIFTY 50,2024-09-06,25093.7,25168.75,24801.3,24852.15,14.2075,15.6725,12.3525,15.2175,14.2075,1.01,7.11
NIFTY 50,2024-09-09,24823.4,24957.5,24753.15,24936.4,15.2175,15.5625,14.11,14.2375,15.2175,-0.98,-6.44
NIFTY 50,2024-09-10,24999.4,25130.5,24896.8,25041.1,14.2375,14.2375,12.1675,13.36,14.2375,-0.88,-6.16
NIFTY 50,2024-09-11,25034.0,25113.7,24885.15,24918.45,13.36,13.765,11.325,13.6275,13.36,0.27,2.0
NIFTY 50,2024-09-12,25059.65,25433.35,24941.45,25388.9,13.6275,13.6275,11.14,13.1825,13.6275,-0.45,-3.27
NIFTY 50,2024-09-13,25430.45,25430.5,25292.45,25356.5,13.1825,13.1825,12.4675,12.55,13.1825,-0.63,-4.8
NIFTY 50,2024-09-16,25406.65,25445.7,25336.2,25383.75,12.55,12.955,12.31,12.46,12.55,-0.09,-0.72
NIFTY 50,2024-09-17,25416.9,25441.65,25352.25,25418.55,12.46,12.75,11.8825,12.59,12.46,0.13,1.04
NIFTY 50,2024-09-18,25402.4,25482.2,25285.55,25377.55,12.59,13.8475,12.26,13.3725,12.59,0.78,6.22
NIFTY 50,2024-09-19,25487.05,25611.95,25376.05,25415.8,13.3725,13.3725,12.1,12.47,13.3725,-0.9,-6.75
NIFTY 50,2024-09-20,25525.95,25849.25,25426.6,25790.95,12.47,13.11,10.9025,12.79,12.47,0.32,2.57
NIFTY 50,2024-09-23,25872.55,25956.0,25847.35,25939.05,12.79,14.03,12.4275,13.785,12.79,1.0,7.78
NIFTY 50,2024-09-24,25921.45,26011.55,25886.85,25940.4,13.785,14.105,12.7425,13.3925,13.785,-0.39,-2.85
NIFTY 50,2024-09-25,25899.45,26032.8,25871.35,26004.15,13.3925,13.61,8.98,12.7425,13.3925,-0.65,-4.85
NIFTY 50,2024-09-26,26005.4,26250.9,25998.4,26216.05,12.7425,12.7425,11.3525,12.0025,12.7425,-0.74,-5.81
NIFTY 50,2024-09-27,26248.25,26277.35,26151.4,26178.95,12.0025,12.08,10.5025,11.9625,12.0025,-0.04,-0.33
NIFTY 50,2024-09-30,26061.3,26134.7,25794.1,25810.85,11.9625,13.2375,11.6,12.7875,11.9625,0.83,6.9
NIFTY 50,2024-10-01,25788.45,25907.6,25739.2,25796.9,12.7875,12.7875,11.7125,11.9875,12.7875,-0.8,-6.26
NIFTY 50,2024-10-03,25452.85,25639.45,25230.3,25250.1,11.9875,13.9275,11.685,13.17,11.9875,1.18,9.86
NIFTY 50,2024-10-04,25181.9,25485.05,24966.8,25014.6,13.17,14.48,12.285,14.1275,13.17,0.96,7.27
NIFTY 50,2024-10-07,25084.1,25143.0,24694.35,24795.75,14.1275,15.5,13.6175,15.08,14.1275,0.95,6.74
NIFTY 50,2024-10-08,24832.2,25044.0,24756.8,25013.15,15.08,15.555,13.8775,14.5875,15.08,-0.49,-3.27
NIFTY 50,2024-10-09,25065.8,25234.05,24947.7,24981.95,14.5875,14.5875,12.7,14.1225,14.5875,-0.47,-3.19
NIFTY 50,2024-10-10,25067.05,25134.05,24979.4,24998.45,14.1225,14.1225,11.7275,13.495,14.1225,-0.63,-4.44
NIFTY 50,2024-10-11,24985.3,25028.65,24920.05,24964.25,13.495,13.7025,11.535,13.22,13.495,-0.28,-2.04
NIFTY 50,2024-10-14,25023.45,25159.75,25017.5,25127.95,13.22,13.735,12.915,12.995,13.22,-0.23,-1.7
NIFTY 50,2024-10-15,25186.3,25212.05,25008.15,25057.35,12.995,13.3625,10.9225,13.0025,12.995,0.01,0.06
NIFTY 50,2024-10-16,25008.55,25093.4,24908.45,24971.3,13.0025,13.56,11.435,13.0525,13.0025,0.05,0.38
NIFTY 50,2024-10-17,25027.4,25029.5,24728.9,24749.85,13.0525,13.465,11.0625,13.3875,13.0525,0.34,2.57
NIFTY 50,2024-10-18,24664.95,24886.2,24567.65,24854.05,13.3875,14.06,12.8675,13.0375,13.3875,-0.35,-2.61
NIFTY 50,2024-10-21,24956.15,24978.3,24679.6,24781.1,13.0375,14.195,12.5525,13.7625,13.0375,0.73,5.56
NIFTY 50,2024-10-22,24798.65,24882.0,24445.8,24472.1,13.7625,14.515,9.47,14.395,13.7625,0.63,4.6
NIFTY 50,2024-10-23,24378.15,24604.25,24378.1,24435.5,14.395,15.0325,11.74,14.6225,14.395,0.23,1.58
NIFTY 50,2024-10-24,24412.7,24480.65,24341.2,24399.4,14.6225,14.8975,12.695,13.97,14.6225,-0.65,-4.46
NIFTY 50,2024-10-25,24418.05,24440.25,24073.9,24180.8,13.97,15.08,13.35,14.6325,13.97,0.66,4.74
NIFTY 50,2024-10-28,24251.1,24492.6,24134.9,24339.15,14.6325,15.4775,13.535,14.29,14.6325,-0.34,-2.34
NIFTY 50,2024-10-29,24328.85,24484.5,24140.85,24466.85,14.29,15.0275,13.5575,14.515,14.29,0.23,1.57
NIFTY 50,2024-10-30,24371.45,24498.2,24307.3,24340.85,14.515,15.7,14.28,15.51,14.515,1.0,6.85
NIFTY 50,2024-10-31,24349.85,24372.45,24172.6,24205.35,15.51,16.24,14.6525,15.55,15.51,0.04,0.26
NIFTY 50,2024-11-01,24302.75,24368.25,24280.2,24304.35,15.55,16.125,13.6325,15.9025,15.55,0.35,2.27
NIFTY 50,2024-11-04,24315.75,24316.75,23816.15,23995.35,15.9025,17.6,14.7775,16.6875,15.9025,0.79,4.94
NIFTY 50,2024-11-05,23916.5,24229.05,23842.75,24213.3,16.6875,19.02,15.795,16.1225,16.6875,-0.57,-3.39
NIFTY 50,2024-11-06,24308.75,24537.6,24204.05,24484.05,16.1225,20.75,14.7125,14.8675,16.1225,-1.26,-7.78
NIFTY 50,2024-11-07,24489.6,24503.35,24179.05,24199.35,14.8675,15.5225,14.2675,14.94,14.8675,0.07,0.49
NIFTY 50,2024-11-08,24207.7,24276.15,24066.65,24148.2,14.94,15.725,14.3925,14.47,14.94,-0.47,-3.15
NIFTY 50,2024-11-11,24087.25,24336.8,24004.6,24141.3,14.47,15.47,13.1175,14.27,14.47,-0.2,-1.38
NIFTY 50,2024-11-12,24225.8,24242.0,23839.15,23883.45,14.27,14.8375,12.74,14.59,14.27,0.32,2.24
NIFTY 50,2024-11-13,23822.45,23873.6,23509.6,23559.05,14.59,15.865,13.9325,15.435,14.59,0.85,5.79
NIFTY 50,2024-11-14,23542.15,23675.9,23484.15,23532.7,15.435,15.685,13.4075,14.775,15.435,-0.66,-4.28
NIFTY 50,2024-11-18,23605.3,23606.8,23350.4,23453.8,14.775,16.58,13.755,15.1675,14.775,0.39,2.66
NIFTY 50,2024-11-19,23529.55,23780.65,23464.8,23518.5,15.1675,16.185,12.7325,15.6625,15.1675,0.5,3.26
NIFTY 50,2024-11-21,23488.45,23507.3,23263.15,23349.9,15.6625,16.78,14.8375,15.99,15.6625,0.33,2.09
NIFTY 50,2024-11-22,23411.8,23956.1,23359.0,23907.25,15.99,18.67,12.7525,16.0975,15.99,0.11,0.67
NIFTY 50,2024-11-25,24253.55,24351.55,24135.45,24221.9,16.0975,16.865,13.63,15.3025,16.0975,-0.8,-4.94
NIFTY 50,2024-11-26,24343.3,24343.3,24125.4,24194.5,15.3025,16.26,13.8725,15.305,15.3025,0.0,0.02
NIFTY 50,2024-11-27,24204.8,24354.55,24145.65,24274.9,15.305,15.305,13.245,14.625,15.305,-0.68,-4.44
NIFTY 50,2024-11-28,24274.15,24345.75,23873.35,23914.15,14.625,15.5625,14.27,15.205,14.625,0.58,3.97
NIFTY 50,2024-11-29,23927.15,24188.45,23927.15,24131.1,15.205,15.4575,14.3325,14.425,15.205,-0.78,-5.13
NIFTY 50,2024-12-02,24140.85,24301.7,24008.65,24276.05,14.425,15.08,13.3125,14.7,14.425,0.28,1.91
NIFTY 50,2024-12-03,24367.5,24481.35,24280.0,24457.15,14.7,14.89,14.235,14.3725,14.7,-0.33,-2.23
NIFTY 50,2024-12-04,24488.75,24573.2,24366.3,24467.45,14.3725,14.7975,14.11,14.45,14.3725,0.08,0.54
NIFTY 50,2024-12-05,24539.15,24857.75,24295.55,24708.4,14.45,15.705,14.055,14.5275,14.45,0.08,0.54
NIFTY 50,2024-12-06,24729.45,24751.05,24620.5,24677.8,14.5275,15.0225,14.045,14.14,14.5275,-0.39,-2.67
NIFTY 50,2024-12-09,24633.9,24705.0,24580.05,24619.0,14.14,14.635,13.45,14.1075,14.14,-0.03,-0.23
NIFTY 50,2024-12-10,24652.65,24677.8,24510.65,24610.05,14.1075,14.6725,13.6975,13.7775,14.1075,-0.33,-2.34
NIFTY 50,2024-12-11,24620.5,24691.75,24583.85,24641.8,13.7775,14.11,13.175,13.2675,13.7775,-0.51,-3.7
NIFTY 50,2024-12-12,24604.45,24675.25,24527.95,24548.7,13.2675,13.4,12.9475,13.19,13.2675,-0.08,-0.58
NIFTY 50,2024-12-13,24498.35,24792.3,24180.8,24768.3,13.19,14.72,12.47,13.0525,13.19,-0.14,-1.04
NIFTY 50,2024-12-16,24753.4,24781.25,24601.75,24668.25,13.0525,14.505,13.0525,14.02,13.0525,0.97,7.41
NIFTY 50,2024-12-17,24584.8,24624.1,24303.45,24336.0,14.02,14.975,13.18,14.485,14.02,0.47,3.32
NIFTY 50,2024-12-18,24297.95,24394.45,24149.85,24198.85,14.485,15.2425,14.27,14.3725,14.485,-0.11,-0.78
NIFTY 50,2024-12-19,23877.15,24004.9,23870.3,23951.7,14.3725,15.435,13.87,14.51,14.3725,0.14,0.96
NIFTY 50,2024-12-20,23960.7,24065.8,23537.35,23587.5,14.51,15.5525,14.3975,15.0725,14.51,0.56,3.88
NIFTY 50,2024-12-23,23738.2,23869.55,23647.2,23753.45,15.0725,16.8825,13.4175,13.52,15.0725,-1.55,-10.3
NIFTY 50,2024-12-24,23769.1,23867.65,23685.15,23727.65,13.52,15.03,12.975,13.1775,13.52,-0.34,-2.53
NIFTY 50,2024-12-26,23775.8,23854.5,23653.6,23750.2,13.1775,14.3875,13.0825,14.035,13.1775,0.86,6.51
NIFTY 50,2024-12-27,23801.4,23938.85,23800.6,23813.4,14.035,14.2375,13.035,13.2375,14.035,-0.8,-5.68
NIFTY 50,2024-12-30,23796.9,23915.35,23599.3,23644.9,13.2375,14.37,13.2375,13.9725,13.2375,0.74,5.55
NIFTY 50,2024-12-31,23560.6,23689.85,23460.45,23644.8,13.9725,14.6375,13.9725,14.4475,13.9725,0.48,3.4
NIFTY 50,2025-01-01,23637.65,23822.8,23562.8,23742.9,14.4475,14.835,14.305,14.5075,14.4475,0.06,0.42
NIFTY 50,2025-01-02,23783.0,24226.7,23751.55,24188.65,14.5075,14.8025,13.63,13.7375,14.5075,-0.77,-5.31
NIFTY 50,2025-01-03,24196.4,24196.45,23976.0,24004.75,13.7375,13.9775,13.225,13.54,13.7375,-0.2,-1.44
NIFTY 50,2025-01-06,24045.8,24089.95,23551.9,23616.05,13.54,15.92,13.54,15.65,13.54,2.11,15.58
NIFTY 50,2025-01-07,23679.9,23795.2,23637.8,23707.9,15.65,15.65,14.345,14.66,15.65,-0.99,-6.33
NIFTY 50,2025-01-08,23746.65,23751.85,23496.15,23688.95,14.66,14.88,14.095,14.465,14.66,-0.2,-1.33
NIFTY 50,2025-01-09,23674.75,23689.5,23503.05,23526.5,14.465,14.885,13.7475,14.6575,14.465,0.19,1.33
NIFTY 50,2025-01-10,23551.9,23596.6,23344.35,23431.5,14.6575,15.515,14.6575,14.915,14.6575,0.26,1.76
NIFTY 50,2025-01-13,23195.4,23340.95,23047.25,23085.95,14.915,16.185,14.45,15.9975,14.915,1.08,7.26
NIFTY 50,2025-01-14,23165.9,23264.95,23134.15,23176.05,15.9975,15.9975,15.115,15.47,15.9975,-0.53,-3.3
NIFTY 50,2025-01-15,23250.45,23293.65,23146.45,23213.2,15.47,15.6625,15.1975,15.2575,15.47,-0.21,-1.37
NIFTY 50,2025-01-16,23377.25,23391.65,23272.05,23311.8,15.2575,15.5725,13.9575,15.465,15.2575,0.21,1.36
NIFTY 50,2025-01-17,23277.1,23292.1,23100.35,23203.2,15.465,16.3825,14.0525,15.7475,15.465,0.28,1.83
NIFTY 50,2025-01-20,23290.4,23391.1,23170.65,23344.75,15.7475,17.02,15.1825,16.415,15.7475,0.67,4.24
NIFTY 50,2025-01-21,23421.65,23426.3,22976.85,23024.65,16.415,17.445,15.2025,17.055,16.415,0.64,3.9
NIFTY 50,2025-01-22,23099.15,23169.55,22981.3,23155.35,17.055,17.295,15.905,16.7725,17.055,-0.28,-1.66
NIFTY 50,2025-01-23,23128.3,23270.8,23090.65,23205.35,16.7725,17.0825,15.6675,16.695,16.7725,-0.08,-0.46
NIFTY 50,2025-01-24,23183.9,23347.3,23050.0,23092.2,16.695,17.31,16.1175,16.745,16.695,0.05,0.3
NIFTY 50,2025-01-27,22940.15,23007.45,22786.9,22829.15,16.745,18.5225,16.745,18.1325,16.745,1.39,8.29
NIFTY 50,2025-01-28,22960.45,23137.95,22857.65,22957.25,18.1325,18.5025,16.8275,18.195,18.1325,0.06,0.34
NIFTY 50,2025-01-29,23026.75,23183.35,22976.5,23163.1,18.195,19.01,17.2875,18.64,18.195,0.45,2.45
NIFTY 50,2025-01-30,23169.5,23322.05,23139.2,23249.5,18.64,18.985,17.2175,17.39,18.64,-1.25,-6.71
NIFTY 50,2025-01-31,23296.75,23546.8,23277.4,23508.4,17.39,17.9425,16.1075,16.2475,17.39,-1.14,-6.57
NIFTY 50,2025-02-01,23528.6,23632.45,23318.3,23482.15,16.2475,16.58,14.0125,14.095,16.2475,-2.15,-13.25
NIFTY 50,2025-02-03,23319.35,23381.6,23222.0,23361.05,14.095,15.1125,14.095,14.3525,14.095,0.26,1.83
NIFTY 50,2025-02-04,23509.9,23762.75,23423.15,23739.25,14.3525,15.1325,13.665,14.0175,14.3525,-0.34,-2.33
NIFTY 50,2025-02-05,23801.75,23807.3,23680.45,23696.3,14.0175,14.2975,13.4975,14.0825,14.0175,0.07,0.46
NIFTY 50,2025-02-06,23761.95,23773.55,23556.25,23603.35,14.0825,14.64,13.15,14.175,14.0825,0.09,0.66
NIFTY 50,2025-02-07,23649.5,23694.5,23443.2,23559.95,14.175,14.505,13.55,13.685,14.175,-0.49,-3.46
NIFTY 50,2025-02-10,23543.8,23568.6,23316.3,23381.6,13.685,14.7175,13.685,14.445,13.685,0.76,5.55
NIFTY 50,2025-02-11,23383.55,23390.05,22986.65,23071.8,14.445,15.4325,13.845,14.87,14.445,0.43,2.94
NIFTY 50,2025-02-12,23050.8,23144.7,22798.35,23045.25,14.87,15.6225,14.6075,14.895,14.87,0.03,0.17
NIFTY 50,2025-02-13,23055.75,23235.5,22992.2,23031.4,14.895,15.465,12.195,14.955,14.895,0.06,0.4
NIFTY 50,2025-02-14,23096.45,23133.7,22774.85,22929.25,14.955,15.6775,14.3575,15.015,14.955,0.06,0.4
NIFTY 50,2025-02-17,22809.9,22974.2,22725.45,22959.5,15.015,16.31,14.4975,15.7225,15.015,0.71,4.71
NIFTY 50,2025-02-18,22963.65,22992.5,22801.5,22945.3,15.7225,16.3225,14.78,15.665,15.7225,-0.06,-0.37
NIFTY 50,2025-02-19,22847.25,23049.95,22814.85,22932.9,15.665,16.0225,14.7525,15.42,15.665,-0.25,-1.56
NIFTY 50,2025-02-20,22821.1,22923.85,22812.75,22913.15,15.42,15.9025,14.6375,14.6825,15.42,-0.74,-4.78
NIFTY 50,2025-02-21,22857.2,22921.0,22720.3,22795.9,14.6825,15.2425,12.0825,14.53,14.6825,-0.15,-1.04
NIFTY 50,2025-02-24,22609.35,22668.05,22518.8,22553.35,14.53,15.58,14.365,14.44,14.53,-0.09,-0.62
NIFTY 50,2025-02-25,22516.45,22625.3,22513.9,22547.55,14.4425,15.0775,13.605,13.72,14.4425,-0.72,-5.0
NIFTY 50,2025-02-27,22568.95,22613.3,22508.4,22545.05,13.715,14.0075,12.91,13.31,13.715,-0.41,-2.95
NIFTY 50,2025-02-28,22433.4,22450.35,22104.85,22124.7,13.3075,14.1225,13.2325,13.91,13.3075,0.6,4.53
NIFTY 50,2025-03-03,22194.55,22261.55,22004.7,22119.3,13.91,14.36,13.5675,13.76,13.91,-0.15,-1.08
NIFTY 50,2025-03-04,21974.45,22105.05,21964.6,22082.65,13.7625,14.1975,13.3725,13.83,13.7625,0.07,0.49
NIFTY 50,2025-03-05,22073.05,22394.9,22067.8,22337.3,13.83,14.13,13.095,13.67,13.83,-0.16,-1.16
NIFTY 50,2025-03-06,22476.35,22556.45,22245.85,22544.7,13.67,14.1775,13.28,13.73,13.67,0.06,0.44
NIFTY 50,2025-03-07,22508.65,22633.8,22464.75,22552.5,13.725,13.86,13.3325,13.47,13.725,-0.26,-1.86
NIFTY 50,2025-03-10,22521.85,22676.75,22429.05,22460.3,13.47,14.2075,13.47,13.99,13.47,0.52,3.86
NIFTY 50,2025-03-11,22345.95,22522.1,22314.7,22497.9,13.985,14.5025,13.675,14.07,13.985,0.09,0.61
NIFTY 50,2025-03-12,22536.35,22577.4,22329.55,22470.5,14.0725,14.3725,13.635,13.69,14.0725,-0.38,-2.72
NIFTY 50,2025-03-13,22541.5,22558.05,22377.35,22397.2,13.6925,13.9275,13.2225,13.28,13.6925,-0.41,-3.01
NIFTY 50,2025-03-17,22353.15,22577.0,22353.15,22508.75,13.28,14.0975,13.28,13.42,13.28,0.14,1.05
NIFTY 50,2025-03-18,22662.25,22857.8,22599.2,22834.3,13.415,13.6525,11.3425,13.21,13.415,-0.21,-1.53
NIFTY 50,2025-03-19,22874.95,22940.7,22807.95,22907.6,13.21,13.5725,12.585,13.3,13.21,0.09,0.68
NIFTY 50,2025-03-20,23036.6,23216.7,22973.95,23190.65,13.2975,13.2975,12.5125,12.6,13.2975,-0.7,-5.25
NIFTY 50,2025-03-21,23168.25,23402.7,23132.8,23350.4,12.6025,12.835,10.695,12.58,12.6025,-0.02,-0.18
NIFTY 50,2025-03-24,23515.4,23708.75,23433.5,23658.35,12.575,13.9525,12.575,13.7,12.575,1.13,8.95
NIFTY 50,2025-03-25,23751.5,23869.6,23601.4,23668.65,13.7,14.475,13.49,13.64,13.7,-0.06,-0.44
NIFTY 50,2025-03-26,23700.95,23736.5,23451.7,23486.85,13.635,13.915,13.305,13.47,13.635,-0.17,-1.21
NIFTY 50,2025-03-27,23433.95,23646.45,23412.2,23591.95,13.47,13.85,12.9775,13.3,13.47,-0.17,-1.26
NIFTY 50,2025-03-28,23600.4,23649.2,23450.2,23519.35,13.3,13.61,12.5725,12.72,13.3,-0.58,-4.36
NIFTY 50,2025-04-01,23341.1,23565.15,23136.4,23165.7,12.7175,14.0525,12.7175,13.78,12.7175,1.06,8.35
NIFTY 50,2025-04-02,23192.6,23350.0,23158.45,23332.35,13.7825,14.1425,13.5125,13.72,13.7825,-0.06,-0.45
NIFTY 50,2025-04-03,23150.3,23306.5,23145.8,23250.1,13.7225,14.1075,13.41,13.6,13.7225,-0.12,-0.89
NIFTY 50,2025-04-04,23190.4,23214.7,22857.45,22904.45,13.6,14.2475,13.395,13.76,13.6,0.16,1.18
NIFTY 50,2025-04-07,21758.4,22254.0,21743.65,22161.6,13.755,23.1875,13.755,22.79,13.755,9.04,65.69
NIFTY 50,2025-04-08,22446.75,22697.2,22270.85,22535.85,22.7925,22.7925,19.3825,20.44,22.7925,-2.35,-10.32
NIFTY 50,2025-04-09,22460.3,22468.7,22353.25,22399.15,20.4425,21.7475,19.6975,21.43,20.4425,0.99,4.83
NIFTY 50,2025-04-11,22695.4,22923.9,22695.4,22828.55,21.43,21.43,18.855,20.11,21.43,-1.32,-6.16
NIFTY 50,2025-04-15,23368.35,23368.35,23207.0,23328.55,20.1075,20.1075,15.9725,16.13,20.1075,-3.98,-19.78
NIFTY 50,2025-04-16,23344.1,23452.2,23273.05,23437.2,16.125,16.125,15.115,15.87,16.125,-0.26,-1.58
NIFTY 50,2025-04-17,23401.85,23872.35,23298.55,23851.65,15.865,16.4625,15.09,15.47,15.865,-0.4,-2.49
NIFTY 50,2025-04-21,23949.15,24189.55,23903.65,24125.55,15.4675,16.3325,14.2175,15.52,15.4675,0.05,0.34
NIFTY 50,2025-04-22,24185.4,24242.6,24072.0,24167.25,15.515,16.0075,14.54,15.23,15.515,-0.29,-1.84
NIFTY 50,2025-04-23,24357.6,24359.3,24119.95,24328.95,15.23,16.5175,12.8425,15.96,15.23,0.73,4.79
NIFTY 50,2025-04-24,24277.9,24347.85,24216.15,24246.7,15.96,16.7625,15.5525,16.25,15.96,0.29,1.82
NIFTY 50,2025-04-25,24289.0,24365.45,23847.85,24039.35,16.25,17.575,15.915,17.16,16.25,0.91,5.6
NIFTY 50,2025-04-28,24070.25,24355.1,24054.05,24328.5,17.1575,18.0725,16.6225,16.94,17.1575,-0.22,-1.27
NIFTY 50,2025-04-29,24370.7,24457.65,24290.75,24335.95,16.94,17.585,16.065,17.37,16.94,0.43,2.54
NIFTY 50,2025-04-30,24342.05,24396.15,24198.75,24334.2,17.37,18.56,15.985,18.22,17.37,0.85,4.89
NIFTY 50,2025-05-02,24311.9,24589.15,24238.5,24346.7,18.2225,18.8625,17.35,18.26,18.2225,0.04,0.21
NIFTY 50,2025-05-05,24419.5,24526.4,24400.65,24461.15,18.2575,18.795,18.0675,18.34,18.2575,0.08,0.45
NIFTY 50,2025-05-06,24500.75,24509.65,24331.8,24379.6,18.3375,19.3025,17.9875,19.0,18.3375,0.66,3.61
NIFTY 50,2025-05-07,24233.3,24449.6,24220.0,24414.4,18.995,19.73,18.365,19.06,18.995,0.07,0.34
NIFTY 50,2025-05-08,24431.5,24447.25,24150.2,24273.8,19.06,21.8925,18.1525,21.01,19.06,1.95,10.23
NIFTY 50,2025-05-09,23935.75,24164.25,23935.75,24008.0,21.0075,22.7475,21.0025,21.63,21.0075,0.62,2.96
NIFTY 50,2025-05-12,24420.1,24944.8,24378.85,24924.7,21.6325,21.6325,17.2075,18.39,21.6325,-3.24,-14.99
NIFTY 50,2025-05-13,24864.05,24973.8,24547.5,24578.35,18.3925,18.9025,17.8925,18.2,18.3925,-0.19,-1.05
NIFTY 50,2025-05-14,24613.8,24767.55,24535.55,24666.9,18.2,19.2425,17.0825,17.23,18.2,-0.97,-5.33
NIFTY 50,2025-05-15,24694.45,25116.25,24494.45,25062.1,17.225,17.6725,16.72,16.89,17.225,-0.34,-1.94
NIFTY 50,2025-05-16,25064.65,25070.0,24953.05,25019.8,16.8925,17.055,16.215,16.55,16.8925,-0.34,-2.03
NIFTY 50,2025-05-19,25005.35,25062.95,24916.65,24945.45,16.55,17.4475,15.8275,17.36,16.55,0.81,4.89
NIFTY 50,2025-05-20,24996.2,25010.35,24669.7,24683.9,17.355,17.66,15.9675,17.39,17.355,0.04,0.2
NIFTY 50,2025-05-21,24744.25,24946.2,24685.35,24813.45,17.385,17.9975,17.0425,17.55,17.385,0.17,0.95
NIFTY 50,2025-05-22,24733.95,24737.5,24462.4,24609.7,17.5475,18.2025,16.705,17.26,17.5475,-0.29,-1.64
NIFTY 50,2025-05-23,24639.5,24909.05,24614.05,24853.15,17.2575,17.5225,15.485,17.28,17.2575,0.02,0.13
NIFTY 50,2025-05-26,24919.35,25079.2,24900.5,25001.15,17.2775,18.4125,16.0575,18.02,17.2775,0.74,4.3
NIFTY 50,2025-05-27,24956.65,25062.9,24704.1,24826.2,18.02,19.185,17.42,18.54,18.02,0.52,2.89
NIFTY 50,2025-05-28,24832.5,24864.25,24737.05,24752.45,18.535,19.035,17.875,18.02,18.535,-0.52,-2.78
NIFTY 50,2025-05-29,24825.1,24892.6,24677.3,24833.6,18.0175,18.0175,16.2075,16.42,18.0175,-1.6,-8.87
NIFTY 50,2025-05-30,24812.6,24863.95,24717.4,24750.7,16.42,16.545,15.2875,16.08,16.42,-0.34,-2.07
NIFTY 50,2025-06-02,24669.7,24754.4,24526.15,24716.6,16.0775,17.7275,16.0775,17.16,16.0775,1.08,6.73
NIFTY 50,2025-06-03,24786.3,24845.1,24502.15,24542.5,17.1575,17.7275,16.2575,16.56,17.1575,-0.6,-3.48
NIFTY 50,2025-06-04,24560.45,24644.25,24530.45,24620.2,16.555,17.06,15.63,15.75,16.555,-0.81,-4.86
NIFTY 50,2025-06-05,24691.2,24899.85,24613.1,24750.9,15.745,15.9325,14.9825,15.08,15.745,-0.67,-4.22
NIFTY 50,2025-06-06,24748.7,25029.5,24671.45,25003.05,15.0825,15.61,14.3675,14.63,15.0825,-0.45,-3.0
NIFTY 50,2025-06-09,25160.1,25160.1,25077.15,25103.2,14.63,15.52,14.63,14.69,14.63,0.06,0.41
NIFTY 50,2025-06-10,25196.05,25199.3,25055.45,25104.25,14.6925,14.74,13.9325,14.02,14.6925,-0.67,-4.58
NIFTY 50,2025-06-11,25134.15,25222.4,25081.3,25141.4,14.015,14.155,13.5575,13.67,14.015,-0.35,-2.46
NIFTY 50,2025-06-12,25164.45,25196.2,24825.9,24888.2,13.6675,14.2725,13.13,14.02,13.6675,0.35,2.58
NIFTY 50,2025-06-13,24473.0,24754.35,24473.0,24718.6,14.015,15.975,14.015,15.08,14.015,1.07,7.6
NIFTY 50,2025-06-16,24732.35,24967.1,24703.6,24946.5,15.08,15.4725,14.5525,14.84,15.08,-0.24,-1.59
NIFTY 50,2025-06-17,24977.85,24982.05,24813.7,24853.4,14.8375,15.0225,14.3,14.4,14.8375,-0.44,-2.95
NIFTY 50,2025-06-18,24788.35,24947.55,24750.45,24812.05,14.4025,14.8175,14.105,14.28,14.4025,-0.12,-0.85
NIFTY 50,2025-06-19,24803.25,24863.1,24733.4,24793.25,14.275,14.37,13.74,14.26,14.275,-0.02,-0.11
NIFTY 50,2025-06-20,24787.65,25136.2,24783.65,25112.4,14.255,14.255,13.3225,13.67,14.255,-0.59,-4.1
NIFTY 50,2025-06-23,24939.75,25057.0,24824.85,24971.9,13.6725,14.5225,13.6625,14.05,13.6725,0.38,2.76
NIFTY 50,2025-06-24,25179.9,25317.7,24999.7,25044.35,14.0475,14.3425,13.3075,13.64,14.0475,-0.41,-2.9
NIFTY 50,2025-06-25,25150.35,25266.8,25125.05,25244.75,13.6425,13.6425,12.9,12.96,13.6425,-0.68,-5.0
NIFTY 50,2025-06-26,25268.95,25565.3,25259.9,25549.0,12.9625,13.33,12.515,12.59,12.9625,-0.37,-2.87
NIFTY 50,2025-06-27,25576.65,25654.2,25523.55,25637.8,12.59,12.9225,12.3225,12.39,12.59,-0.2,-1.59
NIFTY 50,2025-06-30,25661.65,25669.35,25473.3,25517.05,12.3875,13.0275,12.3875,12.79,12.3875,0.4,3.25
NIFTY 50,2025-07-01,25551.35,25593.4,25501.8,25541.8,12.785,12.9925,12.4375,12.53,12.785,-0.26,-1.99
NIFTY 50,2025-07-02,25588.3,25608.1,25378.75,25453.4,12.5275,12.6625,12.34,12.45,12.5275,-0.08,-0.62
NIFTY 50,2025-07-03,25505.1,25587.5,25384.35,25405.3,12.445,12.66,12.19,12.39,12.445,-0.06,-0.44
NIFTY 50,2025-07-04,25428.85,25470.25,25331.65,25461.0,12.385,12.6975,12.24,12.32,12.385,-0.07,-0.52
NIFTY 50,2025-07-07,25450.45,25489.8,25407.25,25461.3,12.315,12.79,11.94,12.56,12.315,0.25,1.99
NIFTY 50,2025-07-08,25427.85,25548.05,25424.15,25522.5,12.56,12.71,12.055,12.2,12.56,-0.36,-2.87
NIFTY 50,2025-07-09,25514.6,25548.7,25424.35,25476.1,12.195,12.355,11.75,11.94,12.195,-0.26,-2.09
NIFTY 50,2025-07-10,25511.65,25524.05,25340.45,25355.25,11.94,12.1875,11.6125,11.67,11.94,-0.27,-2.26
NIFTY 50,2025-07-11,25255.5,25322.45,25129.0,25149.85,11.6725,12.1225,11.535,11.82,11.6725,0.15,1.26
NIFTY 50,2025-07-14,25149.5,25151.1,25001.95,25082.3,11.8175,12.42,11.8175,11.98,11.8175,0.16,1.38
NIFTY 50,2025-07-15,25089.5,25245.2,25088.45,25195.8,11.98,12.025,11.405,11.48,11.98,-0.5,-4.17
NIFTY 50,2025-07-16,25196.6,25255.3,25121.05,25212.05,11.48,11.6675,11.1975,11.24,11.48,-0.24,-2.09
NIFTY 50,2025-07-17,25230.75,25238.35,25101.0,25111.45,11.24,11.5425,10.7275,11.24,11.24,0.0,0.0
NIFTY 50,2025-07-18,25108.55,25144.6,24918.65,24968.4,11.2425,11.86,9.9,11.39,11.2425,0.15,1.31
NIFTY 50,2025-07-21,24999.0,25111.4,24882.3,25090.7,11.3925,11.9425,11.0875,11.2,11.3925,-0.19,-1.69
NIFTY 50,2025-07-22,25166.65,25182.0,25035.55,25060.9,11.2025,11.2275,10.6875,10.75,11.2025,-0.45,-4.04
NIFTY 50,2025-07-23,25139.35,25233.5,25085.5,25219.9,10.7525,10.7525,10.22,10.52,10.7525,-0.23,-2.16
NIFTY 50,2025-07-24,25243.3,25246.25,25018.7,25062.1,10.515,11.105,9.8675,10.72,10.515,0.21,1.95
NIFTY 50,2025-07-25,25010.35,25010.35,24806.35,24837.0,10.7225,11.5825,10.6125,11.28,10.7225,0.56,5.2
NIFTY 50,2025-07-28,24782.45,24889.2,24646.6,24680.9,11.275,12.23,10.325,12.06,11.275,0.79,6.96
NIFTY 50,2025-07-29,24609.65,24847.15,24598.6,24821.1,12.0625,12.3,11.4,11.53,12.0625,-0.53,-4.41
NIFTY 50,2025-07-30,24890.4,24902.3,24771.95,24855.05,11.525,11.775,10.6125,11.21,11.525,-0.32,-2.73
NIFTY 50,2025-07-31,24642.25,24956.5,24635.0,24768.35,11.205,12.12,11.205,11.54,11.205,0.34,2.99
NIFTY 50,2025-08-01,24734.9,24784.15,24535.05,24565.35,11.5425,12.11,11.4025,11.98,11.5425,0.44,3.79
NIFTY 50,2025-08-04,24596.05,24736.25,24554.0,24722.75,11.975,12.63,11.8025,11.97,11.975,-0.01,-0.04
NIFTY 50,2025-08-05,24720.25,24733.1,24590.3,24649.55,11.9675,12.1775,11.64,11.71,11.9675,-0.26,-2.15
NIFTY 50,2025-08-06,24641.35,24671.4,24539.2,24574.2,11.7125,12.0475,10.6575,11.96,11.7125,0.25,2.11
NIFTY 50,2025-08-07,24464.2,24634.2,24344.15,24596.15,11.96,12.3075,11.555,11.69,11.96,-0.27,-2.26
NIFTY 50,2025-08-08,24544.25,24585.5,24337.5,24363.3,11.6875,12.1975,10.8975,12.03,11.6875,0.34,2.93
NIFTY 50,2025-08-11,24371.5,24600.85,24347.45,24585.05,12.0325,12.73,12.0325,12.22,12.0325,0.19,1.56
NIFTY 50,2025-08-12,24563.35,24702.6,24465.65,24487.4,12.2175,12.4225,11.595,12.23,12.2175,0.01,0.1
NIFTY 50,2025-08-13,24586.2,24664.55,24535.25,24619.35,12.2325,12.3525,10.7775,12.14,12.2325,-0.09,-0.76
NIFTY 50,2025-08-14,24607.25,24673.65,24596.9,24631.3,12.14,12.47,11.4725,12.36,12.14,0.22,1.81
NIFTY 50,2025-08-18,24938.2,25022.0,24852.85,24876.95,12.355,13.465,11.75,12.34,12.355,-0.02,-0.12
NIFTY 50,2025-08-19,24891.35,25012.65,24873.95,24980.65,12.34,12.34,11.76,11.79,12.34,-0.55,-4.46
NIFTY 50,2025-08-20,24965.8,25088.7,24929.7,25050.55,11.79,11.99,10.185,11.79,11.79,0.0,0.0
NIFTY 50,2025-08-21,25142.0,25153.65,25054.9,25083.75,11.785,11.8925,10.0875,11.37,11.785,-0.42,-3.52
NIFTY 50,2025-08-22,25064.15,25084.85,24859.15,24870.1,11.3725,11.785,10.695,11.73,11.3725,0.36,3.14
NIFTY 50,2025-08-25,24949.15,25021.55,24894.35,24967.75,11.7275,12.3475,11.545,11.76,11.7275,0.03,0.28
NIFTY 50,2025-08-26,24899.5,24919.65,24689.6,24712.05,11.7575,12.5475,10.9275,12.19,11.7575,0.43,3.68
NIFTY 50,2025-08-28,24695.8,24702.65,24481.6,24500.9,12.1925,13.145,11.575,12.18,12.1925,-0.01,-0.1
NIFTY 50,2025-08-29,24466.7,24572.45,24404.7,24426.85,12.1775,12.2025,11.5925,11.75,12.1775,-0.43,-3.51
NIFTY 50,2025-09-01,24432.7,24635.6,24432.7,24625.05,11.7525,12.195,11.235,11.29,11.7525,-0.46,-3.94
NIFTY 50,2025-09-02,24653.0,24756.1,24522.35,24579.6,11.2925,11.7825,10.78,11.4,11.2925,0.11,0.95
NIFTY 50,2025-09-03,24616.5,24737.05,24533.2,24715.05,11.4,11.5775,10.85,10.93,11.4,-0.47,-4.12
NIFTY 50,2025-09-04,24980.75,24980.75,24708.2,24734.3,10.93,11.2375,10.4925,10.85,10.93,-0.08,-0.73
NIFTY 50,2025-09-05,24818.85,24832.35,24621.6,24741.0,10.8525,11.435,9.9525,10.78,10.8525,-0.07,-0.67
NIFTY 50,2025-09-08,24802.6,24885.5,24751.55,24773.15,10.78,11.0825,10.42,10.84,10.78,0.06,0.56
NIFTY 50,2025-09-09,24864.1,24891.8,24814.0,24868.6,10.8375,11.45,9.8525,10.69,10.8375,-0.15,-1.36
NIFTY 50,2025-09-10,24991.0,25035.7,24915.05,24973.1,10.685,10.84,10.2475,10.54,10.685,-0.15,-1.36
NIFTY 50,2025-09-11,24945.5,25037.3,24940.15,25005.5,10.5375,10.7775,10.1825,10.36,10.5375,-0.18,-1.68
NIFTY 50,2025-09-12,25074.45,25139.45,25038.05,25114.0,10.36,10.36,9.85,10.12,10.36,-0.24,-2.32
NIFTY 50,2025-09-15,25118.9,25138.45,25048.75,25069.2,10.1225,10.6825,9.9025,10.4,10.1225,0.28,2.74
NIFTY 50,2025-09-16,25073.6,25261.4,25070.45,25239.1,10.3975,10.5,9.755,10.27,10.3975,-0.13,-1.23
NIFTY 50,2025-09-17,25276.6,25346.5,25275.35,25330.25,10.2725,10.3575,9.615,10.25,10.2725,-0.02,-0.22
NIFTY 50,2025-09-18,25441.05,25448.95,25329.75,25423.6,10.2475,10.2475,9.4925,9.89,10.2475,-0.36,-3.49
NIFTY 50,2025-09-19,25410.2,25431.4,25286.3,25327.05,9.885,10.255,9.3975,9.97,9.885,0.09,0.86
NIFTY 50,2025-09-22,25238.1,25331.7,25151.05,25202.35,9.9675,10.7325,9.9675,10.56,9.9675,0.59,5.94
NIFTY 50,2025-09-23,25209.0,25261.9,25084.65,25169.5,10.5575,10.9025,9.9625,10.63,10.5575,0.07,0.69
NIFTY 50,2025-09-24,25108.75,25149.85,25027.45,25056.9,10.625,10.8925,10.1125,10.52,10.625,-0.11,-0.99
NIFTY 50,2025-09-25,25034.5,25092.7,24878.3,24890.85,10.5225,10.8975,10.285,10.78,10.5225,0.26,2.45
NIFTY 50,2025-09-26,24818.55,24868.6,24629.45,24654.7,10.7825,11.6775,10.17,11.43,10.7825,0.65,6.01
NIFTY 50,2025-09-29,24728.55,24791.3,24606.2,24634.9,11.425,11.725,10.615,11.37,11.425,-0.06,-0.48
NIFTY 50,2025-09-30,24691.95,24731.8,24587.7,24611.1,11.365,11.7875,10.93,11.07,11.365,-0.3,-2.6
NIFTY 50,2025-10-01,24620.55,24867.95,24605.95,24836.3,11.065,11.255,10.1525,10.29,11.065,-0.78,-7.0
NIFTY 50,2025-10-03,24759.55,24904.8,24747.55,24894.25,10.2875,10.6225,9.945,10.06,10.2875,-0.23,-2.21
NIFTY 50,2025-10-06,24916.55,25095.95,24881.65,25077.65,10.06,10.5375,9.6575,10.19,10.06,0.13,1.29
NIFTY 50,2025-10-07,25085.3,25220.9,25076.3,25108.3,10.1925,10.45,10.0,10.05,10.1925,-0.14,-1.4
NIFTY 50,2025-10-08,25079.75,25192.5,25008.5,25046.15,10.05,10.5225,9.6875,10.31,10.05,0.26,2.59
NIFTY 50,2025-10-09,25074.3,25199.25,25024.3,25181.8,10.3125,10.565,9.9975,10.12,10.3125,-0.19,-1.87
NIFTY 50,2025-10-10,25167.65,25330.75,25156.85,25285.35,10.12,10.3425,9.71,10.1,10.12,-0.02,-0.2
NIFTY 50,2025-10-13,25177.3,25267.3,25152.3,25227.35,10.1025,11.2575,9.7775,11.01,10.1025,0.91,8.98
NIFTY 50,2025-10-14,25277.55,25310.35,25060.55,25145.5,11.0075,11.6675,10.0125,11.16,11.0075,0.15,1.39
NIFTY 50,2025-10-15,25181.95,25365.15,25159.35,25323.55,11.155,11.155,10.4325,10.53,11.155,-0.63,-5.6
NIFTY 50,2025-10-16,25394.9,25625.4,25376.85,25585.3,10.53,11.0575,10.3825,10.87,10.53,0.34,3.23
NIFTY 50,2025-10-17,25546.85,25781.5,25508.6,25709.85,10.865,11.81,9.775,11.63,10.865,0.77,7.04
NIFTY 50,2025-10-20,25824.6,25926.2,25788.5,25843.15,11.625,11.8775,10.6675,11.36,11.625,-0.27,-2.28
NIFTY 50,2025-10-21,25901.2,25934.35,25825.8,25868.6,11.355,11.595,10.7,11.3,11.355,-0.06,-0.48
NIFTY 50,2025-10-23,26057.2,26104.2,25862.45,25891.4,11.2975,12.05,10.7375,11.73,11.2975,0.43,3.83
NIFTY 50,2025-10-24,25935.1,25944.15,25718.2,25795.15,11.7325,11.94,11.4375,11.59,11.7325,-0.14,-1.21
NIFTY 50,2025-10-27,25843.2,26005.95,25827.0,25966.05,11.59,12.7275,11.2775,11.86,11.59,0.27,2.33
NIFTY 50,2025-10-28,25939.95,26041.7,25810.05,25936.2,11.8575,12.635,10.705,11.95,11.8575,0.09,0.78
NIFTY 50,2025-10-29,25982.0,26097.85,25960.3,26053.9,11.9525,12.1025,11.2275,11.97,11.9525,0.02,0.15
NIFTY 50,2025-10-30,25984.4,26032.05,25845.25,25877.85,11.9725,12.2725,11.705,12.07,11.9725,0.1,0.81
NIFTY 50,2025-10-31,25863.8,25953.75,25711.2,25722.1,12.0675,12.2875,11.77,12.15,12.0675,0.08,0.68
NIFTY 50,2025-11-03,25696.85,25803.1,25645.5,25763.35,12.1525,12.94,11.7875,12.67,12.1525,0.52,4.26
NIFTY 50,2025-11-04,25744.75,25787.4,25578.4,25597.65,12.665,12.935,10.98,12.65,12.665,-0.02,-0.12
NIFTY 50,2025-11-06,25593.35,25679.15,25491.55,25509.7,12.6525,12.865,12.0575,12.41,12.6525,-0.24,-1.92
NIFTY 50,2025-11-07,25433.8,25551.25,25318.45,25492.3,12.41,12.6675,11.9575,12.56,12.41,0.15,1.21
NIFTY 50,2025-11-10,25503.5,25653.45,25503.5,25574.35,12.5575,12.9275,11.405,12.3,12.5575,-0.26,-2.05
NIFTY 50,2025-11-11,25617.0,25715.8,25449.25,25694.95,12.3,13.005,11.9925,12.49,12.3,0.19,1.54
NIFTY 50,2025-11-12,25834.3,25934.55,25781.15,25875.8,12.49,12.7125,11.4425,12.11,12.49,-0.38,-3.04
NIFTY 50,2025-11-13,25906.1,26010.7,25808.4,25879.15,12.11,12.2725,11.23,12.16,12.11,0.05,0.41
NIFTY 50,2025-11-14,25767.9,25940.2,25740.8,25910.05,12.1625,12.445,11.8025,11.94,12.1625,-0.22,-1.83
NIFTY 50,2025-11-17,25948.2,26024.2,25906.35,26013.45,11.9375,12.28,10.895,11.79,11.9375,-0.15,-1.24
NIFTY 50,2025-11-18,26021.8,26029.85,25876.5,25910.05,11.7875,12.29,10.94,12.1,11.7875,0.31,2.65
NIFTY 50,2025-11-19,25918.1,26074.65,25856.2,26052.65,12.095,12.375,10.765,11.97,12.095,-0.13,-1.03
NIFTY 50,2025-11-20,26132.1,26246.65,26063.2,26192.15,11.9725,12.3775,11.055,12.14,11.9725,0.17,1.4
NIFTY 50,2025-11-21,26109.55,26179.2,26052.2,26068.15,12.135,13.85,12.135,13.63,12.135,1.5,12.32
NIFTY 50,2025-11-24,26122.8,26142.8,25912.15,25959.5,13.63,13.63,11.9375,13.24,13.63,-0.39,-2.86
NIFTY 50,2025-11-25,25998.5,26032.6,25857.5,25884.8,13.235,13.235,10.855,12.24,13.235,-1.0,-7.52
NIFTY 50,2025-11-26,25842.95,26215.15,25842.95,26205.3,12.2425,12.5725,11.585,11.97,12.2425,-0.27,-2.23
NIFTY 50,2025-11-27,26261.25,26310.45,26141.9,26215.55,11.9675,12.2425,11.5075,11.79,11.9675,-0.18,-1.48
NIFTY 50,2025-11-28,26237.45,26280.75,26172.4,26202.95,11.785,11.785,10.8175,11.62,11.785,-0.17,-1.4
NIFTY 50,2025-12-01,26325.8,26325.8,26124.2,26175.75,11.6175,12.01,10.9,11.63,11.6175,0.01,0.11
NIFTY 50,2025-12-02,26087.95,26154.6,25997.85,26032.2,11.625,11.94,11.03,11.23,11.625,-0.4,-3.4
NIFTY 50,2025-12-03,26004.9,26066.45,25891.0,25986.0,11.2275,11.3725,10.915,11.21,11.2275,-0.02,-0.16
NIFTY 50,2025-12-04,25981.85,26098.25,25938.95,26033.75,11.2125,11.27,10.58,10.82,11.2125,-0.39,-3.5
NIFTY 50,2025-12-05,25999.8,26202.6,25985.35,26186.45,10.8175,10.8675,10.1575,10.32,10.8175,-0.5,-4.6
NIFTY 50,2025-12-08,26159.8,26178.7,25892.25,25960.55,10.315,11.61,10.135,11.13,10.315,0.82,7.9
NIFTY 50,2025-12-09,25867.1,25923.65,25728.0,25839.65,11.125,11.8825,10.455,10.95,11.125,-0.18,-1.57
NIFTY 50,2025-12-10,25864.05,25947.65,25734.55,25758.0,10.9525,11.4225,10.49,10.91,10.9525,-0.04,-0.39
NIFTY 50,2025-12-11,25771.4,25922.8,25693.25,25898.55,10.9125,11.1925,10.3175,10.4,10.9125,-0.51,-4.7
NIFTY 50,2025-12-12,25971.2,26057.6,25938.45,26046.95,10.4,10.4,9.9625,10.11,10.4,-0.29,-2.79
NIFTY 50,2025-12-15,25930.05,26047.15,25904.75,26027.3,10.1075,10.8425,10.0475,10.25,10.1075,0.14,1.41
NIFTY 50,2025-12-16,25951.5,25980.75,25834.35,25860.1,10.25,10.4275,9.6625,10.06,10.25,-0.19,-1.85
NIFTY 50,2025-12-17,25902.4,25929.15,25770.35,25818.55,10.0625,10.1775,9.4825,9.84,10.0625,-0.22,-2.21
NIFTY 50,2025-12-18,25764.7,25902.35,25726.3,25815.55,9.8375,9.9475,9.6125,9.71,9.8375,-0.13,-1.3
NIFTY 50,2025-12-19,25911.5,25993.35,25880.45,25966.4,9.7075,10.3075,9.435,9.52,9.7075,-0.19,-1.93
NIFTY 50,2025-12-22,26055.85,26180.7,26047.8,26172.4,9.5225,9.8975,8.8625,9.68,9.5225,0.16,1.65
NIFTY 50,2025-12-23,26205.2,26233.55,26119.05,26177.15,9.675,9.785,9.3225,9.38,9.675,-0.3,-3.05
NIFTY 50,2025-12-24,26170.65,26236.4,26123.0,26142.1,9.3775,9.68,8.8825,9.19,9.3775,-0.19,-2.0
NIFTY 50,2025-12-26,26121.25,26144.2,26008.6,26042.3,9.19,9.395,9.02,9.15,9.19,-0.04,-0.44
NIFTY 50,2025-12-29,26063.35,26106.8,25920.3,25942.1,9.15,9.77,9.0475,9.72,9.15,0.57,6.23
NIFTY 50,2025-12-30,25940.9,25976.75,25878.0,25938.85,9.72,9.9875,9.5875,9.68,9.72,-0.04,-0.41
NIFTY 50,2025-12-31,25971.05,26187.95,25969.0,26129.6,9.6775,9.73,9.3125,9.48,9.6775,-0.2,-2.04
NIFTY 50,2026-01-01,26173.3,26197.55,26113.4,26146.55,9.475,9.475,8.72,9.19,9.475,-0.29,-3.01
NIFTY 50,2026-01-02,26155.1,26340.0,26118.4,26328.55,9.185,9.555,8.9675,9.45,9.185,0.27,2.89
NIFTY 50,2026-01-05,26333.7,26373.2,26210.05,26250.3,9.45,10.215,9.2925,10.02,9.45,0.57,6.03
NIFTY 50,2026-01-06,26189.7,26273.95,26124.75,26178.7,10.0225,10.285,9.6475,10.02,10.0225,0.0,-0.02
NIFTY 50,2026-01-07,26143.1,26187.15,26067.9,26140.75,10.0175,10.24,9.745,9.95,10.0175,-0.07,-0.67
NIFTY 50,2026-01-08,26106.5,26133.2,25858.45,25876.85,9.95,10.99,9.475,10.6,9.95,0.65,6.53
NIFTY 50,2026-01-09,25840.4,25940.6,25623.0,25683.3,10.6,11.035,10.2175,10.93,10.6,0.33,3.11
NIFTY 50,2026-01-12,25669.05,25813.15,25473.4,25790.25,10.925,11.945,10.5175,11.37,10.925,0.45,4.07
NIFTY 50,2026-01-13,25897.35,25899.8,25603.3,25732.3,11.3675,11.68,10.6375,11.2,11.3675,-0.17,-1.47
NIFTY 50,2026-01-14,25648.55,25791.75,25603.95,25665.6,11.1975,11.4725,11.0125,11.32,11.1975,0.12,1.09
NIFTY 50,2026-01-16,25696.05,25873.5,25662.4,25694.35,11.32,11.575,10.875,11.37,11.32,0.05,0.44
NIFTY 50,2026-01-19,25653.1,25653.3,25494.35,25585.5,11.3725,12.125,10.3925,11.83,11.3725,0.46,4.02
NIFTY 50,2026-01-20,25580.3,25585.0,25171.35,25232.5,11.8275,12.9025,10.995,12.73,11.8275,0.9,7.63
NIFTY 50,2026-01-21,25141.0,25300.95,24919.8,25157.5,12.73,14.43,12.4325,13.78,12.73,1.05,8.25
NIFTY 50,2026-01-22,25344.15,25435.75,25168.5,25289.9,13.78,14.3275,12.9075,13.35,13.78,-0.43,-3.12
NIFTY 50,2026-01-23,25344.6,25347.95,25025.3,25048.65,13.35,14.4325,12.2825,14.19,13.35,0.84,6.29
NIFTY 50,2026-01-27,25063.35,25246.65,24932.55,25175.4,14.1925,16.0575,13.9225,14.45,14.1925,0.26,1.81
NIFTY 50,2026-01-28,25258.85,25372.1,25187.65,25342.75,14.4525,14.51,13.44,13.53,14.4525,-0.92,-6.38
NIFTY 50,2026-01-29,25345.0,25458.15,25159.8,25418.9,13.525,14.1925,13.0725,13.37,13.525,-0.16,-1.15
NIFTY 50,2026-01-30,25247.55,25370.7,25213.65,25320.65,13.37,14.23,12.8825,13.63,13.37,0.26,1.94
NIFTY 50,2026-02-01,25333.75,25440.9,24571.75,24825.45,13.6325,16.1125,13.3475,15.1,13.6325,1.47,10.76
NIFTY 50,2026-02-02,24796.5,25108.1,24679.4,25088.4,15.095,15.5525,13.58,13.87,15.095,-1.23,-8.12
NIFTY 50,2026-02-03,26308.05,26341.2,25641.3,25727.55,13.865,15.465,11.85,12.9,13.865,-0.97,-6.96
NIFTY 50,2026-02-04,25675.05,25818.55,25563.95,25776.0,12.895,13.145,12.06,12.25,12.895,-0.65,-5.0
NIFTY 50,2026-02-05,25755.9,25757.65,25579.5,25642.8,12.2525,12.545,10.935,12.17,12.2525,-0.08,-0.67
NIFTY 50,2026-02-06,25605.8,25703.95,25491.9,25693.7,12.1675,12.345,11.16,11.94,12.1675,-0.23,-1.87
NIFTY 50,2026-02-09,25888.7,25922.25,25780.9,25867.3,11.94,12.28,10.67,12.19,11.94,0.25,2.09
NIFTY 50,2026-02-10,25922.65,25989.45,25870.45,25935.15,12.19,12.19,10.355,11.67,12.19,-0.52,-4.27
NIFTY 50,2026-02-11,25997.45,26009.4,25899.8,25953.85,11.665,11.7125,10.5575,11.55,11.665,-0.12,-0.99
