day,bucket,status
2021-07-02,1,MISSING_FEATURE_LEGS
2021-07-09,1,MISSING_FEATURE_LEGS
2021-07-16,1,MISSING_FEATURE_LEGS
2021-07-23,1,MISSING_FEATURE_LEGS
2021-07-30,1,MISSING_FEATURE_LEGS
2021-08-06,1,MISSING_FEATURE_LEGS
2021-08-13,1,MISSING_FEATURE_LEGS
2021-08-20,1,MISSING_FEATURE_LEGS
2021-08-27,1,MISSING_FEATURE_LEGS
2021-09-03,1,MISSING_FEATURE_LEGS
2021-09-17,1,MISSING_FEATURE_LEGS
2021-09-24,1,MISSING_FEATURE_LEGS
2021-10-01,1,MISSING_FEATURE_LEGS
2021-10-08,1,MISSING_FEATURE_LEGS
2021-10-22,1,MISSING_FEATURE_LEGS
2021-10-25,1,MISSING_FEATURE_LEGS
2021-10-26,1,MISSING_FEATURE_LEGS
2021-10-27,1,MISSING_FEATURE_LEGS
2021-10-28,1,MISSING_FEATURE_LEGS
2021-10-29,0,MISSING_FEATURE_LEGS
2021-10-29,1,MISSING_FEATURE_LEGS
2021-11-01,1,MISSING_FEATURE_LEGS
2021-11-02,1,MISSING_FEATURE_LEGS
2021-11-03,1,MISSING_FEATURE_LEGS
2021-11-12,1,MISSING_FEATURE_LEGS
2021-11-26,1,MISSING_FEATURE_LEGS
2021-12-03,1,MISSING_FEATURE_LEGS
2021-12-10,1,MISSING_FEATURE_LEGS
2021-12-17,1,MISSING_FEATURE_LEGS
2021-12-24,1,MISSING_FEATURE_LEGS
2021-12-31,1,MISSING_FEATURE_LEGS
2022-01-07,1,MISSING_FEATURE_LEGS
2022-01-14,1,MISSING_FEATURE_LEGS
2022-01-21,1,MISSING_FEATURE_LEGS
2022-01-24,1,MISSING_FEATURE_LEGS
2022-01-28,1,MISSING_FEATURE_LEGS
2022-02-04,1,MISSING_FEATURE_LEGS
2022-02-11,1,MISSING_FEATURE_LEGS
2022-02-18,1,MISSING_FEATURE_LEGS
2022-02-25,1,MISSING_FEATURE_LEGS
2022-03-04,1,MISSING_FEATURE_LEGS
2022-03-09,1,MISSING_FEATURE_LEGS
2022-03-11,1,MISSING_FEATURE_LEGS
2022-03-25,1,MISSING_FEATURE_LEGS
2022-04-01,1,MISSING_FEATURE_LEGS
2022-04-08,1,MISSING_FEATURE_LEGS
2022-04-22,1,MISSING_FEATURE_LEGS
2022-04-29,1,MISSING_FEATURE_LEGS
2022-05-06,1,MISSING_FEATURE_LEGS
2022-05-13,1,MISSING_FEATURE_LEGS
2022-05-20,1,MISSING_FEATURE_LEGS
2022-05-27,1,MISSING_FEATURE_LEGS
2022-06-03,1,MISSING_FEATURE_LEGS
2022-06-10,1,MISSING_FEATURE_LEGS
2022-06-17,1,MISSING_FEATURE_LEGS
2022-06-24,0,INVALID_FEATURE_VALUES
2022-06-24,1,MISSING_FEATURE_LEGS
2022-07-01,1,MISSING_FEATURE_LEGS
2022-07-08,1,MISSING_FEATURE_LEGS
2022-07-15,1,MISSING_FEATURE_LEGS
2022-07-22,1,MISSING_FEATURE_LEGS
2022-07-29,1,MISSING_FEATURE_LEGS
2022-08-05,1,MISSING_FEATURE_LEGS
2022-08-12,1,MISSING_FEATURE_LEGS
2022-08-19,1,MISSING_FEATURE_LEGS
2022-08-26,1,MISSING_FEATURE_LEGS
2022-09-02,1,MISSING_FEATURE_LEGS
2022-09-09,1,MISSING_FEATURE_LEGS
2022-09-16,1,MISSING_FEATURE_LEGS
2022-09-23,1,MISSING_FEATURE_LEGS
2022-09-30,1,MISSING_FEATURE_LEGS
2022-10-07,1,MISSING_FEATURE_LEGS
2022-10-14,1,MISSING_FEATURE_LEGS
2022-10-21,1,MISSING_FEATURE_LEGS
2022-10-28,1,MISSING_FEATURE_LEGS
2022-11-04,1,MISSING_FEATURE_LEGS
2022-11-11,1,MISSING_FEATURE_LEGS
2022-11-18,1,MISSING_FEATURE_LEGS
2022-11-25,1,MISSING_FEATURE_LEGS
2022-12-02,1,MISSING_FEATURE_LEGS
2022-12-09,1,MISSING_FEATURE_LEGS
2022-12-16,1,MISSING_FEATURE_LEGS
2022-12-23,1,MISSING_FEATURE_LEGS
2022-12-30,1,MISSING_FEATURE_LEGS
2023-01-06,1,MISSING_FEATURE_LEGS
2023-01-13,1,MISSING_FEATURE_LEGS
2023-01-20,1,MISSING_FEATURE_LEGS
2023-01-27,1,MISSING_FEATURE_LEGS
2023-02-03,1,MISSING_FEATURE_LEGS
2023-02-10,1,MISSING_FEATURE_LEGS
2023-02-17,1,MISSING_FEATURE_LEGS
2023-02-24,1,MISSING_FEATURE_LEGS
2023-03-03,1,MISSING_FEATURE_LEGS
2023-03-10,1,MISSING_FEATURE_LEGS
2023-03-17,1,MISSING_FEATURE_LEGS
2023-03-24,1,MISSING_FEATURE_LEGS
2023-03-31,1,MISSING_FEATURE_LEGS
2023-04-21,1,MISSING_FEATURE_LEGS
2023-04-28,1,MISSING_FEATURE_LEGS
2023-05-05,1,MISSING_FEATURE_LEGS
2023-05-12,1,MISSING_FEATURE_LEGS
2023-05-19,1,MISSING_FEATURE_LEGS
2023-05-23,0,INVALID_FEATURE_VALUES
2023-05-23,1,INVALID_FEATURE_VALUES
2023-05-26,1,MISSING_FEATURE_LEGS
2023-06-02,1,MISSING_FEATURE_LEGS
2023-06-09,1,MISSING_FEATURE_LEGS
2023-06-16,1,MISSING_FEATURE_LEGS
2023-06-23,1,MISSING_FEATURE_LEGS
2023-06-30,1,MISSING_FEATURE_LEGS
2023-07-07,1,MISSING_FEATURE_LEGS
2023-07-14,1,MISSING_FEATURE_LEGS
2023-07-21,1,MISSING_FEATURE_LEGS
2023-07-28,1,MISSING_FEATURE_LEGS
2023-08-04,1,MISSING_FEATURE_LEGS
2023-08-11,1,MISSING_FEATURE_LEGS
2023-08-18,1,MISSING_FEATURE_LEGS
2023-08-25,1,MISSING_FEATURE_LEGS
2023-09-01,1,MISSING_FEATURE_LEGS
2023-09-08,1,MISSING_FEATURE_LEGS
2023-09-15,1,MISSING_FEATURE_LEGS
2023-09-22,1,MISSING_FEATURE_LEGS
2023-09-29,1,MISSING_FEATURE_LEGS
2023-10-06,1,MISSING_FEATURE_LEGS
2023-10-13,1,MISSING_FEATURE_LEGS
2023-10-20,1,MISSING_FEATURE_LEGS
2023-10-27,1,MISSING_FEATURE_LEGS
2023-11-03,1,MISSING_FEATURE_LEGS
2023-11-10,1,MISSING_FEATURE_LEGS
2023-11-17,1,MISSING_FEATURE_LEGS
2023-11-24,1,MISSING_FEATURE_LEGS
2023-12-01,1,MISSING_FEATURE_LEGS
2023-12-08,1,MISSING_FEATURE_LEGS
2023-12-15,1,MISSING_FEATURE_LEGS
2023-12-29,1,MISSING_FEATURE_LEGS
2024-01-05,1,MISSING_FEATURE_LEGS
2024-01-12,1,MISSING_FEATURE_LEGS
2024-01-19,1,MISSING_FEATURE_LEGS
2024-01-20,1,MISSING_FEATURE_LEGS
2024-02-02,1,MISSING_FEATURE_LEGS
2024-02-09,1,MISSING_FEATURE_LEGS
2024-02-16,1,MISSING_FEATURE_LEGS
2024-02-23,1,MISSING_FEATURE_LEGS
2024-03-01,1,MISSING_FEATURE_LEGS
2024-03-02,1,MISSING_FEATURE_LEGS
2024-03-15,1,MISSING_FEATURE_LEGS
2024-03-22,1,MISSING_FEATURE_LEGS
2024-04-05,1,MISSING_FEATURE_LEGS
2024-04-12,1,MISSING_FEATURE_LEGS
2024-04-19,1,MISSING_FEATURE_LEGS
2024-04-26,1,MISSING_FEATURE_LEGS
2024-05-03,1,MISSING_FEATURE_LEGS
2024-05-10,1,MISSING_FEATURE_LEGS
2024-05-17,1,MISSING_FEATURE_LEGS
2024-05-18,1,MISSING_FEATURE_LEGS
2024-05-24,1,MISSING_FEATURE_LEGS
2024-05-31,1,MISSING_FEATURE_LEGS
2024-06-07,1,MISSING_FEATURE_LEGS
2024-06-14,1,MISSING_FEATURE_LEGS
2024-06-21,1,MISSING_FEATURE_LEGS
2024-06-28,1,MISSING_FEATURE_LEGS
2024-07-05,1,MISSING_FEATURE_LEGS
2024-07-12,1,MISSING_FEATURE_LEGS
2024-07-19,1,MISSING_FEATURE_LEGS
2024-07-26,1,MISSING_FEATURE_LEGS
2024-08-02,1,MISSING_FEATURE_LEGS
2024-08-09,1,MISSING_FEATURE_LEGS
2024-08-16,1,MISSING_FEATURE_LEGS
2024-08-23,1,MISSING_FEATURE_LEGS
2024-08-30,1,MISSING_FEATURE_LEGS
2024-09-06,1,MISSING_FEATURE_LEGS
2024-09-13,1,MISSING_FEATURE_LEGS
2024-09-20,1,MISSING_FEATURE_LEGS
2024-09-27,1,MISSING_FEATURE_LEGS
2024-10-04,1,MISSING_FEATURE_LEGS
2024-10-11,1,MISSING_FEATURE_LEGS
2024-10-18,1,MISSING_FEATURE_LEGS
2024-10-25,1,MISSING_FEATURE_LEGS
2024-11-08,1,MISSING_FEATURE_LEGS
2024-11-22,1,MISSING_FEATURE_LEGS
2024-11-29,1,MISSING_FEATURE_LEGS
2024-12-06,1,MISSING_FEATURE_LEGS
2024-12-13,1,MISSING_FEATURE_LEGS
2024-12-20,1,MISSING_FEATURE_LEGS
2024-12-27,1,MISSING_FEATURE_LEGS
2025-01-03,1,MISSING_FEATURE_LEGS
2025-01-10,1,MISSING_FEATURE_LEGS
2025-01-17,1,MISSING_FEATURE_LEGS
2025-01-24,1,MISSING_FEATURE_LEGS
2025-01-31,1,MISSING_FEATURE_LEGS
2025-02-01,1,MISSING_FEATURE_LEGS
2025-02-07,1,MISSING_FEATURE_LEGS
2025-02-14,1,MISSING_FEATURE_LEGS
2025-02-21,1,MISSING_FEATURE_LEGS
2025-02-28,1,MISSING_FEATURE_LEGS
2025-03-07,1,MISSING_FEATURE_LEGS
2025-03-21,1,MISSING_FEATURE_LEGS
2025-03-28,1,MISSING_FEATURE_LEGS
2025-04-04,1,MISSING_FEATURE_LEGS
2025-04-07,1,MISSING_FEATURE_LEGS
2025-04-11,1,MISSING_FEATURE_LEGS
2025-04-25,1,MISSING_FEATURE_LEGS
2025-05-02,1,MISSING_FEATURE_LEGS
2025-05-09,1,MISSING_FEATURE_LEGS
2025-05-16,1,MISSING_FEATURE_LEGS
2025-05-23,1,MISSING_FEATURE_LEGS
2025-05-30,1,MISSING_FEATURE_LEGS
2025-06-06,1,MISSING_FEATURE_LEGS
2025-06-13,1,MISSING_FEATURE_LEGS
2025-06-16,0,INVALID_FEATURE_VALUES
2025-06-20,1,MISSING_FEATURE_LEGS
2025-06-27,1,MISSING_FEATURE_LEGS
2025-07-04,1,MISSING_FEATURE_LEGS
2025-07-11,1,MISSING_FEATURE_LEGS
2025-07-18,1,MISSING_FEATURE_LEGS
2025-07-25,1,MISSING_FEATURE_LEGS
2025-08-01,1,MISSING_FEATURE_LEGS
2025-08-08,1,MISSING_FEATURE_LEGS
2025-08-22,1,MISSING_FEATURE_LEGS
2025-08-29,1,MISSING_FEATURE_LEGS
2025-09-03,1,MISSING_FEATURE_LEGS
2025-09-04,1,MISSING_FEATURE_LEGS
2025-09-05,1,MISSING_FEATURE_LEGS
2025-09-10,1,MISSING_FEATURE_LEGS
2025-09-11,1,MISSING_FEATURE_LEGS
2025-09-12,1,MISSING_FEATURE_LEGS
2025-09-17,1,MISSING_FEATURE_LEGS
2025-09-18,0,INVALID_FEATURE_VALUES
2025-09-18,1,MISSING_FEATURE_LEGS
2025-09-19,1,MISSING_FEATURE_LEGS
2025-09-24,1,MISSING_FEATURE_LEGS
2025-09-25,1,MISSING_FEATURE_LEGS
2025-09-26,1,MISSING_FEATURE_LEGS
2025-10-01,1,MISSING_FEATURE_LEGS
2025-10-03,1,MISSING_FEATURE_LEGS
2025-10-08,1,MISSING_FEATURE_LEGS
2025-10-09,1,MISSING_FEATURE_LEGS
2025-10-13,1,MISSING_FEATURE_LEGS
2025-10-14,1,MISSING_FEATURE_LEGS
2025-10-15,0,MISSING_FEATURE_LEGS
2025-10-15,1,MISSING_FEATURE_LEGS
2025-10-16,0,MISSING_FEATURE_LEGS
2025-10-16,1,MISSING_FEATURE_LEGS
2025-10-17,0,MISSING_FEATURE_LEGS
2025-10-17,1,MISSING_FEATURE_LEGS
2025-10-20,1,MISSING_FEATURE_LEGS
2025-10-23,1,MISSING_FEATURE_LEGS
2025-10-24,1,MISSING_FEATURE_LEGS
2025-10-28,1,INVALID_FEATURE_VALUES
2025-10-29,1,MISSING_FEATURE_LEGS
2025-10-30,1,MISSING_FEATURE_LEGS
2025-10-31,1,MISSING_FEATURE_LEGS
2025-11-03,0,INVALID_FEATURE_VALUES
2025-11-03,1,INVALID_FEATURE_VALUES
2025-11-06,1,MISSING_FEATURE_LEGS
2025-11-07,1,MISSING_FEATURE_LEGS
2025-11-12,0,INVALID_FEATURE_VALUES
2025-11-12,1,MISSING_FEATURE_LEGS
2025-11-13,1,MISSING_FEATURE_LEGS
2025-11-14,1,MISSING_FEATURE_LEGS
2025-11-19,1,MISSING_FEATURE_LEGS
2025-11-20,1,MISSING_FEATURE_LEGS
2025-11-21,1,MISSING_FEATURE_LEGS
2025-11-26,1,MISSING_FEATURE_LEGS
2025-11-27,1,MISSING_FEATURE_LEGS
2025-11-28,0,INVALID_FEATURE_VALUES
2025-11-28,1,MISSING_FEATURE_LEGS
2025-12-03,1,MISSING_FEATURE_LEGS
2025-12-04,1,MISSING_FEATURE_LEGS
2025-12-05,1,MISSING_FEATURE_LEGS
2025-12-10,1,MISSING_FEATURE_LEGS
2025-12-11,1,MISSING_FEATURE_LEGS
2025-12-12,1,MISSING_FEATURE_LEGS
2025-12-17,1,MISSING_FEATURE_LEGS
2025-12-18,1,MISSING_FEATURE_LEGS
2025-12-19,1,MISSING_FEATURE_LEGS
2025-12-24,1,MISSING_FEATURE_LEGS
2025-12-26,1,MISSING_FEATURE_LEGS
2025-12-31,1,MISSING_FEATURE_LEGS
2026-01-01,1,MISSING_FEATURE_LEGS
2026-01-02,1,MISSING_FEATURE_LEGS
2026-01-07,1,MISSING_FEATURE_LEGS
2026-01-08,1,MISSING_FEATURE_LEGS
2026-01-09,1,MISSING_FEATURE_LEGS
2026-01-14,1,MISSING_FEATURE_LEGS
2026-01-16,1,MISSING_FEATURE_LEGS
2026-01-21,1,MISSING_FEATURE_LEGS
2026-01-22,1,MISSING_FEATURE_LEGS
2026-01-23,1,MISSING_FEATURE_LEGS
2026-01-28,1,MISSING_FEATURE_LEGS
2026-01-29,1,MISSING_FEATURE_LEGS
2026-01-30,1,MISSING_FEATURE_LEGS
2026-02-01,1,INVALID_FEATURE_VALUES
2026-02-03,1,MISSING_FEATURE_LEGS
2026-02-04,0,INVALID_FEATURE_VALUES
2026-02-04,1,MISSING_FEATURE_LEGS
2026-02-05,1,MISSING_FEATURE_LEGS
2026-02-06,1,MISSING_FEATURE_LEGS
2026-02-11,1,MISSING_FEATURE_LEGS
2026-02-12,1,MISSING_FEATURE_LEGS
2026-02-13,1,MISSING_FEATURE_LEGS
2026-02-18,1,MISSING_FEATURE_LEGS
2026-02-19,1,MISSING_FEATURE_LEGS
2026-02-25,1,MISSING_FEATURE_LEGS
2026-02-26,1,MISSING_FEATURE_LEGS
2026-02-27,1,MISSING_FEATURE_LEGS
2026-03-04,1,MISSING_FEATURE_LEGS
2026-03-05,1,MISSING_FEATURE_LEGS
2026-03-06,1,MISSING_FEATURE_LEGS
2026-03-11,1,MISSING_FEATURE_LEGS
2026-03-12,1,MISSING_FEATURE_LEGS
2026-03-13,1,MISSING_FEATURE_LEGS
2026-03-18,1,MISSING_FEATURE_LEGS
2026-03-19,1,MISSING_FEATURE_LEGS
2026-03-25,1,MISSING_FEATURE_LEGS
2026-03-27,1,MISSING_FEATURE_LEGS
2026-04-01,1,MISSING_FEATURE_LEGS
2026-04-02,1,MISSING_FEATURE_LEGS
2026-04-08,0,INVALID_FEATURE_VALUES
2026-04-08,1,MISSING_FEATURE_LEGS
2026-04-09,1,MISSING_FEATURE_LEGS
2026-04-10,1,MISSING_FEATURE_LEGS
2026-04-15,1,MISSING_FEATURE_LEGS
2026-04-16,1,MISSING_FEATURE_LEGS
2026-04-17,1,MISSING_FEATURE_LEGS
2026-04-22,1,MISSING_FEATURE_LEGS
2026-04-23,1,MISSING_FEATURE_LEGS
2026-04-24,1,MISSING_FEATURE_LEGS
2026-04-29,1,MISSING_FEATURE_LEGS
2026-04-30,1,MISSING_FEATURE_LEGS
2026-05-06,0,INVALID_FEATURE_VALUES
2026-05-06,1,MISSING_FEATURE_LEGS
2026-05-07,1,MISSING_FEATURE_LEGS
2026-05-08,1,MISSING_FEATURE_LEGS
2026-05-13,1,MISSING_FEATURE_LEGS
2026-05-14,1,MISSING_FEATURE_LEGS
2026-05-15,1,MISSING_FEATURE_LEGS
2026-05-20,1,MISSING_FEATURE_LEGS
2026-05-21,1,MISSING_FEATURE_LEGS
2026-05-22,1,MISSING_FEATURE_LEGS
2026-05-27,1,MISSING_FEATURE_LEGS
2026-06-04,0,MISSING_FEATURE_LEGS
2026-06-04,1,MISSING_FEATURE_LEGS
2026-06-05,0,MISSING_FEATURE_LEGS
2026-06-05,1,MISSING_FEATURE_LEGS
2026-06-08,0,MISSING_FEATURE_LEGS
2026-06-08,1,MISSING_FEATURE_LEGS
2026-06-09,0,MISSING_FEATURE_LEGS
2026-06-09,1,MISSING_FEATURE_LEGS
2026-06-10,0,MISSING_FEATURE_LEGS
2026-06-10,1,MISSING_FEATURE_LEGS
2026-06-11,0,MISSING_FEATURE_LEGS
2026-06-11,1,MISSING_FEATURE_LEGS
2026-06-12,0,MISSING_FEATURE_LEGS
2026-06-12,1,MISSING_FEATURE_LEGS
2026-06-15,0,MISSING_FEATURE_LEGS
2026-06-15,1,MISSING_FEATURE_LEGS
2026-06-16,0,MISSING_FEATURE_LEGS
2026-06-16,1,MISSING_FEATURE_LEGS
2026-06-17,1,MISSING_FEATURE_LEGS
2026-06-18,1,MISSING_FEATURE_LEGS
2026-06-19,1,MISSING_FEATURE_LEGS
