mode,null_seed,feature,threshold,bucket,friction,trades,weeks,total_net,mean_weekly_net,median_weekly_net,positive_week_rate,worst_trade,worst_week,total_slippage,total_transaction_costs,raw_gross
NULL,101,VOL_IMB,0.2,0,stress,366,213,-25289.886529433992,-118.73186164053516,-371.9499310600031,0.4131455399061033,-5328.111906650001,-8078.768778940001,30831.000000000116,40165.88652943389,45707.000000000015
NULL,101,VOL_IMB,0.2,1,stress,278,184,-63866.80683442024,-347.1022110566317,-483.6203956050009,0.358695652173913,-4224.511297729997,-4845.23568614,22600.000000000113,33777.306834420124,-7489.499999999999
NULL,101,VOL_IMB,0.4,0,stress,81,75,13415.815030523338,178.87753374031112,-226.2210538975005,0.4533333333333333,-2615.64571277,-2933.4088276350003,6463.250000000022,8770.93496947665,28650.000000000007
NULL,101,VOL_IMB,0.4,1,stress,87,75,-20761.915575048595,-276.82554100064795,-174.18392043750072,0.37333333333333335,-4224.511297729997,-4224.511297729997,6928.000000000034,10531.165575048559,-3302.7500000000055
NULL,101,OI_CHANGE_IMB,0.2,0,stress,464,229,-122953.45032750563,-536.9146302511164,-814.9746337549991,0.37554585152838427,-5328.111906650001,-9404.344899487854,38899.500000000146,50570.20032750551,-33483.74999999999
NULL,101,OI_CHANGE_IMB,0.2,1,stress,400,208,-122430.19532977557,-588.6067083162287,-484.33380972250177,0.3701923076923077,-4224.511297729997,-4506.829409000004,32920.00000000019,48418.69532977538,-41091.5
NULL,101,OI_CHANGE_IMB,0.4,0,stress,240,165,-49567.38362003576,-300.4083855759743,-569.8242751400011,0.4,-5328.111906650001,-7942.081466282502,20365.000000000073,26206.133620035696,-2996.2499999999945
NULL,101,OI_CHANGE_IMB,0.4,1,stress,257,169,-74837.42659897299,-442.8250094613786,-476.07143716999997,0.3609467455621302,-4224.511297729997,-4232.95606854,21208.00000000012,31128.926598972866,-22500.500000000007
NULL,101,JOINT,0.2,0,stress,320,199,-29670.305092181894,-149.0970105134769,-489.13881915851476,0.4271356783919598,-5328.111906650001,-7942.081466282502,26849.7500000001,35065.30509218182,32244.750000000007
NULL,101,JOINT,0.2,1,stress,282,181,-72833.80339226639,-402.3967038246762,-487.87055446000045,0.35911602209944754,-4224.511297729997,-4224.511297729997,23400.00000000013,34264.55339226625,-15169.25000000002
NULL,101,JOINT,0.4,0,stress,77,69,18279.200044000343,264.91594266667164,-176.3132213999999,0.463768115942029,-4762.958681675001,-4762.958681675001,6541.500000000027,8530.049955999644,33350.75000000001
NULL,101,JOINT,0.4,1,stress,110,93,-32399.185338105053,-348.37833696887157,-462.26985189500044,0.3655913978494624,-4224.511297729997,-4224.511297729997,9240.000000000064,13393.935338104991,-9765.250000000005
NULL,202,VOL_IMB,0.2,0,stress,373,207,-95170.33899005223,-459.76009173938274,-800.7624401400002,0.3961352657004831,-4865.53943872176,-7591.243142917501,31196.50000000011,40815.33899005209,-23158.500000000007
NULL,202,VOL_IMB,0.2,1,stress,271,165,-75718.98511215835,-458.90294007368686,-506.91085760500346,0.3151515151515151,-4732.1296698875,-6354.817573697501,22056.000000000135,32558.48511215823,-21104.499999999978
NULL,202,VOL_IMB,0.4,0,stress,86,75,-16051.386804074249,-214.01849072099006,-458.4912961850001,0.41333333333333333,-4533.4725875675,-5976.596040645,7404.5000000000255,9460.636804074218,813.7499999999961
NULL,202,VOL_IMB,0.4,1,stress,88,72,-24496.063096996313,-340.22309856939324,-385.9082690825003,0.3194444444444444,-2718.9143194000003,-2718.9143194000003,7208.000000000045,10551.313096996284,-6736.749999999984
NULL,202,OI_CHANGE_IMB,0.2,0,stress,473,226,-17334.724018548477,-76.7023186661437,-650.2332199500008,0.38495575221238937,-5812.342864475,-8437.210690425001,39808.50000000013,51985.72401854833,74459.5
NULL,202,OI_CHANGE_IMB,0.2,1,stress,399,207,-67928.29400773808,-328.15600969921786,-364.80485534500065,0.4106280193236715,-4732.1296698875,-4979.189352465003,32848.00000000017,48849.544007737924,13769.250000000018
NULL,202,OI_CHANGE_IMB,0.4,0,stress,248,168,-59707.09350407252,-355.39936609566985,-842.4930541137501,0.32142857142857145,-5328.111906650001,-6650.975807172503,20601.500000000065,26825.843504072443,-12279.750000000015
NULL,202,OI_CHANGE_IMB,0.4,1,stress,248,162,-24202.36250837155,-149.3972994343923,-221.4067441462489,0.43209876543209874,-4732.1296698875,-4947.7769065950015,20816.0000000001,30763.61250837147,27377.25000000002
NULL,202,JOINT,0.2,0,stress,332,199,-31355.275707697587,-157.56419953616873,-484.0295811875009,0.41708542713567837,-4533.4725875675,-6079.903158385001,27451.000000000095,36326.775707697474,32422.49999999999
NULL,202,JOINT,0.2,1,stress,287,184,-53667.46985283909,-291.671031808908,-410.6450729775004,0.358695652173913,-4732.1296698875,-4947.7769065950015,23664.00000000013,34980.46985283895,4977.000000000001
NULL,202,JOINT,0.4,0,stress,78,69,-26577.742601956666,-385.18467539067626,-824.2208992725003,0.30434782608695654,-4533.4725875675,-5389.298126775,6548.500000000024,8600.742601956645,-11428.5
NULL,202,JOINT,0.4,1,stress,103,86,-24034.429478617873,-279.47011021648683,-298.2053741574987,0.32558139534883723,-4732.1296698875,-6206.998700462501,8520.000000000064,12616.679478617816,-2897.749999999997
NULL,303,VOL_IMB,0.2,0,stress,367,208,-83701.13981614505,-402.4093260391588,-568.5298746412506,0.375,-5060.239699017501,-8306.587547452498,30663.750000000102,40341.38981614494,-12696.000000000025
NULL,303,VOL_IMB,0.2,1,stress,271,167,-59383.14476494427,-355.5876932032591,-328.2739623850015,0.38922155688622756,-4141.389017255003,-4719.30569901,21936.00000000013,32464.144764944132,-4983.000000000006
NULL,303,VOL_IMB,0.4,0,stress,83,72,9025.633015877514,125.35601410940993,-20.34754737749965,0.5,-4207.009765628,-4207.009765628,7118.750000000018,9434.616984122458,25578.999999999985
NULL,303,VOL_IMB,0.4,1,stress,84,73,-18351.963997750998,-251.39676709247937,-221.20441396500033,0.3972602739726027,-2120.8809599442184,-2662.614219975002,7216.00000000004,10152.71399775095,-983.2500000000067
NULL,303,OI_CHANGE_IMB,0.2,0,stress,468,230,-75420.17567731538,-327.9138072926756,-712.0807829312503,0.3695652173913043,-4762.958681675001,-9309.289368225089,39109.25000000016,51209.675677315216,14898.75
NULL,303,OI_CHANGE_IMB,0.2,1,stress,401,207,-95554.62241753477,-461.61653341804237,-509.1927411250009,0.37681159420289856,-3744.77198375,-5272.791419475003,32456.00000000018,48503.87241753459,-14594.750000000002
NULL,303,OI_CHANGE_IMB,0.4,0,stress,246,166,-46151.39464037738,-278.02044964082756,-483.25399147500036,0.42168674698795183,-4191.405074818501,-6650.843459430131,21001.00000000008,26968.394640377286,1818.0
NULL,303,OI_CHANGE_IMB,0.4,1,stress,256,164,-69981.55814258796,-426.71681794260945,-381.651900522501,0.38414634146341464,-3744.77198375,-4092.363999400002,20552.000000000102,31002.308142587855,-18427.250000000007
NULL,303,JOINT,0.2,0,stress,324,196,-46746.23948735389,-238.50122187425453,-669.1227807325004,0.3979591836734694,-4888.44282815,-7284.621967835002,27588.500000000106,35514.739487353785,16356.999999999989
NULL,303,JOINT,0.2,1,stress,274,172,-63419.98131911151,-368.7208216227413,-313.70715761000105,0.38953488372093026,-3004.833768535001,-5272.791419475003,22120.000000000113,33088.23131911138,-8211.75000000001
NULL,303,JOINT,0.4,0,stress,80,69,-7108.905880433103,-103.02762145555222,-431.8913445699998,0.43478260869565216,-4057.09692270998,-4361.382726095,6649.500000000025,8714.655880433074,8255.250000000004
NULL,303,JOINT,0.4,1,stress,110,94,-24088.012490797082,-256.2554520297562,-280.86143002125016,0.35106382978723405,-3004.833768535001,-3004.833768535001,8712.000000000051,13181.012490797017,-2195.0000000000127
NULL,404,VOL_IMB,0.2,0,stress,363,211,-22447.041755184327,-106.38408414779299,-430.1404474675016,0.4265402843601896,-5812.342864475,-9969.433524675002,31103.50000000011,39657.54175518423,48314.0
NULL,404,VOL_IMB,0.2,1,stress,275,176,-69338.67853658489,-393.96976441241407,-522.4616531937511,0.35795454545454547,-4221.713736055,-4221.713736055,22240.000000000146,33296.42853658473,-13802.25
NULL,404,VOL_IMB,0.4,0,stress,90,78,-25552.631704563108,-327.5978423661937,-486.3823345536908,0.4230769230769231,-5812.342864475,-5812.342864475,7534.750000000029,9829.38170456308,-8188.4999999999945
NULL,404,VOL_IMB,0.4,1,stress,89,79,-24454.099138648267,-309.5455587170666,-445.4260244850003,0.31645569620253167,-2159.2624703980005,-2445.4371409700007,7112.000000000043,10777.849138648231,-6564.249999999994
NULL,404,OI_CHANGE_IMB,0.2,0,stress,483,234,-91730.05392211216,-392.00877744492374,-685.4499565862508,0.36324786324786323,-5060.239699017501,-9538.668842697503,40755.00000000012,52802.30392211204,1827.249999999991
NULL,404,OI_CHANGE_IMB,0.2,1,stress,403,208,-89031.45743788197,-428.03585306674023,-471.7704767000033,0.36538461538461536,-4224.511297729997,-4742.685268660001,33080.00000000015,48902.207437881836,-7049.250000000002
NULL,404,OI_CHANGE_IMB,0.4,0,stress,249,169,-69145.83836586116,-409.1469725790601,-624.3585371400009,0.38461538461538464,-5060.239699017501,-7007.914187730004,20577.750000000076,27093.338365861084,-21474.750000000007
NULL,404,OI_CHANGE_IMB,0.4,1,stress,260,169,-58634.444085916955,-346.94937328944945,-311.98849442999904,0.38461538461538464,-4224.511297729997,-4224.511297729997,21776.000000000073,31982.94408591688,-4875.500000000007
NULL,404,JOINT,0.2,0,stress,329,201,-24423.595215885034,-121.510423959627,-675.2027430100006,0.40298507462686567,-5328.111906650001,-7007.914187730004,27800.000000000084,35992.84521588494,39369.24999999999
NULL,404,JOINT,0.2,1,stress,292,182,-75823.42706441584,-416.6122366176695,-304.35579714750054,0.3516483516483517,-4224.511297729997,-4224.511297729997,23776.00000000011,35375.17706441572,-16672.250000000007
NULL,404,JOINT,0.4,0,stress,83,68,-38518.27662480574,-566.4452444824374,-563.8803101687502,0.38235294117647056,-5060.239699017501,-7205.937073082501,6922.500000000026,8944.526624805707,-22651.250000000007
NULL,404,JOINT,0.4,1,stress,110,97,-24164.44503507358,-249.11799005230495,-231.305130625,0.3917525773195876,-2656.2066001900007,-2656.2066001900007,9072.000000000053,13476.695035073524,-1615.7499999999973
NULL,505,VOL_IMB,0.2,0,stress,373,211,-59522.59471177894,-282.0976052690945,-513.7716510350006,0.4028436018957346,-5328.111906650001,-7942.081466282502,30979.75000000011,40642.09471177884,12099.249999999982
NULL,505,VOL_IMB,0.2,1,stress,278,179,-60521.55537839893,-338.10924792401636,-406.1425749850001,0.39106145251396646,-4147.393477685,-3593.3521083150026,22808.000000000113,33891.8053783988,-3821.7500000000164
NULL,505,VOL_IMB,0.4,0,stress,90,79,-1481.9572337237141,-18.758952325616633,-484.0295811875009,0.4177215189873418,-4558.9593829291,-5839.785123737462,7630.750000000036,9999.957233723684,16148.750000000004
NULL,505,VOL_IMB,0.4,1,stress,79,71,-22506.099062767975,-316.98731074321097,-476.07143716999997,0.39436619718309857,-3004.833768535001,-3318.0727525370953,6304.000000000015,9600.599062767948,-6601.500000000007
NULL,505,OI_CHANGE_IMB,0.2,0,stress,473,235,-16940.327785334306,-72.08650121418856,-224.1145234875002,0.4595744680851064,-5328.111906650001,-7355.4639650425015,39458.250000000146,52109.577785334164,74627.50000000003
NULL,505,OI_CHANGE_IMB,0.2,1,stress,405,216,-106386.78964006333,-492.53143351881164,-526.8165038462529,0.3611111111111111,-4401.433222085001,-4866.862624400004,33312.000000000175,49214.53964006314,-23860.250000000007
NULL,505,OI_CHANGE_IMB,0.4,0,stress,248,166,-58936.28813754536,-355.03788034665877,-623.0534005950005,0.39156626506024095,-5328.111906650001,-7355.4639650425015,20574.25000000007,27164.538137545296,-11197.5
NULL,505,OI_CHANGE_IMB,0.4,1,stress,256,175,-57737.752274745486,-329.9300129985457,-484.8628470950006,0.3657142857142857,-4401.433222085001,-4401.433222085001,21224.000000000124,31251.252274745362,-5262.4999999999945
NULL,505,JOINT,0.2,0,stress,335,201,-25713.824382888233,-127.92947454173255,-524.995151562501,0.42786069651741293,-5328.111906650001,-7355.4639650425015,27816.750000000102,36584.82438288814,38687.75
NULL,505,JOINT,0.2,1,stress,291,184,-70338.29079950566,-382.27331956253073,-536.9052834175021,0.32608695652173914,-4401.433222085001,-4401.433222085001,24376.000000000124,35636.04079950554,-10326.249999999989
NULL,505,JOINT,0.4,0,stress,81,77,-32953.29839927573,-427.9649142763081,-760.7979561042712,0.36363636363636365,-4501.75654214,-4501.75654214,6791.500000000027,8814.2983992757,-17347.500000000004
NULL,505,JOINT,0.4,1,stress,105,86,-17488.634674098063,-203.35621714067514,-424.9934308075014,0.38372093023255816,-2718.9143194000003,-3565.8845660100023,8752.000000000047,12658.634674098026,3922.000000000012
