ts,norm_date,local_time,trading_day,strike,option_type,open_px,close_px,feature_day,bucket,expiry,atm
2021-07-01 09:25:00,2021-07-01,09:25:00,2021-07-01,15500.0,CE,226.7,222.0,2021-07-01,0,2021-07-01,15700
2021-07-01 09:25:00,2021-07-01,09:25:00,2021-07-01,15500.0,CE,226.7,222.0,2021-07-01,0,2021-07-01,15700
2021-07-01 09:25:00,2021-07-01,09:25:00,2021-07-01,15500.0,PE,1.25,1.35,2021-07-01,0,2021-07-01,15700
2021-07-01 09:25:00,2021-07-01,09:25:00,2021-07-01,15500.0,PE,1.25,1.35,2021-07-01,0,2021-07-01,15700
2021-07-01 09:25:00,2021-07-01,09:25:00,2021-07-01,15700.0,CE,49.0,45.25,2021-07-01,0,2021-07-01,15700
2021-07-01 09:25:00,2021-07-01,09:25:00,2021-07-01,15700.0,CE,49.0,45.25,2021-07-01,0,2021-07-01,15700
2021-07-01 09:25:00,2021-07-01,09:25:00,2021-07-01,15700.0,PE,23.3,25.45,2021-07-01,0,2021-07-01,15700
2021-07-01 09:25:00,2021-07-01,09:25:00,2021-07-01,15900.0,CE,2.1,2.15,2021-07-01,0,2021-07-01,15700
2021-07-01 09:25:00,2021-07-01,09:25:00,2021-07-01,15900.0,PE,176.45,182.7,2021-07-01,0,2021-07-01,15700
2021-07-01 09:25:00,2021-07-01,09:25:00,2021-07-01,15900.0,PE,176.45,182.7,2021-07-01,0,2021-07-01,15700
2021-07-01 09:30:00,2021-07-01,09:30:00,2021-07-01,15500.0,CE,210.95,210.85,2021-07-01,0,2021-07-01,15700
2021-07-01 09:30:00,2021-07-01,09:30:00,2021-07-01,15500.0,CE,210.95,210.85,2021-07-01,0,2021-07-01,15700
2021-07-01 09:30:00,2021-07-01,09:30:00,2021-07-01,15500.0,PE,1.4,1.4,2021-07-01,0,2021-07-01,15700
2021-07-01 09:30:00,2021-07-01,09:30:00,2021-07-01,15500.0,PE,1.4,1.4,2021-07-01,0,2021-07-01,15700
2021-07-01 09:30:00,2021-07-01,09:30:00,2021-07-01,15700.0,CE,37.35,37.45,2021-07-01,0,2021-07-01,15700
2021-07-01 09:30:00,2021-07-01,09:30:00,2021-07-01,15700.0,CE,37.35,37.45,2021-07-01,0,2021-07-01,15700
2021-07-01 09:30:00,2021-07-01,09:30:00,2021-07-01,15700.0,PE,28.25,28.35,2021-07-01,0,2021-07-01,15700
2021-07-01 09:30:00,2021-07-01,09:30:00,2021-07-01,15900.0,CE,2.2,2.25,2021-07-01,0,2021-07-01,15700
2021-07-01 09:30:00,2021-07-01,09:30:00,2021-07-01,15900.0,PE,193.35,192.6,2021-07-01,0,2021-07-01,15700
2021-07-01 09:30:00,2021-07-01,09:30:00,2021-07-01,15900.0,PE,193.35,192.6,2021-07-01,0,2021-07-01,15700
2021-07-01 09:31:00,2021-07-01,09:31:00,2021-07-01,15500.0,CE,209.55,210.2,2021-07-01,0,2021-07-01,15700
2021-07-01 09:31:00,2021-07-01,09:31:00,2021-07-01,15500.0,CE,209.55,210.2,2021-07-01,0,2021-07-01,15700
2021-07-01 09:31:00,2021-07-01,09:31:00,2021-07-01,15500.0,PE,1.4,1.45,2021-07-01,0,2021-07-01,15700
2021-07-01 09:31:00,2021-07-01,09:31:00,2021-07-01,15500.0,PE,1.4,1.45,2021-07-01,0,2021-07-01,15700
2021-07-01 09:31:00,2021-07-01,09:31:00,2021-07-01,15700.0,CE,37.8,37.45,2021-07-01,0,2021-07-01,15700
2021-07-01 09:31:00,2021-07-01,09:31:00,2021-07-01,15700.0,CE,37.8,37.45,2021-07-01,0,2021-07-01,15700
2021-07-01 09:31:00,2021-07-01,09:31:00,2021-07-01,15700.0,PE,28.65,29.1,2021-07-01,0,2021-07-01,15700
2021-07-01 09:31:00,2021-07-01,09:31:00,2021-07-01,15900.0,CE,2.25,2.2,2021-07-01,0,2021-07-01,15700
2021-07-01 09:31:00,2021-07-01,09:31:00,2021-07-01,15900.0,PE,193.5,193.65,2021-07-01,0,2021-07-01,15700
2021-07-01 09:31:00,2021-07-01,09:31:00,2021-07-01,15900.0,PE,193.5,193.65,2021-07-01,0,2021-07-01,15700
2021-07-01 09:32:00,2021-07-01,09:32:00,2021-07-01,15500.0,CE,209.9,212.8,2021-07-01,0,2021-07-01,15700
2021-07-01 09:32:00,2021-07-01,09:32:00,2021-07-01,15500.0,CE,209.9,212.8,2021-07-01,0,2021-07-01,15700
2021-07-01 09:32:00,2021-07-01,09:32:00,2021-07-01,15500.0,PE,1.45,1.45,2021-07-01,0,2021-07-01,15700
2021-07-01 09:32:00,2021-07-01,09:32:00,2021-07-01,15500.0,PE,1.45,1.45,2021-07-01,0,2021-07-01,15700
2021-07-01 09:32:00,2021-07-01,09:32:00,2021-07-01,15700.0,CE,37.55,38.3,2021-07-01,0,2021-07-01,15700
2021-07-01 09:32:00,2021-07-01,09:32:00,2021-07-01,15700.0,CE,37.55,38.3,2021-07-01,0,2021-07-01,15700
2021-07-01 09:32:00,2021-07-01,09:32:00,2021-07-01,15700.0,PE,29.1,28.7,2021-07-01,0,2021-07-01,15700
2021-07-01 09:32:00,2021-07-01,09:32:00,2021-07-01,15900.0,CE,2.2,2.1,2021-07-01,0,2021-07-01,15700
2021-07-01 09:32:00,2021-07-01,09:32:00,2021-07-01,15900.0,PE,194.0,192.55,2021-07-01,0,2021-07-01,15700
2021-07-01 09:32:00,2021-07-01,09:32:00,2021-07-01,15900.0,PE,194.0,192.55,2021-07-01,0,2021-07-01,15700
2021-07-01 09:33:00,2021-07-01,09:33:00,2021-07-01,15500.0,CE,212.25,217.1,2021-07-01,0,2021-07-01,15700
2021-07-01 09:33:00,2021-07-01,09:33:00,2021-07-01,15500.0,CE,212.25,217.1,2021-07-01,0,2021-07-01,15700
2021-07-01 09:33:00,2021-07-01,09:33:00,2021-07-01,15500.0,PE,1.5,1.55,2021-07-01,0,2021-07-01,15700
2021-07-01 09:33:00,2021-07-01,09:33:00,2021-07-01,15500.0,PE,1.5,1.55,2021-07-01,0,2021-07-01,15700
2021-07-01 09:33:00,2021-07-01,09:33:00,2021-07-01,15700.0,CE,38.25,41.0,2021-07-01,0,2021-07-01,15700
2021-07-01 09:33:00,2021-07-01,09:33:00,2021-07-01,15700.0,CE,38.25,41.0,2021-07-01,0,2021-07-01,15700
2021-07-01 09:33:00,2021-07-01,09:33:00,2021-07-01,15700.0,PE,28.75,26.1,2021-07-01,0,2021-07-01,15700
2021-07-01 09:33:00,2021-07-01,09:33:00,2021-07-01,15900.0,CE,2.15,2.1,2021-07-01,0,2021-07-01,15700
2021-07-01 09:33:00,2021-07-01,09:33:00,2021-07-01,15900.0,PE,192.65,186.75,2021-07-01,0,2021-07-01,15700
2021-07-01 09:33:00,2021-07-01,09:33:00,2021-07-01,15900.0,PE,192.65,186.75,2021-07-01,0,2021-07-01,15700
2021-07-01 09:34:00,2021-07-01,09:34:00,2021-07-01,15500.0,CE,216.1,219.85,2021-07-01,0,2021-07-01,15700
2021-07-01 09:34:00,2021-07-01,09:34:00,2021-07-01,15500.0,CE,216.1,219.85,2021-07-01,0,2021-07-01,15700
2021-07-01 09:34:00,2021-07-01,09:34:00,2021-07-01,15500.0,PE,1.55,1.65,2021-07-01,0,2021-07-01,15700
2021-07-01 09:34:00,2021-07-01,09:34:00,2021-07-01,15500.0,PE,1.55,1.65,2021-07-01,0,2021-07-01,15700
2021-07-01 09:34:00,2021-07-01,09:34:00,2021-07-01,15700.0,CE,40.6,43.25,2021-07-01,0,2021-07-01,15700
2021-07-01 09:34:00,2021-07-01,09:34:00,2021-07-01,15700.0,CE,40.6,43.25,2021-07-01,0,2021-07-01,15700
2021-07-01 09:34:00,2021-07-01,09:34:00,2021-07-01,15700.0,PE,26.5,25.2,2021-07-01,0,2021-07-01,15700
2021-07-01 09:34:00,2021-07-01,09:34:00,2021-07-01,15900.0,CE,2.15,2.2,2021-07-01,0,2021-07-01,15700
2021-07-01 09:34:00,2021-07-01,09:34:00,2021-07-01,15900.0,PE,188.25,185.0,2021-07-01,0,2021-07-01,15700
2021-07-01 09:34:00,2021-07-01,09:34:00,2021-07-01,15900.0,PE,188.25,185.0,2021-07-01,0,2021-07-01,15700
2021-07-01 09:35:00,2021-07-01,09:35:00,2021-07-01,15500.0,CE,220.0,221.5,2021-07-01,0,2021-07-01,15700
2021-07-01 09:35:00,2021-07-01,09:35:00,2021-07-01,15500.0,CE,220.0,221.5,2021-07-01,0,2021-07-01,15700
2021-07-01 09:35:00,2021-07-01,09:35:00,2021-07-01,15500.0,PE,1.6,1.6,2021-07-01,0,2021-07-01,15700
2021-07-01 09:35:00,2021-07-01,09:35:00,2021-07-01,15500.0,PE,1.6,1.6,2021-07-01,0,2021-07-01,15700
2021-07-01 09:35:00,2021-07-01,09:35:00,2021-07-01,15700.0,CE,43.4,44.05,2021-07-01,0,2021-07-01,15700
2021-07-01 09:35:00,2021-07-01,09:35:00,2021-07-01,15700.0,CE,43.4,44.05,2021-07-01,0,2021-07-01,15700
2021-07-01 09:35:00,2021-07-01,09:35:00,2021-07-01,15700.0,PE,25.15,24.65,2021-07-01,0,2021-07-01,15700
2021-07-01 09:35:00,2021-07-01,09:35:00,2021-07-01,15900.0,CE,2.2,2.25,2021-07-01,0,2021-07-01,15700
2021-07-01 09:35:00,2021-07-01,09:35:00,2021-07-01,15900.0,PE,184.05,183.0,2021-07-01,0,2021-07-01,15700
2021-07-01 09:35:00,2021-07-01,09:35:00,2021-07-01,15900.0,PE,184.05,183.0,2021-07-01,0,2021-07-01,15700
2021-07-01 09:36:00,2021-07-01,09:36:00,2021-07-01,15500.0,CE,221.15,223.95,2021-07-01,0,2021-07-01,15700
2021-07-01 09:36:00,2021-07-01,09:36:00,2021-07-01,15500.0,CE,221.15,223.95,2021-07-01,0,2021-07-01,15700
2021-07-01 09:36:00,2021-07-01,09:36:00,2021-07-01,15500.0,PE,1.6,1.55,2021-07-01,0,2021-07-01,15700
2021-07-01 09:36:00,2021-07-01,09:36:00,2021-07-01,15500.0,PE,1.6,1.55,2021-07-01,0,2021-07-01,15700
2021-07-01 09:36:00,2021-07-01,09:36:00,2021-07-01,15700.0,CE,43.85,45.55,2021-07-01,0,2021-07-01,15700
2021-07-01 09:36:00,2021-07-01,09:36:00,2021-07-01,15700.0,CE,43.85,45.55,2021-07-01,0,2021-07-01,15700
2021-07-01 09:36:00,2021-07-01,09:36:00,2021-07-01,15700.0,PE,24.9,22.95,2021-07-01,0,2021-07-01,15700
2021-07-01 09:36:00,2021-07-01,09:36:00,2021-07-01,15900.0,CE,2.25,2.2,2021-07-01,0,2021-07-01,15700
2021-07-01 09:36:00,2021-07-01,09:36:00,2021-07-01,15900.0,PE,183.6,179.9,2021-07-01,0,2021-07-01,15700
2021-07-01 09:36:00,2021-07-01,09:36:00,2021-07-01,15900.0,PE,183.6,179.9,2021-07-01,0,2021-07-01,15700
2021-07-01 09:37:00,2021-07-01,09:37:00,2021-07-01,15500.0,CE,225.85,229.5,2021-07-01,0,2021-07-01,15700
2021-07-01 09:37:00,2021-07-01,09:37:00,2021-07-01,15500.0,CE,225.85,229.5,2021-07-01,0,2021-07-01,15700
2021-07-01 09:37:00,2021-07-01,09:37:00,2021-07-01,15500.0,PE,1.6,1.65,2021-07-01,0,2021-07-01,15700
2021-07-01 09:37:00,2021-07-01,09:37:00,2021-07-01,15500.0,PE,1.6,1.65,2021-07-01,0,2021-07-01,15700
2021-07-01 09:37:00,2021-07-01,09:37:00,2021-07-01,15700.0,CE,45.6,48.85,2021-07-01,0,2021-07-01,15700
2021-07-01 09:37:00,2021-07-01,09:37:00,2021-07-01,15700.0,CE,45.6,48.85,2021-07-01,0,2021-07-01,15700
2021-07-01 09:37:00,2021-07-01,09:37:00,2021-07-01,15700.0,PE,22.7,20.45,2021-07-01,0,2021-07-01,15700
2021-07-01 09:37:00,2021-07-01,09:37:00,2021-07-01,15900.0,CE,2.15,2.05,2021-07-01,0,2021-07-01,15700
2021-07-01 09:37:00,2021-07-01,09:37:00,2021-07-01,15900.0,PE,179.9,174.0,2021-07-01,0,2021-07-01,15700
2021-07-01 09:37:00,2021-07-01,09:37:00,2021-07-01,15900.0,PE,179.9,174.0,2021-07-01,0,2021-07-01,15700
2021-07-01 09:38:00,2021-07-01,09:38:00,2021-07-01,15500.0,CE,230.15,223.0,2021-07-01,0,2021-07-01,15700
2021-07-01 09:38:00,2021-07-01,09:38:00,2021-07-01,15500.0,CE,230.15,223.0,2021-07-01,0,2021-07-01,15700
2021-07-01 09:38:00,2021-07-01,09:38:00,2021-07-01,15500.0,PE,1.65,1.7,2021-07-01,0,2021-07-01,15700
2021-07-01 09:38:00,2021-07-01,09:38:00,2021-07-01,15500.0,PE,1.65,1.7,2021-07-01,0,2021-07-01,15700
2021-07-01 09:38:00,2021-07-01,09:38:00,2021-07-01,15700.0,CE,49.0,45.0,2021-07-01,0,2021-07-01,15700
2021-07-01 09:38:00,2021-07-01,09:38:00,2021-07-01,15700.0,CE,49.0,45.0,2021-07-01,0,2021-07-01,15700
2021-07-01 09:38:00,2021-07-01,09:38:00,2021-07-01,15700.0,PE,20.55,23.3,2021-07-01,0,2021-07-01,15700
2021-07-01 09:38:00,2021-07-01,09:38:00,2021-07-01,15900.0,CE,2.05,2.05,2021-07-01,0,2021-07-01,15700
2021-07-01 09:38:00,2021-07-01,09:38:00,2021-07-01,15900.0,PE,173.8,180.7,2021-07-01,0,2021-07-01,15700
2021-07-01 09:38:00,2021-07-01,09:38:00,2021-07-01,15900.0,PE,173.8,180.7,2021-07-01,0,2021-07-01,15700
2021-07-01 09:39:00,2021-07-01,09:39:00,2021-07-01,15500.0,CE,223.5,222.3,2021-07-01,0,2021-07-01,15700
2021-07-01 09:39:00,2021-07-01,09:39:00,2021-07-01,15500.0,CE,223.5,222.3,2021-07-01,0,2021-07-01,15700
2021-07-01 09:39:00,2021-07-01,09:39:00,2021-07-01,15500.0,PE,1.7,1.6,2021-07-01,0,2021-07-01,15700
2021-07-01 09:39:00,2021-07-01,09:39:00,2021-07-01,15500.0,PE,1.7,1.6,2021-07-01,0,2021-07-01,15700
2021-07-01 09:39:00,2021-07-01,09:39:00,2021-07-01,15700.0,CE,45.25,44.45,2021-07-01,0,2021-07-01,15700
2021-07-01 09:39:00,2021-07-01,09:39:00,2021-07-01,15700.0,CE,45.25,44.45,2021-07-01,0,2021-07-01,15700
2021-07-01 09:39:00,2021-07-01,09:39:00,2021-07-01,15700.0,PE,23.15,23.75,2021-07-01,0,2021-07-01,15700
2021-07-01 09:39:00,2021-07-01,09:39:00,2021-07-01,15900.0,CE,2.0,2.05,2021-07-01,0,2021-07-01,15700
2021-07-01 09:39:00,2021-07-01,09:39:00,2021-07-01,15900.0,PE,180.75,181.3,2021-07-01,0,2021-07-01,15700
2021-07-01 09:39:00,2021-07-01,09:39:00,2021-07-01,15900.0,PE,180.75,181.3,2021-07-01,0,2021-07-01,15700
2021-07-01 15:10:00,2021-07-01,15:10:00,2021-07-01,15500.0,CE,176.4,174.15,2021-07-01,0,2021-07-01,15700
2021-07-01 15:10:00,2021-07-01,15:10:00,2021-07-01,15500.0,CE,176.4,174.15,2021-07-01,0,2021-07-01,15700
2021-07-01 15:10:00,2021-07-01,15:10:00,2021-07-01,15500.0,PE,0.1,0.1,2021-07-01,0,2021-07-01,15700
2021-07-01 15:10:00,2021-07-01,15:10:00,2021-07-01,15500.0,PE,0.1,0.1,2021-07-01,0,2021-07-01,15700
2021-07-01 15:10:00,2021-07-01,15:10:00,2021-07-01,15700.0,CE,0.35,0.2,2021-07-01,0,2021-07-01,15700
2021-07-01 15:10:00,2021-07-01,15:10:00,2021-07-01,15700.0,CE,0.35,0.2,2021-07-01,0,2021-07-01,15700
2021-07-01 15:10:00,2021-07-01,15:10:00,2021-07-01,15700.0,PE,23.65,27.0,2021-07-01,0,2021-07-01,15700
2021-07-01 15:10:00,2021-07-01,15:10:00,2021-07-01,15900.0,CE,0.1,0.15,2021-07-01,0,2021-07-01,15700
2021-07-01 15:10:00,2021-07-01,15:10:00,2021-07-01,15900.0,PE,223.85,227.4,2021-07-01,0,2021-07-01,15700
2021-07-01 15:10:00,2021-07-01,15:10:00,2021-07-01,15900.0,PE,223.85,227.4,2021-07-01,0,2021-07-01,15700
2021-07-01 09:25:00,2021-07-01,09:25:00,2021-07-01,15500.0,CE,260.95,258.8,2021-07-01,1,2021-07-08,15700
2021-07-01 09:25:00,2021-07-01,09:25:00,2021-07-01,15500.0,CE,260.95,258.8,2021-07-01,1,2021-07-08,15700
2021-07-01 09:25:00,2021-07-01,09:25:00,2021-07-01,15500.0,PE,30.55,31.85,2021-07-01,1,2021-07-08,15700
2021-07-01 09:25:00,2021-07-01,09:25:00,2021-07-01,15500.0,PE,30.55,31.85,2021-07-01,1,2021-07-08,15700
2021-07-01 09:25:00,2021-07-01,09:25:00,2021-07-01,15700.0,CE,121.75,118.9,2021-07-01,1,2021-07-08,15700
2021-07-01 09:25:00,2021-07-01,09:25:00,2021-07-01,15700.0,CE,121.75,118.9,2021-07-01,1,2021-07-08,15700
2021-07-01 09:25:00,2021-07-01,09:25:00,2021-07-01,15700.0,PE,90.1,92.95,2021-07-01,1,2021-07-08,15700
2021-07-01 09:25:00,2021-07-01,09:25:00,2021-07-01,15900.0,CE,39.4,38.0,2021-07-01,1,2021-07-08,15700
2021-07-01 09:25:00,2021-07-01,09:25:00,2021-07-01,15900.0,CE,39.4,38.0,2021-07-01,1,2021-07-08,15700
2021-07-01 09:25:00,2021-07-01,09:25:00,2021-07-01,15900.0,PE,207.15,211.0,2021-07-01,1,2021-07-08,15700
2021-07-01 09:25:00,2021-07-01,09:25:00,2021-07-01,15900.0,PE,207.15,211.0,2021-07-01,1,2021-07-08,15700
2021-07-01 09:30:00,2021-07-01,09:30:00,2021-07-01,15500.0,CE,250.0,249.15,2021-07-01,1,2021-07-08,15700
2021-07-01 09:30:00,2021-07-01,09:30:00,2021-07-01,15500.0,CE,250.0,249.15,2021-07-01,1,2021-07-08,15700
2021-07-01 09:30:00,2021-07-01,09:30:00,2021-07-01,15500.0,PE,33.7,34.65,2021-07-01,1,2021-07-08,15700
2021-07-01 09:30:00,2021-07-01,09:30:00,2021-07-01,15500.0,PE,33.7,34.65,2021-07-01,1,2021-07-08,15700
2021-07-01 09:30:00,2021-07-01,09:30:00,2021-07-01,15700.0,CE,112.95,113.3,2021-07-01,1,2021-07-08,15700
2021-07-01 09:30:00,2021-07-01,09:30:00,2021-07-01,15700.0,CE,112.95,113.3,2021-07-01,1,2021-07-08,15700
2021-07-01 09:30:00,2021-07-01,09:30:00,2021-07-01,15700.0,PE,97.35,98.7,2021-07-01,1,2021-07-08,15700
2021-07-01 09:30:00,2021-07-01,09:30:00,2021-07-01,15900.0,CE,35.6,35.65,2021-07-01,1,2021-07-08,15700
2021-07-01 09:30:00,2021-07-01,09:30:00,2021-07-01,15900.0,CE,35.6,35.65,2021-07-01,1,2021-07-08,15700
2021-07-01 09:30:00,2021-07-01,09:30:00,2021-07-01,15900.0,PE,219.95,224.1,2021-07-01,1,2021-07-08,15700
2021-07-01 09:30:00,2021-07-01,09:30:00,2021-07-01,15900.0,PE,219.95,224.1,2021-07-01,1,2021-07-08,15700
2021-07-01 09:31:00,2021-07-01,09:31:00,2021-07-01,15500.0,CE,249.0,249.75,2021-07-01,1,2021-07-08,15700
2021-07-01 09:31:00,2021-07-01,09:31:00,2021-07-01,15500.0,CE,249.0,249.75,2021-07-01,1,2021-07-08,15700
2021-07-01 09:31:00,2021-07-01,09:31:00,2021-07-01,15500.0,PE,34.5,35.55,2021-07-01,1,2021-07-08,15700
2021-07-01 09:31:00,2021-07-01,09:31:00,2021-07-01,15500.0,PE,34.5,35.55,2021-07-01,1,2021-07-08,15700
2021-07-01 09:31:00,2021-07-01,09:31:00,2021-07-01,15700.0,CE,112.95,113.6,2021-07-01,1,2021-07-08,15700
2021-07-01 09:31:00,2021-07-01,09:31:00,2021-07-01,15700.0,CE,112.95,113.6,2021-07-01,1,2021-07-08,15700
2021-07-01 09:31:00,2021-07-01,09:31:00,2021-07-01,15700.0,PE,98.25,99.3,2021-07-01,1,2021-07-08,15700
2021-07-01 09:31:00,2021-07-01,09:31:00,2021-07-01,15900.0,CE,35.75,35.6,2021-07-01,1,2021-07-08,15700
2021-07-01 09:31:00,2021-07-01,09:31:00,2021-07-01,15900.0,CE,35.75,35.6,2021-07-01,1,2021-07-08,15700
2021-07-01 09:31:00,2021-07-01,09:31:00,2021-07-01,15900.0,PE,222.6,221.9,2021-07-01,1,2021-07-08,15700
2021-07-01 09:31:00,2021-07-01,09:31:00,2021-07-01,15900.0,PE,222.6,221.9,2021-07-01,1,2021-07-08,15700
2021-07-01 09:32:00,2021-07-01,09:32:00,2021-07-01,15500.0,CE,249.75,251.0,2021-07-01,1,2021-07-08,15700
2021-07-01 09:32:00,2021-07-01,09:32:00,2021-07-01,15500.0,CE,249.75,251.0,2021-07-01,1,2021-07-08,15700
2021-07-01 09:32:00,2021-07-01,09:32:00,2021-07-01,15500.0,PE,35.55,35.0,2021-07-01,1,2021-07-08,15700
2021-07-01 09:32:00,2021-07-01,09:32:00,2021-07-01,15500.0,PE,35.55,35.0,2021-07-01,1,2021-07-08,15700
2021-07-01 09:32:00,2021-07-01,09:32:00,2021-07-01,15700.0,CE,113.2,114.4,2021-07-01,1,2021-07-08,15700
2021-07-01 09:32:00,2021-07-01,09:32:00,2021-07-01,15700.0,CE,113.2,114.4,2021-07-01,1,2021-07-08,15700
2021-07-01 09:32:00,2021-07-01,09:32:00,2021-07-01,15700.0,PE,99.5,97.8,2021-07-01,1,2021-07-08,15700
2021-07-01 09:32:00,2021-07-01,09:32:00,2021-07-01,15900.0,CE,35.8,36.0,2021-07-01,1,2021-07-08,15700
2021-07-01 09:32:00,2021-07-01,09:32:00,2021-07-01,15900.0,CE,35.8,36.0,2021-07-01,1,2021-07-08,15700
2021-07-01 09:32:00,2021-07-01,09:32:00,2021-07-01,15900.0,PE,220.0,218.75,2021-07-01,1,2021-07-08,15700
2021-07-01 09:32:00,2021-07-01,09:32:00,2021-07-01,15900.0,PE,220.0,218.75,2021-07-01,1,2021-07-08,15700
2021-07-01 09:33:00,2021-07-01,09:33:00,2021-07-01,15500.0,CE,251.3,253.3,2021-07-01,1,2021-07-08,15700
2021-07-01 09:33:00,2021-07-01,09:33:00,2021-07-01,15500.0,CE,251.3,253.3,2021-07-01,1,2021-07-08,15700
2021-07-01 09:33:00,2021-07-01,09:33:00,2021-07-01,15500.0,PE,34.8,33.35,2021-07-01,1,2021-07-08,15700
2021-07-01 09:33:00,2021-07-01,09:33:00,2021-07-01,15500.0,PE,34.8,33.35,2021-07-01,1,2021-07-08,15700
2021-07-01 09:33:00,2021-07-01,09:33:00,2021-07-01,15700.0,CE,114.5,116.25,2021-07-01,1,2021-07-08,15700
2021-07-01 09:33:00,2021-07-01,09:33:00,2021-07-01,15700.0,CE,114.5,116.25,2021-07-01,1,2021-07-08,15700
2021-07-01 09:33:00,2021-07-01,09:33:00,2021-07-01,15700.0,PE,97.65,94.95,2021-07-01,1,2021-07-08,15700
2021-07-01 09:33:00,2021-07-01,09:33:00,2021-07-01,15900.0,CE,35.85,36.25,2021-07-01,1,2021-07-08,15700
2021-07-01 09:33:00,2021-07-01,09:33:00,2021-07-01,15900.0,CE,35.85,36.25,2021-07-01,1,2021-07-08,15700
2021-07-01 09:33:00,2021-07-01,09:33:00,2021-07-01,15900.0,PE,219.05,216.25,2021-07-01,1,2021-07-08,15700
2021-07-01 09:33:00,2021-07-01,09:33:00,2021-07-01,15900.0,PE,219.05,216.25,2021-07-01,1,2021-07-08,15700
2021-07-01 09:34:00,2021-07-01,09:34:00,2021-07-01,15500.0,CE,253.75,257.0,2021-07-01,1,2021-07-08,15700
2021-07-01 09:34:00,2021-07-01,09:34:00,2021-07-01,15500.0,CE,253.75,257.0,2021-07-01,1,2021-07-08,15700
2021-07-01 09:34:00,2021-07-01,09:34:00,2021-07-01,15500.0,PE,33.5,33.35,2021-07-01,1,2021-07-08,15700
2021-07-01 09:34:00,2021-07-01,09:34:00,2021-07-01,15500.0,PE,33.5,33.35,2021-07-01,1,2021-07-08,15700
2021-07-01 09:34:00,2021-07-01,09:34:00,2021-07-01,15700.0,CE,115.95,118.0,2021-07-01,1,2021-07-08,15700
2021-07-01 09:34:00,2021-07-01,09:34:00,2021-07-01,15700.0,CE,115.95,118.0,2021-07-01,1,2021-07-08,15700
2021-07-01 09:34:00,2021-07-01,09:34:00,2021-07-01,15700.0,PE,95.1,93.95,2021-07-01,1,2021-07-08,15700
2021-07-01 09:34:00,2021-07-01,09:34:00,2021-07-01,15900.0,CE,36.1,37.35,2021-07-01,1,2021-07-08,15700
2021-07-01 09:34:00,2021-07-01,09:34:00,2021-07-01,15900.0,CE,36.1,37.35,2021-07-01,1,2021-07-08,15700
2021-07-01 09:34:00,2021-07-01,09:34:00,2021-07-01,15900.0,PE,216.5,212.85,2021-07-01,1,2021-07-08,15700
2021-07-01 09:34:00,2021-07-01,09:34:00,2021-07-01,15900.0,PE,216.5,212.85,2021-07-01,1,2021-07-08,15700
2021-07-01 09:35:00,2021-07-01,09:35:00,2021-07-01,15500.0,CE,257.0,260.0,2021-07-01,1,2021-07-08,15700
2021-07-01 09:35:00,2021-07-01,09:35:00,2021-07-01,15500.0,CE,257.0,260.0,2021-07-01,1,2021-07-08,15700
2021-07-01 09:35:00,2021-07-01,09:35:00,2021-07-01,15500.0,PE,33.35,32.45,2021-07-01,1,2021-07-08,15700
2021-07-01 09:35:00,2021-07-01,09:35:00,2021-07-01,15500.0,PE,33.35,32.45,2021-07-01,1,2021-07-08,15700
2021-07-01 09:35:00,2021-07-01,09:35:00,2021-07-01,15700.0,CE,117.85,118.3,2021-07-01,1,2021-07-08,15700
2021-07-01 09:35:00,2021-07-01,09:35:00,2021-07-01,15700.0,CE,117.85,118.3,2021-07-01,1,2021-07-08,15700
2021-07-01 09:35:00,2021-07-01,09:35:00,2021-07-01,15700.0,PE,94.0,92.65,2021-07-01,1,2021-07-08,15700
2021-07-01 09:35:00,2021-07-01,09:35:00,2021-07-01,15900.0,CE,37.45,37.3,2021-07-01,1,2021-07-08,15700
2021-07-01 09:35:00,2021-07-01,09:35:00,2021-07-01,15900.0,CE,37.45,37.3,2021-07-01,1,2021-07-08,15700
2021-07-01 09:35:00,2021-07-01,09:35:00,2021-07-01,15900.0,PE,214.55,210.2,2021-07-01,1,2021-07-08,15700
2021-07-01 09:35:00,2021-07-01,09:35:00,2021-07-01,15900.0,PE,214.55,210.2,2021-07-01,1,2021-07-08,15700
2021-07-01 09:36:00,2021-07-01,09:36:00,2021-07-01,15500.0,CE,259.7,260.0,2021-07-01,1,2021-07-08,15700
2021-07-01 09:36:00,2021-07-01,09:36:00,2021-07-01,15500.0,CE,259.7,260.0,2021-07-01,1,2021-07-08,15700
2021-07-01 09:36:00,2021-07-01,09:36:00,2021-07-01,15500.0,PE,32.45,32.0,2021-07-01,1,2021-07-08,15700
2021-07-01 09:36:00,2021-07-01,09:36:00,2021-07-01,15500.0,PE,32.45,32.0,2021-07-01,1,2021-07-08,15700
2021-07-01 09:36:00,2021-07-01,09:36:00,2021-07-01,15700.0,CE,118.35,119.6,2021-07-01,1,2021-07-08,15700
2021-07-01 09:36:00,2021-07-01,09:36:00,2021-07-01,15700.0,CE,118.35,119.6,2021-07-01,1,2021-07-08,15700
2021-07-01 09:36:00,2021-07-01,09:36:00,2021-07-01,15700.0,PE,93.0,91.45,2021-07-01,1,2021-07-08,15700
2021-07-01 09:36:00,2021-07-01,09:36:00,2021-07-01,15900.0,CE,37.25,38.0,2021-07-01,1,2021-07-08,15700
2021-07-01 09:36:00,2021-07-01,09:36:00,2021-07-01,15900.0,CE,37.25,38.0,2021-07-01,1,2021-07-08,15700
2021-07-01 09:36:00,2021-07-01,09:36:00,2021-07-01,15900.0,PE,212.3,210.1,2021-07-01,1,2021-07-08,15700
2021-07-01 09:36:00,2021-07-01,09:36:00,2021-07-01,15900.0,PE,212.3,210.1,2021-07-01,1,2021-07-08,15700
2021-07-01 09:37:00,2021-07-01,09:37:00,2021-07-01,15500.0,CE,261.1,263.3,2021-07-01,1,2021-07-08,15700
2021-07-01 09:37:00,2021-07-01,09:37:00,2021-07-01,15500.0,CE,261.1,263.3,2021-07-01,1,2021-07-08,15700
2021-07-01 09:37:00,2021-07-01,09:37:00,2021-07-01,15500.0,PE,32.05,30.7,2021-07-01,1,2021-07-08,15700
2021-07-01 09:37:00,2021-07-01,09:37:00,2021-07-01,15500.0,PE,32.05,30.7,2021-07-01,1,2021-07-08,15700
2021-07-01 09:37:00,2021-07-01,09:37:00,2021-07-01,15700.0,CE,120.0,121.3,2021-07-01,1,2021-07-08,15700
2021-07-01 09:37:00,2021-07-01,09:37:00,2021-07-01,15700.0,CE,120.0,121.3,2021-07-01,1,2021-07-08,15700
2021-07-01 09:37:00,2021-07-01,09:37:00,2021-07-01,15700.0,PE,91.35,88.45,2021-07-01,1,2021-07-08,15700
2021-07-01 09:37:00,2021-07-01,09:37:00,2021-07-01,15900.0,CE,37.95,38.2,2021-07-01,1,2021-07-08,15700
2021-07-01 09:37:00,2021-07-01,09:37:00,2021-07-01,15900.0,CE,37.95,38.2,2021-07-01,1,2021-07-08,15700
2021-07-01 09:37:00,2021-07-01,09:37:00,2021-07-01,15900.0,PE,209.0,206.95,2021-07-01,1,2021-07-08,15700
2021-07-01 09:37:00,2021-07-01,09:37:00,2021-07-01,15900.0,PE,209.0,206.95,2021-07-01,1,2021-07-08,15700
2021-07-01 09:38:00,2021-07-01,09:38:00,2021-07-01,15500.0,CE,265.0,260.0,2021-07-01,1,2021-07-08,15700
2021-07-01 09:38:00,2021-07-01,09:38:00,2021-07-01,15500.0,CE,265.0,260.0,2021-07-01,1,2021-07-08,15700
2021-07-01 09:38:00,2021-07-01,09:38:00,2021-07-01,15500.0,PE,30.55,32.0,2021-07-01,1,2021-07-08,15700
2021-07-01 09:38:00,2021-07-01,09:38:00,2021-07-01,15500.0,PE,30.55,32.0,2021-07-01,1,2021-07-08,15700
2021-07-01 09:38:00,2021-07-01,09:38:00,2021-07-01,15700.0,CE,121.85,118.6,2021-07-01,1,2021-07-08,15700
2021-07-01 09:38:00,2021-07-01,09:38:00,2021-07-01,15700.0,CE,121.85,118.6,2021-07-01,1,2021-07-08,15700
2021-07-01 09:38:00,2021-07-01,09:38:00,2021-07-01,15700.0,PE,88.35,91.6,2021-07-01,1,2021-07-08,15700
2021-07-01 09:38:00,2021-07-01,09:38:00,2021-07-01,15900.0,CE,38.5,37.2,2021-07-01,1,2021-07-08,15700
2021-07-01 09:38:00,2021-07-01,09:38:00,2021-07-01,15900.0,CE,38.5,37.2,2021-07-01,1,2021-07-08,15700
2021-07-01 09:38:00,2021-07-01,09:38:00,2021-07-01,15900.0,PE,204.0,208.8,2021-07-01,1,2021-07-08,15700
2021-07-01 09:38:00,2021-07-01,09:38:00,2021-07-01,15900.0,PE,204.0,208.8,2021-07-01,1,2021-07-08,15700
2021-07-01 09:39:00,2021-07-01,09:39:00,2021-07-01,15500.0,CE,259.15,259.15,2021-07-01,1,2021-07-08,15700
2021-07-01 09:39:00,2021-07-01,09:39:00,2021-07-01,15500.0,CE,259.15,259.15,2021-07-01,1,2021-07-08,15700
2021-07-01 09:39:00,2021-07-01,09:39:00,2021-07-01,15500.0,PE,31.8,31.7,2021-07-01,1,2021-07-08,15700
2021-07-01 09:39:00,2021-07-01,09:39:00,2021-07-01,15500.0,PE,31.8,31.7,2021-07-01,1,2021-07-08,15700
2021-07-01 09:39:00,2021-07-01,09:39:00,2021-07-01,15700.0,CE,118.6,118.95,2021-07-01,1,2021-07-08,15700
2021-07-01 09:39:00,2021-07-01,09:39:00,2021-07-01,15700.0,CE,118.6,118.95,2021-07-01,1,2021-07-08,15700
2021-07-01 09:39:00,2021-07-01,09:39:00,2021-07-01,15700.0,PE,91.25,91.15,2021-07-01,1,2021-07-08,15700
2021-07-01 09:39:00,2021-07-01,09:39:00,2021-07-01,15900.0,CE,37.3,37.45,2021-07-01,1,2021-07-08,15700
2021-07-01 09:39:00,2021-07-01,09:39:00,2021-07-01,15900.0,CE,37.3,37.45,2021-07-01,1,2021-07-08,15700
2021-07-01 09:39:00,2021-07-01,09:39:00,2021-07-01,15900.0,PE,210.2,210.05,2021-07-01,1,2021-07-08,15700
2021-07-01 09:39:00,2021-07-01,09:39:00,2021-07-01,15900.0,PE,210.2,210.05,2021-07-01,1,2021-07-08,15700
2021-07-01 15:10:00,2021-07-01,15:10:00,2021-07-01,15500.0,CE,220.5,218.85,2021-07-01,1,2021-07-08,15700
2021-07-01 15:10:00,2021-07-01,15:10:00,2021-07-01,15500.0,CE,220.5,218.85,2021-07-01,1,2021-07-08,15700
2021-07-01 15:10:00,2021-07-01,15:10:00,2021-07-01,15500.0,PE,30.4,30.65,2021-07-01,1,2021-07-08,15700
2021-07-01 15:10:00,2021-07-01,15:10:00,2021-07-01,15500.0,PE,30.4,30.65,2021-07-01,1,2021-07-08,15700
2021-07-01 15:10:00,2021-07-01,15:10:00,2021-07-01,15700.0,CE,89.75,88.65,2021-07-01,1,2021-07-08,15700
2021-07-01 15:10:00,2021-07-01,15:10:00,2021-07-01,15700.0,CE,89.75,88.65,2021-07-01,1,2021-07-08,15700
2021-07-01 15:10:00,2021-07-01,15:10:00,2021-07-01,15700.0,PE,99.8,100.3,2021-07-01,1,2021-07-08,15700
2021-07-01 15:10:00,2021-07-01,15:10:00,2021-07-01,15900.0,CE,24.3,23.65,2021-07-01,1,2021-07-08,15700
2021-07-01 15:10:00,2021-07-01,15:10:00,2021-07-01,15900.0,CE,24.3,23.65,2021-07-01,1,2021-07-08,15700
2021-07-01 15:10:00,2021-07-01,15:10:00,2021-07-01,15900.0,PE,234.15,235.8,2021-07-01,1,2021-07-08,15700
2021-07-01 15:10:00,2021-07-01,15:10:00,2021-07-01,15900.0,PE,234.15,235.8,2021-07-01,1,2021-07-08,15700
2021-07-02 09:25:00,2021-07-02,09:25:00,2021-07-02,15500.0,CE,202.9,206.3,2021-07-02,0,2021-07-08,15700
2021-07-02 09:25:00,2021-07-02,09:25:00,2021-07-02,15500.0,CE,202.9,206.3,2021-07-02,0,2021-07-08,15700
2021-07-02 09:25:00,2021-07-02,09:25:00,2021-07-02,15500.0,PE,33.5,33.3,2021-07-02,0,2021-07-08,15700
2021-07-02 09:25:00,2021-07-02,09:25:00,2021-07-02,15500.0,PE,33.5,33.3,2021-07-02,0,2021-07-08,15700
2021-07-02 09:25:00,2021-07-02,09:25:00,2021-07-02,15700.0,CE,77.3,78.35,2021-07-02,0,2021-07-08,15700
2021-07-02 09:25:00,2021-07-02,09:25:00,2021-07-02,15700.0,CE,77.3,78.35,2021-07-02,0,2021-07-08,15700
2021-07-02 09:25:00,2021-07-02,09:25:00,2021-07-02,15700.0,PE,108.6,107.05,2021-07-02,0,2021-07-08,15700
2021-07-02 09:25:00,2021-07-02,09:25:00,2021-07-02,15900.0,CE,18.6,19.05,2021-07-02,0,2021-07-08,15700
2021-07-02 09:25:00,2021-07-02,09:25:00,2021-07-02,15900.0,CE,18.6,19.05,2021-07-02,0,2021-07-08,15700
2021-07-02 09:25:00,2021-07-02,09:25:00,2021-07-02,15900.0,PE,250.4,249.1,2021-07-02,0,2021-07-08,15700
2021-07-02 09:25:00,2021-07-02,09:25:00,2021-07-02,15900.0,PE,250.4,249.1,2021-07-02,0,2021-07-08,15700
2021-07-02 09:30:00,2021-07-02,09:30:00,2021-07-02,15500.0,CE,206.4,205.45,2021-07-02,0,2021-07-08,15700
2021-07-02 09:30:00,2021-07-02,09:30:00,2021-07-02,15500.0,CE,206.4,205.45,2021-07-02,0,2021-07-08,15700
2021-07-02 09:30:00,2021-07-02,09:30:00,2021-07-02,15500.0,PE,32.5,33.2,2021-07-02,0,2021-07-08,15700
2021-07-02 09:30:00,2021-07-02,09:30:00,2021-07-02,15500.0,PE,32.5,33.2,2021-07-02,0,2021-07-08,15700
2021-07-02 09:30:00,2021-07-02,09:30:00,2021-07-02,15700.0,CE,78.35,78.2,2021-07-02,0,2021-07-08,15700
2021-07-02 09:30:00,2021-07-02,09:30:00,2021-07-02,15700.0,CE,78.35,78.2,2021-07-02,0,2021-07-08,15700
2021-07-02 09:30:00,2021-07-02,09:30:00,2021-07-02,15700.0,PE,104.35,105.9,2021-07-02,0,2021-07-08,15700
2021-07-02 09:30:00,2021-07-02,09:30:00,2021-07-02,15900.0,CE,18.5,18.65,2021-07-02,0,2021-07-08,15700
2021-07-02 09:30:00,2021-07-02,09:30:00,2021-07-02,15900.0,CE,18.5,18.65,2021-07-02,0,2021-07-08,15700
2021-07-02 09:30:00,2021-07-02,09:30:00,2021-07-02,15900.0,PE,244.55,245.55,2021-07-02,0,2021-07-08,15700
2021-07-02 09:30:00,2021-07-02,09:30:00,2021-07-02,15900.0,PE,244.55,245.55,2021-07-02,0,2021-07-08,15700
2021-07-02 09:31:00,2021-07-02,09:31:00,2021-07-02,15500.0,CE,207.35,207.1,2021-07-02,0,2021-07-08,15700
2021-07-02 09:31:00,2021-07-02,09:31:00,2021-07-02,15500.0,CE,207.35,207.1,2021-07-02,0,2021-07-08,15700
2021-07-02 09:31:00,2021-07-02,09:31:00,2021-07-02,15500.0,PE,32.9,32.6,2021-07-02,0,2021-07-08,15700
2021-07-02 09:31:00,2021-07-02,09:31:00,2021-07-02,15500.0,PE,32.9,32.6,2021-07-02,0,2021-07-08,15700
2021-07-02 09:31:00,2021-07-02,09:31:00,2021-07-02,15700.0,CE,78.6,79.0,2021-07-02,0,2021-07-08,15700
2021-07-02 09:31:00,2021-07-02,09:31:00,2021-07-02,15700.0,CE,78.6,79.0,2021-07-02,0,2021-07-08,15700
2021-07-02 09:31:00,2021-07-02,09:31:00,2021-07-02,15700.0,PE,105.0,104.6,2021-07-02,0,2021-07-08,15700
2021-07-02 09:31:00,2021-07-02,09:31:00,2021-07-02,15900.0,CE,18.75,18.7,2021-07-02,0,2021-07-08,15700
2021-07-02 09:31:00,2021-07-02,09:31:00,2021-07-02,15900.0,CE,18.75,18.7,2021-07-02,0,2021-07-08,15700
2021-07-02 09:31:00,2021-07-02,09:31:00,2021-07-02,15900.0,PE,244.55,245.55,2021-07-02,0,2021-07-08,15700
2021-07-02 09:31:00,2021-07-02,09:31:00,2021-07-02,15900.0,PE,244.55,245.55,2021-07-02,0,2021-07-08,15700
2021-07-02 09:32:00,2021-07-02,09:32:00,2021-07-02,15500.0,CE,207.1,212.7,2021-07-02,0,2021-07-08,15700
2021-07-02 09:32:00,2021-07-02,09:32:00,2021-07-02,15500.0,CE,207.1,212.7,2021-07-02,0,2021-07-08,15700
2021-07-02 09:32:00,2021-07-02,09:32:00,2021-07-02,15500.0,PE,32.55,30.0,2021-07-02,0,2021-07-08,15700
2021-07-02 09:32:00,2021-07-02,09:32:00,2021-07-02,15500.0,PE,32.55,30.0,2021-07-02,0,2021-07-08,15700
2021-07-02 09:32:00,2021-07-02,09:32:00,2021-07-02,15700.0,CE,78.85,81.95,2021-07-02,0,2021-07-08,15700
2021-07-02 09:32:00,2021-07-02,09:32:00,2021-07-02,15700.0,CE,78.85,81.95,2021-07-02,0,2021-07-08,15700
2021-07-02 09:32:00,2021-07-02,09:32:00,2021-07-02,15700.0,PE,104.3,98.6,2021-07-02,0,2021-07-08,15700
2021-07-02 09:32:00,2021-07-02,09:32:00,2021-07-02,15900.0,CE,18.7,19.35,2021-07-02,0,2021-07-08,15700
2021-07-02 09:32:00,2021-07-02,09:32:00,2021-07-02,15900.0,CE,18.7,19.35,2021-07-02,0,2021-07-08,15700
2021-07-02 09:32:00,2021-07-02,09:32:00,2021-07-02,15900.0,PE,245.55,236.8,2021-07-02,0,2021-07-08,15700
2021-07-02 09:32:00,2021-07-02,09:32:00,2021-07-02,15900.0,PE,245.55,236.8,2021-07-02,0,2021-07-08,15700
2021-07-02 09:33:00,2021-07-02,09:33:00,2021-07-02,15500.0,CE,212.45,206.05,2021-07-02,0,2021-07-08,15700
2021-07-02 09:33:00,2021-07-02,09:33:00,2021-07-02,15500.0,CE,212.45,206.05,2021-07-02,0,2021-07-08,15700
2021-07-02 09:33:00,2021-07-02,09:33:00,2021-07-02,15500.0,PE,30.25,32.9,2021-07-02,0,2021-07-08,15700
2021-07-02 09:33:00,2021-07-02,09:33:00,2021-07-02,15500.0,PE,30.25,32.9,2021-07-02,0,2021-07-08,15700
2021-07-02 09:33:00,2021-07-02,09:33:00,2021-07-02,15700.0,CE,81.9,78.5,2021-07-02,0,2021-07-08,15700
2021-07-02 09:33:00,2021-07-02,09:33:00,2021-07-02,15700.0,CE,81.9,78.5,2021-07-02,0,2021-07-08,15700
2021-07-02 09:33:00,2021-07-02,09:33:00,2021-07-02,15700.0,PE,98.25,105.25,2021-07-02,0,2021-07-08,15700
2021-07-02 09:33:00,2021-07-02,09:33:00,2021-07-02,15900.0,CE,19.3,18.75,2021-07-02,0,2021-07-08,15700
2021-07-02 09:33:00,2021-07-02,09:33:00,2021-07-02,15900.0,CE,19.3,18.75,2021-07-02,0,2021-07-08,15700
2021-07-02 09:33:00,2021-07-02,09:33:00,2021-07-02,15900.0,PE,237.0,246.25,2021-07-02,0,2021-07-08,15700
2021-07-02 09:33:00,2021-07-02,09:33:00,2021-07-02,15900.0,PE,237.0,246.25,2021-07-02,0,2021-07-08,15700
2021-07-02 09:34:00,2021-07-02,09:34:00,2021-07-02,15500.0,CE,207.0,205.6,2021-07-02,0,2021-07-08,15700
2021-07-02 09:34:00,2021-07-02,09:34:00,2021-07-02,15500.0,CE,207.0,205.6,2021-07-02,0,2021-07-08,15700
2021-07-02 09:34:00,2021-07-02,09:34:00,2021-07-02,15500.0,PE,32.6,32.55,2021-07-02,0,2021-07-08,15700
2021-07-02 09:34:00,2021-07-02,09:34:00,2021-07-02,15500.0,PE,32.6,32.55,2021-07-02,0,2021-07-08,15700
2021-07-02 09:34:00,2021-07-02,09:34:00,2021-07-02,15700.0,CE,78.9,78.0,2021-07-02,0,2021-07-08,15700
2021-07-02 09:34:00,2021-07-02,09:34:00,2021-07-02,15700.0,CE,78.9,78.0,2021-07-02,0,2021-07-08,15700
2021-07-02 09:34:00,2021-07-02,09:34:00,2021-07-02,15700.0,PE,104.7,105.65,2021-07-02,0,2021-07-08,15700
2021-07-02 09:34:00,2021-07-02,09:34:00,2021-07-02,15900.0,CE,18.7,18.35,2021-07-02,0,2021-07-08,15700
2021-07-02 09:34:00,2021-07-02,09:34:00,2021-07-02,15900.0,CE,18.7,18.35,2021-07-02,0,2021-07-08,15700
2021-07-02 09:34:00,2021-07-02,09:34:00,2021-07-02,15900.0,PE,244.6,245.85,2021-07-02,0,2021-07-08,15700
2021-07-02 09:34:00,2021-07-02,09:34:00,2021-07-02,15900.0,PE,244.6,245.85,2021-07-02,0,2021-07-08,15700
2021-07-02 09:35:00,2021-07-02,09:35:00,2021-07-02,15500.0,CE,205.25,201.8,2021-07-02,0,2021-07-08,15700
2021-07-02 09:35:00,2021-07-02,09:35:00,2021-07-02,15500.0,CE,205.25,201.8,2021-07-02,0,2021-07-08,15700
2021-07-02 09:35:00,2021-07-02,09:35:00,2021-07-02,15500.0,PE,32.35,33.1,2021-07-02,0,2021-07-08,15700
2021-07-02 09:35:00,2021-07-02,09:35:00,2021-07-02,15500.0,PE,32.35,33.1,2021-07-02,0,2021-07-08,15700
2021-07-02 09:35:00,2021-07-02,09:35:00,2021-07-02,15700.0,CE,78.25,76.05,2021-07-02,0,2021-07-08,15700
2021-07-02 09:35:00,2021-07-02,09:35:00,2021-07-02,15700.0,CE,78.25,76.05,2021-07-02,0,2021-07-08,15700
2021-07-02 09:35:00,2021-07-02,09:35:00,2021-07-02,15700.0,PE,104.75,107.8,2021-07-02,0,2021-07-08,15700
2021-07-02 09:35:00,2021-07-02,09:35:00,2021-07-02,15900.0,CE,18.45,18.05,2021-07-02,0,2021-07-08,15700
2021-07-02 09:35:00,2021-07-02,09:35:00,2021-07-02,15900.0,CE,18.45,18.05,2021-07-02,0,2021-07-08,15700
2021-07-02 09:35:00,2021-07-02,09:35:00,2021-07-02,15900.0,PE,246.6,251.1,2021-07-02,0,2021-07-08,15700
2021-07-02 09:35:00,2021-07-02,09:35:00,2021-07-02,15900.0,PE,246.6,251.1,2021-07-02,0,2021-07-08,15700
2021-07-02 09:36:00,2021-07-02,09:36:00,2021-07-02,15500.0,CE,201.35,197.05,2021-07-02,0,2021-07-08,15700
2021-07-02 09:36:00,2021-07-02,09:36:00,2021-07-02,15500.0,CE,201.35,197.05,2021-07-02,0,2021-07-08,15700
2021-07-02 09:36:00,2021-07-02,09:36:00,2021-07-02,15500.0,PE,32.95,33.75,2021-07-02,0,2021-07-08,15700
2021-07-02 09:36:00,2021-07-02,09:36:00,2021-07-02,15500.0,PE,32.95,33.75,2021-07-02,0,2021-07-08,15700
2021-07-02 09:36:00,2021-07-02,09:36:00,2021-07-02,15700.0,CE,76.0,73.75,2021-07-02,0,2021-07-08,15700
2021-07-02 09:36:00,2021-07-02,09:36:00,2021-07-02,15700.0,CE,76.0,73.75,2021-07-02,0,2021-07-08,15700
2021-07-02 09:36:00,2021-07-02,09:36:00,2021-07-02,15700.0,PE,107.75,109.35,2021-07-02,0,2021-07-08,15700
2021-07-02 09:36:00,2021-07-02,09:36:00,2021-07-02,15900.0,CE,18.0,17.5,2021-07-02,0,2021-07-08,15700
2021-07-02 09:36:00,2021-07-02,09:36:00,2021-07-02,15900.0,CE,18.0,17.5,2021-07-02,0,2021-07-08,15700
2021-07-02 09:36:00,2021-07-02,09:36:00,2021-07-02,15900.0,PE,249.8,254.0,2021-07-02,0,2021-07-08,15700
2021-07-02 09:36:00,2021-07-02,09:36:00,2021-07-02,15900.0,PE,249.8,254.0,2021-07-02,0,2021-07-08,15700
2021-07-02 09:37:00,2021-07-02,09:37:00,2021-07-02,15500.0,CE,196.95,203.45,2021-07-02,0,2021-07-08,15700
2021-07-02 09:37:00,2021-07-02,09:37:00,2021-07-02,15500.0,CE,196.95,203.45,2021-07-02,0,2021-07-08,15700
2021-07-02 09:37:00,2021-07-02,09:37:00,2021-07-02,15500.0,PE,33.7,32.15,2021-07-02,0,2021-07-08,15700
2021-07-02 09:37:00,2021-07-02,09:37:00,2021-07-02,15500.0,PE,33.7,32.15,2021-07-02,0,2021-07-08,15700
2021-07-02 09:37:00,2021-07-02,09:37:00,2021-07-02,15700.0,CE,73.4,76.9,2021-07-02,0,2021-07-08,15700
2021-07-02 09:37:00,2021-07-02,09:37:00,2021-07-02,15700.0,CE,73.4,76.9,2021-07-02,0,2021-07-08,15700
2021-07-02 09:37:00,2021-07-02,09:37:00,2021-07-02,15700.0,PE,109.85,104.65,2021-07-02,0,2021-07-08,15700
2021-07-02 09:37:00,2021-07-02,09:37:00,2021-07-02,15900.0,CE,17.45,18.35,2021-07-02,0,2021-07-08,15700
2021-07-02 09:37:00,2021-07-02,09:37:00,2021-07-02,15900.0,CE,17.45,18.35,2021-07-02,0,2021-07-08,15700
2021-07-02 09:37:00,2021-07-02,09:37:00,2021-07-02,15900.0,PE,254.0,247.0,2021-07-02,0,2021-07-08,15700
2021-07-02 09:37:00,2021-07-02,09:37:00,2021-07-02,15900.0,PE,254.0,247.0,2021-07-02,0,2021-07-08,15700
2021-07-02 09:38:00,2021-07-02,09:38:00,2021-07-02,15500.0,CE,204.0,200.8,2021-07-02,0,2021-07-08,15700
2021-07-02 09:38:00,2021-07-02,09:38:00,2021-07-02,15500.0,CE,204.0,200.8,2021-07-02,0,2021-07-08,15700
2021-07-02 09:38:00,2021-07-02,09:38:00,2021-07-02,15500.0,PE,32.0,33.1,2021-07-02,0,2021-07-08,15700
2021-07-02 09:38:00,2021-07-02,09:38:00,2021-07-02,15500.0,PE,32.0,33.1,2021-07-02,0,2021-07-08,15700
2021-07-02 09:38:00,2021-07-02,09:38:00,2021-07-02,15700.0,CE,77.0,75.4,2021-07-02,0,2021-07-08,15700
2021-07-02 09:38:00,2021-07-02,09:38:00,2021-07-02,15700.0,CE,77.0,75.4,2021-07-02,0,2021-07-08,15700
2021-07-02 09:38:00,2021-07-02,09:38:00,2021-07-02,15700.0,PE,104.7,107.0,2021-07-02,0,2021-07-08,15700
2021-07-02 09:38:00,2021-07-02,09:38:00,2021-07-02,15900.0,CE,18.4,17.9,2021-07-02,0,2021-07-08,15700
2021-07-02 09:38:00,2021-07-02,09:38:00,2021-07-02,15900.0,CE,18.4,17.9,2021-07-02,0,2021-07-08,15700
2021-07-02 09:38:00,2021-07-02,09:38:00,2021-07-02,15900.0,PE,246.1,249.7,2021-07-02,0,2021-07-08,15700
2021-07-02 09:38:00,2021-07-02,09:38:00,2021-07-02,15900.0,PE,246.1,249.7,2021-07-02,0,2021-07-08,15700
2021-07-02 09:39:00,2021-07-02,09:39:00,2021-07-02,15500.0,CE,200.05,201.5,2021-07-02,0,2021-07-08,15700
2021-07-02 09:39:00,2021-07-02,09:39:00,2021-07-02,15500.0,CE,200.05,201.5,2021-07-02,0,2021-07-08,15700
2021-07-02 09:39:00,2021-07-02,09:39:00,2021-07-02,15500.0,PE,33.1,33.2,2021-07-02,0,2021-07-08,15700
2021-07-02 09:39:00,2021-07-02,09:39:00,2021-07-02,15500.0,PE,33.1,33.2,2021-07-02,0,2021-07-08,15700
2021-07-02 09:39:00,2021-07-02,09:39:00,2021-07-02,15700.0,CE,74.95,75.45,2021-07-02,0,2021-07-08,15700
2021-07-02 09:39:00,2021-07-02,09:39:00,2021-07-02,15700.0,CE,74.95,75.45,2021-07-02,0,2021-07-08,15700
2021-07-02 09:39:00,2021-07-02,09:39:00,2021-07-02,15700.0,PE,107.7,107.5,2021-07-02,0,2021-07-08,15700
2021-07-02 09:39:00,2021-07-02,09:39:00,2021-07-02,15900.0,CE,17.95,17.9,2021-07-02,0,2021-07-08,15700
2021-07-02 09:39:00,2021-07-02,09:39:00,2021-07-02,15900.0,CE,17.95,17.9,2021-07-02,0,2021-07-08,15700
2021-07-02 09:39:00,2021-07-02,09:39:00,2021-07-02,15900.0,PE,252.3,249.2,2021-07-02,0,2021-07-08,15700
2021-07-02 09:39:00,2021-07-02,09:39:00,2021-07-02,15900.0,PE,252.3,249.2,2021-07-02,0,2021-07-08,15700
2021-07-02 15:10:00,2021-07-02,15:10:00,2021-07-02,15500.0,CE,228.2,228.55,2021-07-02,0,2021-07-08,15700
2021-07-02 15:10:00,2021-07-02,15:10:00,2021-07-02,15500.0,CE,228.2,228.55,2021-07-02,0,2021-07-08,15700
2021-07-02 15:10:00,2021-07-02,15:10:00,2021-07-02,15500.0,PE,16.2,16.3,2021-07-02,0,2021-07-08,15700
2021-07-02 15:10:00,2021-07-02,15:10:00,2021-07-02,15500.0,PE,16.2,16.3,2021-07-02,0,2021-07-08,15700
2021-07-02 15:10:00,2021-07-02,15:10:00,2021-07-02,15700.0,CE,82.3,82.2,2021-07-02,0,2021-07-08,15700
2021-07-02 15:10:00,2021-07-02,15:10:00,2021-07-02,15700.0,CE,82.3,82.2,2021-07-02,0,2021-07-08,15700
2021-07-02 15:10:00,2021-07-02,15:10:00,2021-07-02,15700.0,PE,69.5,69.65,2021-07-02,0,2021-07-08,15700
2021-07-02 15:10:00,2021-07-02,15:10:00,2021-07-02,15900.0,CE,14.9,15.0,2021-07-02,0,2021-07-08,15700
2021-07-02 15:10:00,2021-07-02,15:10:00,2021-07-02,15900.0,CE,14.9,15.0,2021-07-02,0,2021-07-08,15700
2021-07-02 15:10:00,2021-07-02,15:10:00,2021-07-02,15900.0,PE,201.95,202.1,2021-07-02,0,2021-07-08,15700
2021-07-02 15:10:00,2021-07-02,15:10:00,2021-07-02,15900.0,PE,201.95,202.1,2021-07-02,0,2021-07-08,15700
2021-07-05 09:25:00,2021-07-05,09:25:00,2021-07-05,15600.0,CE,217.5,213.2,2021-07-05,0,2021-07-08,15800
2021-07-05 09:25:00,2021-07-05,09:25:00,2021-07-05,15600.0,CE,217.5,213.2,2021-07-05,0,2021-07-08,15800
2021-07-05 09:25:00,2021-07-05,09:25:00,2021-07-05,15600.0,PE,13.25,13.8,2021-07-05,0,2021-07-08,15800
2021-07-05 09:25:00,2021-07-05,09:25:00,2021-07-05,15600.0,PE,13.25,13.8,2021-07-05,0,2021-07-08,15800
2021-07-05 09:25:00,2021-07-05,09:25:00,2021-07-05,15800.0,CE,71.0,67.6,2021-07-05,0,2021-07-08,15800
2021-07-05 09:25:00,2021-07-05,09:25:00,2021-07-05,15800.0,CE,71.0,67.6,2021-07-05,0,2021-07-08,15800
2021-07-05 09:25:00,2021-07-05,09:25:00,2021-07-05,15800.0,PE,65.3,68.2,2021-07-05,0,2021-07-08,15800
2021-07-05 09:25:00,2021-07-05,09:25:00,2021-07-05,16000.0,CE,10.15,9.55,2021-07-05,0,2021-07-08,15800
2021-07-05 09:25:00,2021-07-05,09:25:00,2021-07-05,16000.0,CE,10.15,9.55,2021-07-05,0,2021-07-08,15800
2021-07-05 09:25:00,2021-07-05,09:25:00,2021-07-05,16000.0,PE,205.0,211.3,2021-07-05,0,2021-07-08,15800
2021-07-05 09:25:00,2021-07-05,09:25:00,2021-07-05,16000.0,PE,205.0,211.3,2021-07-05,0,2021-07-08,15800
2021-07-05 09:30:00,2021-07-05,09:30:00,2021-07-05,15600.0,CE,217.55,220.9,2021-07-05,0,2021-07-08,15800
2021-07-05 09:30:00,2021-07-05,09:30:00,2021-07-05,15600.0,CE,217.55,220.9,2021-07-05,0,2021-07-08,15800
2021-07-05 09:30:00,2021-07-05,09:30:00,2021-07-05,15600.0,PE,13.25,12.5,2021-07-05,0,2021-07-08,15800
2021-07-05 09:30:00,2021-07-05,09:30:00,2021-07-05,15600.0,PE,13.25,12.5,2021-07-05,0,2021-07-08,15800
2021-07-05 09:30:00,2021-07-05,09:30:00,2021-07-05,15800.0,CE,69.5,71.1,2021-07-05,0,2021-07-08,15800
2021-07-05 09:30:00,2021-07-05,09:30:00,2021-07-05,15800.0,CE,69.5,71.1,2021-07-05,0,2021-07-08,15800
2021-07-05 09:30:00,2021-07-05,09:30:00,2021-07-05,15800.0,PE,65.95,62.65,2021-07-05,0,2021-07-08,15800
2021-07-05 09:30:00,2021-07-05,09:30:00,2021-07-05,16000.0,CE,10.0,10.0,2021-07-05,0,2021-07-08,15800
2021-07-05 09:30:00,2021-07-05,09:30:00,2021-07-05,16000.0,CE,10.0,10.0,2021-07-05,0,2021-07-08,15800
2021-07-05 09:30:00,2021-07-05,09:30:00,2021-07-05,16000.0,PE,206.65,201.95,2021-07-05,0,2021-07-08,15800
2021-07-05 09:30:00,2021-07-05,09:30:00,2021-07-05,16000.0,PE,206.65,201.95,2021-07-05,0,2021-07-08,15800
2021-07-05 09:31:00,2021-07-05,09:31:00,2021-07-05,15600.0,CE,221.25,222.75,2021-07-05,0,2021-07-08,15800
2021-07-05 09:31:00,2021-07-05,09:31:00,2021-07-05,15600.0,CE,221.25,222.75,2021-07-05,0,2021-07-08,15800
2021-07-05 09:31:00,2021-07-05,09:31:00,2021-07-05,15600.0,PE,12.5,11.65,2021-07-05,0,2021-07-08,15800
2021-07-05 09:31:00,2021-07-05,09:31:00,2021-07-05,15600.0,PE,12.5,11.65,2021-07-05,0,2021-07-08,15800
2021-07-05 09:31:00,2021-07-05,09:31:00,2021-07-05,15800.0,CE,71.2,72.0,2021-07-05,0,2021-07-08,15800
2021-07-05 09:31:00,2021-07-05,09:31:00,2021-07-05,15800.0,CE,71.2,72.0,2021-07-05,0,2021-07-08,15800
2021-07-05 09:31:00,2021-07-05,09:31:00,2021-07-05,15800.0,PE,62.65,60.45,2021-07-05,0,2021-07-08,15800
2021-07-05 09:31:00,2021-07-05,09:31:00,2021-07-05,16000.0,CE,9.9,9.95,2021-07-05,0,2021-07-08,15800
2021-07-05 09:31:00,2021-07-05,09:31:00,2021-07-05,16000.0,CE,9.9,9.95,2021-07-05,0,2021-07-08,15800
2021-07-05 09:31:00,2021-07-05,09:31:00,2021-07-05,16000.0,PE,201.7,198.95,2021-07-05,0,2021-07-08,15800
2021-07-05 09:31:00,2021-07-05,09:31:00,2021-07-05,16000.0,PE,201.7,198.95,2021-07-05,0,2021-07-08,15800
2021-07-05 09:32:00,2021-07-05,09:32:00,2021-07-05,15600.0,CE,223.1,221.4,2021-07-05,0,2021-07-08,15800
2021-07-05 09:32:00,2021-07-05,09:32:00,2021-07-05,15600.0,CE,223.1,221.4,2021-07-05,0,2021-07-08,15800
2021-07-05 09:32:00,2021-07-05,09:32:00,2021-07-05,15600.0,PE,11.7,11.65,2021-07-05,0,2021-07-08,15800
2021-07-05 09:32:00,2021-07-05,09:32:00,2021-07-05,15600.0,PE,11.7,11.65,2021-07-05,0,2021-07-08,15800
2021-07-05 09:32:00,2021-07-05,09:32:00,2021-07-05,15800.0,CE,72.1,71.3,2021-07-05,0,2021-07-08,15800
2021-07-05 09:32:00,2021-07-05,09:32:00,2021-07-05,15800.0,CE,72.1,71.3,2021-07-05,0,2021-07-08,15800
2021-07-05 09:32:00,2021-07-05,09:32:00,2021-07-05,15800.0,PE,60.45,61.35,2021-07-05,0,2021-07-08,15800
2021-07-05 09:32:00,2021-07-05,09:32:00,2021-07-05,16000.0,CE,10.0,9.9,2021-07-05,0,2021-07-08,15800
2021-07-05 09:32:00,2021-07-05,09:32:00,2021-07-05,16000.0,CE,10.0,9.9,2021-07-05,0,2021-07-08,15800
2021-07-05 09:32:00,2021-07-05,09:32:00,2021-07-05,16000.0,PE,198.8,200.75,2021-07-05,0,2021-07-08,15800
2021-07-05 09:32:00,2021-07-05,09:32:00,2021-07-05,16000.0,PE,198.8,200.75,2021-07-05,0,2021-07-08,15800
2021-07-05 09:33:00,2021-07-05,09:33:00,2021-07-05,15600.0,CE,220.65,219.2,2021-07-05,0,2021-07-08,15800
2021-07-05 09:33:00,2021-07-05,09:33:00,2021-07-05,15600.0,CE,220.65,219.2,2021-07-05,0,2021-07-08,15800
2021-07-05 09:33:00,2021-07-05,09:33:00,2021-07-05,15600.0,PE,11.65,12.0,2021-07-05,0,2021-07-08,15800
2021-07-05 09:33:00,2021-07-05,09:33:00,2021-07-05,15600.0,PE,11.65,12.0,2021-07-05,0,2021-07-08,15800
2021-07-05 09:33:00,2021-07-05,09:33:00,2021-07-05,15800.0,CE,71.35,70.5,2021-07-05,0,2021-07-08,15800
2021-07-05 09:33:00,2021-07-05,09:33:00,2021-07-05,15800.0,CE,71.35,70.5,2021-07-05,0,2021-07-08,15800
2021-07-05 09:33:00,2021-07-05,09:33:00,2021-07-05,15800.0,PE,61.15,62.4,2021-07-05,0,2021-07-08,15800
2021-07-05 09:33:00,2021-07-05,09:33:00,2021-07-05,16000.0,CE,9.95,9.7,2021-07-05,0,2021-07-08,15800
2021-07-05 09:33:00,2021-07-05,09:33:00,2021-07-05,16000.0,CE,9.95,9.7,2021-07-05,0,2021-07-08,15800
2021-07-05 09:33:00,2021-07-05,09:33:00,2021-07-05,16000.0,PE,200.05,201.6,2021-07-05,0,2021-07-08,15800
2021-07-05 09:33:00,2021-07-05,09:33:00,2021-07-05,16000.0,PE,200.05,201.6,2021-07-05,0,2021-07-08,15800
2021-07-05 09:34:00,2021-07-05,09:34:00,2021-07-05,15600.0,CE,219.35,219.0,2021-07-05,0,2021-07-08,15800
2021-07-05 09:34:00,2021-07-05,09:34:00,2021-07-05,15600.0,CE,219.35,219.0,2021-07-05,0,2021-07-08,15800
2021-07-05 09:34:00,2021-07-05,09:34:00,2021-07-05,15600.0,PE,11.85,11.8,2021-07-05,0,2021-07-08,15800
2021-07-05 09:34:00,2021-07-05,09:34:00,2021-07-05,15600.0,PE,11.85,11.8,2021-07-05,0,2021-07-08,15800
2021-07-05 09:34:00,2021-07-05,09:34:00,2021-07-05,15800.0,CE,70.75,69.95,2021-07-05,0,2021-07-08,15800
2021-07-05 09:34:00,2021-07-05,09:34:00,2021-07-05,15800.0,CE,70.75,69.95,2021-07-05,0,2021-07-08,15800
2021-07-05 09:34:00,2021-07-05,09:34:00,2021-07-05,15800.0,PE,62.05,62.35,2021-07-05,0,2021-07-08,15800
2021-07-05 09:34:00,2021-07-05,09:34:00,2021-07-05,16000.0,CE,9.75,9.65,2021-07-05,0,2021-07-08,15800
2021-07-05 09:34:00,2021-07-05,09:34:00,2021-07-05,16000.0,CE,9.75,9.65,2021-07-05,0,2021-07-08,15800
2021-07-05 09:34:00,2021-07-05,09:34:00,2021-07-05,16000.0,PE,201.2,202.55,2021-07-05,0,2021-07-08,15800
2021-07-05 09:34:00,2021-07-05,09:34:00,2021-07-05,16000.0,PE,201.2,202.55,2021-07-05,0,2021-07-08,15800
2021-07-05 09:35:00,2021-07-05,09:35:00,2021-07-05,15600.0,CE,219.4,219.6,2021-07-05,0,2021-07-08,15800
2021-07-05 09:35:00,2021-07-05,09:35:00,2021-07-05,15600.0,CE,219.4,219.6,2021-07-05,0,2021-07-08,15800
2021-07-05 09:35:00,2021-07-05,09:35:00,2021-07-05,15600.0,PE,11.8,11.9,2021-07-05,0,2021-07-08,15800
2021-07-05 09:35:00,2021-07-05,09:35:00,2021-07-05,15600.0,PE,11.8,11.9,2021-07-05,0,2021-07-08,15800
2021-07-05 09:35:00,2021-07-05,09:35:00,2021-07-05,15800.0,CE,70.0,70.1,2021-07-05,0,2021-07-08,15800
2021-07-05 09:35:00,2021-07-05,09:35:00,2021-07-05,15800.0,CE,70.0,70.1,2021-07-05,0,2021-07-08,15800
2021-07-05 09:35:00,2021-07-05,09:35:00,2021-07-05,15800.0,PE,62.5,62.5,2021-07-05,0,2021-07-08,15800
2021-07-05 09:35:00,2021-07-05,09:35:00,2021-07-05,16000.0,CE,9.6,9.7,2021-07-05,0,2021-07-08,15800
2021-07-05 09:35:00,2021-07-05,09:35:00,2021-07-05,16000.0,CE,9.6,9.7,2021-07-05,0,2021-07-08,15800
2021-07-05 09:35:00,2021-07-05,09:35:00,2021-07-05,16000.0,PE,201.7,202.3,2021-07-05,0,2021-07-08,15800
2021-07-05 09:35:00,2021-07-05,09:35:00,2021-07-05,16000.0,PE,201.7,202.3,2021-07-05,0,2021-07-08,15800
2021-07-05 09:36:00,2021-07-05,09:36:00,2021-07-05,15600.0,CE,218.95,217.7,2021-07-05,0,2021-07-08,15800
2021-07-05 09:36:00,2021-07-05,09:36:00,2021-07-05,15600.0,CE,218.95,217.7,2021-07-05,0,2021-07-08,15800
2021-07-05 09:36:00,2021-07-05,09:36:00,2021-07-05,15600.0,PE,11.9,12.45,2021-07-05,0,2021-07-08,15800
2021-07-05 09:36:00,2021-07-05,09:36:00,2021-07-05,15600.0,PE,11.9,12.45,2021-07-05,0,2021-07-08,15800
2021-07-05 09:36:00,2021-07-05,09:36:00,2021-07-05,15800.0,CE,70.0,68.3,2021-07-05,0,2021-07-08,15800
2021-07-05 09:36:00,2021-07-05,09:36:00,2021-07-05,15800.0,CE,70.0,68.3,2021-07-05,0,2021-07-08,15800
2021-07-05 09:36:00,2021-07-05,09:36:00,2021-07-05,15800.0,PE,62.7,64.25,2021-07-05,0,2021-07-08,15800
2021-07-05 09:36:00,2021-07-05,09:36:00,2021-07-05,16000.0,CE,9.7,9.2,2021-07-05,0,2021-07-08,15800
2021-07-05 09:36:00,2021-07-05,09:36:00,2021-07-05,16000.0,CE,9.7,9.2,2021-07-05,0,2021-07-08,15800
2021-07-05 09:36:00,2021-07-05,09:36:00,2021-07-05,16000.0,PE,203.0,205.3,2021-07-05,0,2021-07-08,15800
2021-07-05 09:36:00,2021-07-05,09:36:00,2021-07-05,16000.0,PE,203.0,205.3,2021-07-05,0,2021-07-08,15800
2021-07-05 09:37:00,2021-07-05,09:37:00,2021-07-05,15600.0,CE,217.45,218.75,2021-07-05,0,2021-07-08,15800
2021-07-05 09:37:00,2021-07-05,09:37:00,2021-07-05,15600.0,CE,217.45,218.75,2021-07-05,0,2021-07-08,15800
2021-07-05 09:37:00,2021-07-05,09:37:00,2021-07-05,15600.0,PE,12.45,12.5,2021-07-05,0,2021-07-08,15800
2021-07-05 09:37:00,2021-07-05,09:37:00,2021-07-05,15600.0,PE,12.45,12.5,2021-07-05,0,2021-07-08,15800
2021-07-05 09:37:00,2021-07-05,09:37:00,2021-07-05,15800.0,CE,68.35,69.55,2021-07-05,0,2021-07-08,15800
2021-07-05 09:37:00,2021-07-05,09:37:00,2021-07-05,15800.0,CE,68.35,69.55,2021-07-05,0,2021-07-08,15800
2021-07-05 09:37:00,2021-07-05,09:37:00,2021-07-05,15800.0,PE,63.9,63.6,2021-07-05,0,2021-07-08,15800
2021-07-05 09:37:00,2021-07-05,09:37:00,2021-07-05,16000.0,CE,9.25,9.45,2021-07-05,0,2021-07-08,15800
2021-07-05 09:37:00,2021-07-05,09:37:00,2021-07-05,16000.0,CE,9.25,9.45,2021-07-05,0,2021-07-08,15800
2021-07-05 09:37:00,2021-07-05,09:37:00,2021-07-05,16000.0,PE,205.4,203.95,2021-07-05,0,2021-07-08,15800
2021-07-05 09:37:00,2021-07-05,09:37:00,2021-07-05,16000.0,PE,205.4,203.95,2021-07-05,0,2021-07-08,15800
2021-07-05 09:38:00,2021-07-05,09:38:00,2021-07-05,15600.0,CE,218.8,217.55,2021-07-05,0,2021-07-08,15800
2021-07-05 09:38:00,2021-07-05,09:38:00,2021-07-05,15600.0,CE,218.8,217.55,2021-07-05,0,2021-07-08,15800
2021-07-05 09:38:00,2021-07-05,09:38:00,2021-07-05,15600.0,PE,12.45,12.7,2021-07-05,0,2021-07-08,15800
2021-07-05 09:38:00,2021-07-05,09:38:00,2021-07-05,15600.0,PE,12.45,12.7,2021-07-05,0,2021-07-08,15800
2021-07-05 09:38:00,2021-07-05,09:38:00,2021-07-05,15800.0,CE,69.7,69.05,2021-07-05,0,2021-07-08,15800
2021-07-05 09:38:00,2021-07-05,09:38:00,2021-07-05,15800.0,CE,69.7,69.05,2021-07-05,0,2021-07-08,15800
2021-07-05 09:38:00,2021-07-05,09:38:00,2021-07-05,15800.0,PE,63.5,63.9,2021-07-05,0,2021-07-08,15800
2021-07-05 09:38:00,2021-07-05,09:38:00,2021-07-05,16000.0,CE,9.5,9.35,2021-07-05,0,2021-07-08,15800
2021-07-05 09:38:00,2021-07-05,09:38:00,2021-07-05,16000.0,CE,9.5,9.35,2021-07-05,0,2021-07-08,15800
2021-07-05 09:38:00,2021-07-05,09:38:00,2021-07-05,16000.0,PE,203.85,204.95,2021-07-05,0,2021-07-08,15800
2021-07-05 09:38:00,2021-07-05,09:38:00,2021-07-05,16000.0,PE,203.85,204.95,2021-07-05,0,2021-07-08,15800
2021-07-05 09:39:00,2021-07-05,09:39:00,2021-07-05,15600.0,CE,217.5,221.9,2021-07-05,0,2021-07-08,15800
2021-07-05 09:39:00,2021-07-05,09:39:00,2021-07-05,15600.0,CE,217.5,221.9,2021-07-05,0,2021-07-08,15800
2021-07-05 09:39:00,2021-07-05,09:39:00,2021-07-05,15600.0,PE,12.75,12.2,2021-07-05,0,2021-07-08,15800
2021-07-05 09:39:00,2021-07-05,09:39:00,2021-07-05,15600.0,PE,12.75,12.2,2021-07-05,0,2021-07-08,15800
2021-07-05 09:39:00,2021-07-05,09:39:00,2021-07-05,15800.0,CE,69.1,71.65,2021-07-05,0,2021-07-08,15800
2021-07-05 09:39:00,2021-07-05,09:39:00,2021-07-05,15800.0,CE,69.1,71.65,2021-07-05,0,2021-07-08,15800
2021-07-05 09:39:00,2021-07-05,09:39:00,2021-07-05,15800.0,PE,63.9,61.75,2021-07-05,0,2021-07-08,15800
2021-07-05 09:39:00,2021-07-05,09:39:00,2021-07-05,16000.0,CE,9.35,9.65,2021-07-05,0,2021-07-08,15800
2021-07-05 09:39:00,2021-07-05,09:39:00,2021-07-05,16000.0,CE,9.35,9.65,2021-07-05,0,2021-07-08,15800
2021-07-05 09:39:00,2021-07-05,09:39:00,2021-07-05,16000.0,PE,204.85,200.7,2021-07-05,0,2021-07-08,15800
2021-07-05 09:39:00,2021-07-05,09:39:00,2021-07-05,16000.0,PE,204.85,200.7,2021-07-05,0,2021-07-08,15800
2021-07-05 15:10:00,2021-07-05,15:10:00,2021-07-05,15600.0,CE,237.95,240.3,2021-07-05,0,2021-07-08,15800
2021-07-05 15:10:00,2021-07-05,15:10:00,2021-07-05,15600.0,CE,237.95,240.3,2021-07-05,0,2021-07-08,15800
2021-07-05 15:10:00,2021-07-05,15:10:00,2021-07-05,15600.0,PE,8.75,8.7,2021-07-05,0,2021-07-08,15800
2021-07-05 15:10:00,2021-07-05,15:10:00,2021-07-05,15600.0,PE,8.75,8.7,2021-07-05,0,2021-07-08,15800
2021-07-05 15:10:00,2021-07-05,15:10:00,2021-07-05,15800.0,CE,77.4,78.85,2021-07-05,0,2021-07-08,15800
2021-07-05 15:10:00,2021-07-05,15:10:00,2021-07-05,15800.0,CE,77.4,78.85,2021-07-05,0,2021-07-08,15800
2021-07-05 15:10:00,2021-07-05,15:10:00,2021-07-05,15800.0,PE,48.25,47.25,2021-07-05,0,2021-07-08,15800
2021-07-05 15:10:00,2021-07-05,15:10:00,2021-07-05,16000.0,CE,8.65,9.0,2021-07-05,0,2021-07-08,15800
2021-07-05 15:10:00,2021-07-05,15:10:00,2021-07-05,16000.0,CE,8.65,9.0,2021-07-05,0,2021-07-08,15800
2021-07-05 15:10:00,2021-07-05,15:10:00,2021-07-05,16000.0,PE,179.8,177.45,2021-07-05,0,2021-07-08,15800
2021-07-05 15:10:00,2021-07-05,15:10:00,2021-07-05,16000.0,PE,179.8,177.45,2021-07-05,0,2021-07-08,15800
2021-07-05 09:25:00,2021-07-05,09:25:00,2021-07-05,15600.0,CE,253.75,246.8,2021-07-05,1,2021-07-15,15800
2021-07-05 09:25:00,2021-07-05,09:25:00,2021-07-05,15600.0,PE,39.75,40.85,2021-07-05,1,2021-07-15,15800
2021-07-05 09:25:00,2021-07-05,09:25:00,2021-07-05,15800.0,CE,115.45,111.9,2021-07-05,1,2021-07-15,15800
2021-07-05 09:25:00,2021-07-05,09:25:00,2021-07-05,15800.0,PE,102.35,105.95,2021-07-05,1,2021-07-15,15800
2021-07-05 09:25:00,2021-07-05,09:25:00,2021-07-05,16000.0,CE,36.9,35.7,2021-07-05,1,2021-07-15,15800
2021-07-05 09:25:00,2021-07-05,09:25:00,2021-07-05,16000.0,PE,228.0,228.0,2021-07-05,1,2021-07-15,15800
2021-07-05 09:30:00,2021-07-05,09:30:00,2021-07-05,15600.0,CE,252.4,254.2,2021-07-05,1,2021-07-15,15800
2021-07-05 09:30:00,2021-07-05,09:30:00,2021-07-05,15600.0,PE,39.7,38.35,2021-07-05,1,2021-07-15,15800
2021-07-05 09:30:00,2021-07-05,09:30:00,2021-07-05,15800.0,CE,115.45,116.65,2021-07-05,1,2021-07-15,15800
2021-07-05 09:30:00,2021-07-05,09:30:00,2021-07-05,15800.0,PE,103.15,100.05,2021-07-05,1,2021-07-15,15800
2021-07-05 09:30:00,2021-07-05,09:30:00,2021-07-05,16000.0,CE,36.55,36.75,2021-07-05,1,2021-07-15,15800
2021-07-05 09:30:00,2021-07-05,09:30:00,2021-07-05,16000.0,PE,221.2,220.55,2021-07-05,1,2021-07-15,15800
2021-07-05 09:31:00,2021-07-05,09:31:00,2021-07-05,15600.0,CE,254.3,256.85,2021-07-05,1,2021-07-15,15800
2021-07-05 09:31:00,2021-07-05,09:31:00,2021-07-05,15600.0,PE,38.1,37.45,2021-07-05,1,2021-07-15,15800
2021-07-05 09:31:00,2021-07-05,09:31:00,2021-07-05,15800.0,CE,117.0,118.75,2021-07-05,1,2021-07-15,15800
2021-07-05 09:31:00,2021-07-05,09:31:00,2021-07-05,15800.0,PE,100.6,98.55,2021-07-05,1,2021-07-15,15800
2021-07-05 09:31:00,2021-07-05,09:31:00,2021-07-05,16000.0,CE,36.75,37.35,2021-07-05,1,2021-07-15,15800
2021-07-05 09:31:00,2021-07-05,09:31:00,2021-07-05,16000.0,PE,220.2,218.0,2021-07-05,1,2021-07-15,15800
2021-07-05 09:32:00,2021-07-05,09:32:00,2021-07-05,15600.0,CE,257.5,255.3,2021-07-05,1,2021-07-15,15800
2021-07-05 09:32:00,2021-07-05,09:32:00,2021-07-05,15600.0,PE,37.35,37.5,2021-07-05,1,2021-07-15,15800
2021-07-05 09:32:00,2021-07-05,09:32:00,2021-07-05,15800.0,CE,118.6,117.95,2021-07-05,1,2021-07-15,15800
2021-07-05 09:32:00,2021-07-05,09:32:00,2021-07-05,15800.0,PE,98.85,99.4,2021-07-05,1,2021-07-15,15800
2021-07-05 09:32:00,2021-07-05,09:32:00,2021-07-05,16000.0,CE,37.4,37.05,2021-07-05,1,2021-07-15,15800
2021-07-05 09:32:00,2021-07-05,09:32:00,2021-07-05,16000.0,PE,218.0,219.65,2021-07-05,1,2021-07-15,15800
2021-07-05 09:33:00,2021-07-05,09:33:00,2021-07-05,15600.0,CE,256.5,254.75,2021-07-05,1,2021-07-15,15800
2021-07-05 09:33:00,2021-07-05,09:33:00,2021-07-05,15600.0,PE,37.55,38.0,2021-07-05,1,2021-07-15,15800
2021-07-05 09:33:00,2021-07-05,09:33:00,2021-07-05,15800.0,CE,117.95,117.25,2021-07-05,1,2021-07-15,15800
2021-07-05 09:33:00,2021-07-05,09:33:00,2021-07-05,15800.0,PE,99.75,100.2,2021-07-05,1,2021-07-15,15800
2021-07-05 09:33:00,2021-07-05,09:33:00,2021-07-05,16000.0,CE,37.2,37.45,2021-07-05,1,2021-07-15,15800
2021-07-05 09:33:00,2021-07-05,09:33:00,2021-07-05,16000.0,PE,218.05,220.95,2021-07-05,1,2021-07-15,15800
2021-07-05 09:34:00,2021-07-05,09:34:00,2021-07-05,15600.0,CE,255.55,254.8,2021-07-05,1,2021-07-15,15800
2021-07-05 09:34:00,2021-07-05,09:34:00,2021-07-05,15600.0,PE,37.9,38.1,2021-07-05,1,2021-07-15,15800
2021-07-05 09:34:00,2021-07-05,09:34:00,2021-07-05,15800.0,CE,117.15,116.8,2021-07-05,1,2021-07-15,15800
2021-07-05 09:34:00,2021-07-05,09:34:00,2021-07-05,15800.0,PE,100.15,100.3,2021-07-05,1,2021-07-15,15800
2021-07-05 09:34:00,2021-07-05,09:34:00,2021-07-05,16000.0,CE,37.55,37.0,2021-07-05,1,2021-07-15,15800
2021-07-05 09:34:00,2021-07-05,09:34:00,2021-07-05,16000.0,PE,221.0,220.0,2021-07-05,1,2021-07-15,15800
2021-07-05 09:35:00,2021-07-05,09:35:00,2021-07-05,15600.0,CE,254.35,253.9,2021-07-05,1,2021-07-15,15800
2021-07-05 09:35:00,2021-07-05,09:35:00,2021-07-05,15600.0,PE,38.05,38.5,2021-07-05,1,2021-07-15,15800
2021-07-05 09:35:00,2021-07-05,09:35:00,2021-07-05,15800.0,CE,116.9,116.05,2021-07-05,1,2021-07-15,15800
2021-07-05 09:35:00,2021-07-05,09:35:00,2021-07-05,15800.0,PE,100.7,100.85,2021-07-05,1,2021-07-15,15800
2021-07-05 09:35:00,2021-07-05,09:35:00,2021-07-05,16000.0,CE,37.0,36.7,2021-07-05,1,2021-07-15,15800
2021-07-05 09:35:00,2021-07-05,09:35:00,2021-07-05,16000.0,PE,221.45,221.0,2021-07-05,1,2021-07-15,15800
2021-07-05 09:36:00,2021-07-05,09:36:00,2021-07-05,15600.0,CE,253.0,251.85,2021-07-05,1,2021-07-15,15800
2021-07-05 09:36:00,2021-07-05,09:36:00,2021-07-05,15600.0,PE,38.25,38.8,2021-07-05,1,2021-07-15,15800
2021-07-05 09:36:00,2021-07-05,09:36:00,2021-07-05,15800.0,CE,116.5,114.75,2021-07-05,1,2021-07-15,15800
2021-07-05 09:36:00,2021-07-05,09:36:00,2021-07-05,15800.0,PE,101.35,101.2,2021-07-05,1,2021-07-15,15800
2021-07-05 09:36:00,2021-07-05,09:36:00,2021-07-05,16000.0,CE,36.6,35.75,2021-07-05,1,2021-07-15,15800
2021-07-05 09:36:00,2021-07-05,09:36:00,2021-07-05,16000.0,PE,222.2,223.5,2021-07-05,1,2021-07-15,15800
2021-07-05 09:37:00,2021-07-05,09:37:00,2021-07-05,15600.0,CE,251.85,253.05,2021-07-05,1,2021-07-15,15800
2021-07-05 09:37:00,2021-07-05,09:37:00,2021-07-05,15600.0,PE,38.65,38.5,2021-07-05,1,2021-07-15,15800
2021-07-05 09:37:00,2021-07-05,09:37:00,2021-07-05,15800.0,CE,114.75,115.4,2021-07-05,1,2021-07-15,15800
2021-07-05 09:37:00,2021-07-05,09:37:00,2021-07-05,15800.0,PE,101.2,101.0,2021-07-05,1,2021-07-15,15800
2021-07-05 09:37:00,2021-07-05,09:37:00,2021-07-05,16000.0,CE,35.75,36.55,2021-07-05,1,2021-07-15,15800
2021-07-05 09:37:00,2021-07-05,09:37:00,2021-07-05,16000.0,PE,222.0,222.0,2021-07-05,1,2021-07-15,15800
2021-07-05 09:38:00,2021-07-05,09:38:00,2021-07-05,15600.0,CE,253.45,251.9,2021-07-05,1,2021-07-15,15800
2021-07-05 09:38:00,2021-07-05,09:38:00,2021-07-05,15600.0,PE,38.45,38.75,2021-07-05,1,2021-07-15,15800
2021-07-05 09:38:00,2021-07-05,09:38:00,2021-07-05,15800.0,CE,116.0,115.15,2021-07-05,1,2021-07-15,15800
2021-07-05 09:38:00,2021-07-05,09:38:00,2021-07-05,15800.0,PE,101.45,101.25,2021-07-05,1,2021-07-15,15800
2021-07-05 09:38:00,2021-07-05,09:38:00,2021-07-05,16000.0,CE,36.55,36.3,2021-07-05,1,2021-07-15,15800
2021-07-05 09:38:00,2021-07-05,09:38:00,2021-07-05,16000.0,PE,221.0,222.45,2021-07-05,1,2021-07-15,15800
2021-07-05 09:39:00,2021-07-05,09:39:00,2021-07-05,15600.0,CE,254.55,257.0,2021-07-05,1,2021-07-15,15800
2021-07-05 09:39:00,2021-07-05,09:39:00,2021-07-05,15600.0,PE,38.85,38.0,2021-07-05,1,2021-07-15,15800
2021-07-05 09:39:00,2021-07-05,09:39:00,2021-07-05,15800.0,CE,115.55,118.4,2021-07-05,1,2021-07-15,15800
2021-07-05 09:39:00,2021-07-05,09:39:00,2021-07-05,15800.0,PE,101.05,100.0,2021-07-05,1,2021-07-15,15800
2021-07-05 09:39:00,2021-07-05,09:39:00,2021-07-05,16000.0,CE,36.2,37.85,2021-07-05,1,2021-07-15,15800
2021-07-05 09:39:00,2021-07-05,09:39:00,2021-07-05,16000.0,PE,223.2,219.8,2021-07-05,1,2021-07-15,15800
2021-07-05 15:10:00,2021-07-05,15:10:00,2021-07-05,15600.0,CE,269.95,271.3,2021-07-05,1,2021-07-15,15800
2021-07-05 15:10:00,2021-07-05,15:10:00,2021-07-05,15600.0,PE,30.4,30.3,2021-07-05,1,2021-07-15,15800
2021-07-05 15:10:00,2021-07-05,15:10:00,2021-07-05,15800.0,CE,124.15,126.2,2021-07-05,1,2021-07-15,15800
2021-07-05 15:10:00,2021-07-05,15:10:00,2021-07-05,15800.0,PE,85.6,85.3,2021-07-05,1,2021-07-15,15800
2021-07-05 15:10:00,2021-07-05,15:10:00,2021-07-05,16000.0,CE,39.75,40.25,2021-07-05,1,2021-07-15,15800
2021-07-05 15:10:00,2021-07-05,15:10:00,2021-07-05,16000.0,PE,200.05,199.0,2021-07-05,1,2021-07-15,15800
