cell_id,week,net_pnl
LARGE_REL_GAP|CONTINUE|H10_30,2021-06-28/2021-07-04,-382.9599905700003
LARGE_REL_GAP|CONTINUE|H10_30,2021-07-05/2021-07-11,-1469.8331954250007
LARGE_REL_GAP|CONTINUE|H10_30,2021-07-12/2021-07-18,-766.9626726000004
LARGE_REL_GAP|CONTINUE|H10_30,2021-07-19/2021-07-25,1041.9602924649992
LARGE_REL_GAP|CONTINUE|H10_30,2021-07-26/2021-08-01,-1800.565498065002
LARGE_REL_GAP|CONTINUE|H10_30,2021-08-02/2021-08-08,967.8186401799996
LARGE_REL_GAP|CONTINUE|H10_30,2021-08-09/2021-08-15,-1639.3696364850011
LARGE_REL_GAP|CONTINUE|H10_30,2021-08-16/2021-08-22,-637.7388042800001
LARGE_REL_GAP|CONTINUE|H10_30,2021-08-23/2021-08-29,-1946.6477952250002
LARGE_REL_GAP|CONTINUE|H10_30,2021-08-30/2021-09-05,-1162.8212771700014
LARGE_REL_GAP|CONTINUE|H10_30,2021-09-06/2021-09-12,-2114.8930362950005
LARGE_REL_GAP|CONTINUE|H10_30,2021-09-13/2021-09-19,333.9733498449987
LARGE_REL_GAP|CONTINUE|H10_30,2021-09-20/2021-09-26,-567.6975328350028
LARGE_REL_GAP|CONTINUE|H10_30,2021-09-27/2021-10-03,-1473.3242475600014
LARGE_REL_GAP|CONTINUE|H10_30,2021-10-04/2021-10-10,-68.23615396500247
LARGE_REL_GAP|CONTINUE|H10_30,2021-10-11/2021-10-17,-761.135152840001
LARGE_REL_GAP|CONTINUE|H10_30,2021-10-18/2021-10-24,-2728.020330610001
LARGE_REL_GAP|CONTINUE|H10_30,2021-10-25/2021-10-31,-1070.8267756050018
LARGE_REL_GAP|CONTINUE|H10_30,2021-11-01/2021-11-07,-258.4829873350025
LARGE_REL_GAP|CONTINUE|H10_30,2021-11-08/2021-11-14,-333.18730423000113
LARGE_REL_GAP|CONTINUE|H10_30,2021-11-15/2021-11-21,-301.7891564000015
LARGE_REL_GAP|CONTINUE|H10_30,2021-11-22/2021-11-28,-382.89414779000117
LARGE_REL_GAP|CONTINUE|H10_30,2021-11-29/2021-12-05,621.9782924249967
LARGE_REL_GAP|CONTINUE|H10_30,2021-12-06/2021-12-12,-948.2063940850023
LARGE_REL_GAP|CONTINUE|H10_30,2021-12-13/2021-12-19,-2835.362955660002
LARGE_REL_GAP|CONTINUE|H10_30,2021-12-20/2021-12-26,-1836.829937325002
LARGE_REL_GAP|CONTINUE|H10_30,2021-12-27/2022-01-02,-2560.6032270700016
LARGE_REL_GAP|CONTINUE|H10_30,2022-01-03/2022-01-09,1500.0961003849984
LARGE_REL_GAP|CONTINUE|H10_30,2022-01-10/2022-01-16,-892.1767247000016
LARGE_REL_GAP|CONTINUE|H10_30,2022-01-17/2022-01-23,-5636.2238888750035
LARGE_REL_GAP|CONTINUE|H10_30,2022-01-24/2022-01-30,-986.3134991400007
LARGE_REL_GAP|CONTINUE|H10_30,2022-01-31/2022-02-06,-519.4528787299996
LARGE_REL_GAP|CONTINUE|H10_30,2022-02-07/2022-02-13,306.1026026049965
LARGE_REL_GAP|CONTINUE|H10_30,2022-02-14/2022-02-20,-4482.922730115002
LARGE_REL_GAP|CONTINUE|H10_30,2022-02-21/2022-02-27,-318.8259781100029
LARGE_REL_GAP|CONTINUE|H10_30,2022-02-28/2022-03-06,-1234.8317986699976
LARGE_REL_GAP|CONTINUE|H10_30,2022-03-07/2022-03-13,1679.6841541799972
LARGE_REL_GAP|CONTINUE|H10_30,2022-03-14/2022-03-20,-500.42199983000364
LARGE_REL_GAP|CONTINUE|H10_30,2022-03-21/2022-03-27,-3123.6321247350043
LARGE_REL_GAP|CONTINUE|H10_30,2022-03-28/2022-04-03,-844.8786910400023
LARGE_REL_GAP|CONTINUE|H10_30,2022-04-04/2022-04-10,280.2814649249957
LARGE_REL_GAP|CONTINUE|H10_30,2022-04-11/2022-04-17,-932.3568973350018
LARGE_REL_GAP|CONTINUE|H10_30,2022-04-18/2022-04-24,906.2478187099967
LARGE_REL_GAP|CONTINUE|H10_30,2022-04-25/2022-05-01,-1703.4809326700022
LARGE_REL_GAP|CONTINUE|H10_30,2022-05-02/2022-05-08,913.5650585199971
LARGE_REL_GAP|CONTINUE|H10_30,2022-05-09/2022-05-15,-4948.100229110003
LARGE_REL_GAP|CONTINUE|H10_30,2022-05-16/2022-05-22,-405.603328285005
LARGE_REL_GAP|CONTINUE|H10_30,2022-05-23/2022-05-29,-3779.2247346350023
LARGE_REL_GAP|CONTINUE|H10_30,2022-05-30/2022-06-05,-2198.379816745002
LARGE_REL_GAP|CONTINUE|H10_30,2022-06-06/2022-06-12,-3605.424392015002
LARGE_REL_GAP|CONTINUE|H10_30,2022-06-13/2022-06-19,-4104.852565865002
LARGE_REL_GAP|CONTINUE|H10_30,2022-06-20/2022-06-26,2515.4902135149955
LARGE_REL_GAP|CONTINUE|H10_30,2022-06-27/2022-07-03,-471.71247706000474
LARGE_REL_GAP|CONTINUE|H10_30,2022-07-04/2022-07-10,518.7754115949965
LARGE_REL_GAP|CONTINUE|H10_30,2022-07-11/2022-07-17,-1769.4194474050023
LARGE_REL_GAP|CONTINUE|H10_30,2022-07-18/2022-07-24,-2280.715130300001
LARGE_REL_GAP|CONTINUE|H10_30,2022-07-25/2022-07-31,152.41006857499895
LARGE_REL_GAP|CONTINUE|H10_30,2022-08-01/2022-08-07,1093.1346832099978
LARGE_REL_GAP|CONTINUE|H10_30,2022-08-08/2022-08-14,-804.7283157250025
LARGE_REL_GAP|CONTINUE|H10_30,2022-08-15/2022-08-21,-511.46355336500176
LARGE_REL_GAP|CONTINUE|H10_30,2022-08-22/2022-08-28,-1042.1955983500009
LARGE_REL_GAP|CONTINUE|H10_30,2022-08-29/2022-09-04,-2784.557454750002
LARGE_REL_GAP|CONTINUE|H10_30,2022-09-05/2022-09-11,-2700.831448200002
LARGE_REL_GAP|CONTINUE|H10_30,2022-09-12/2022-09-18,-1900.740073315003
LARGE_REL_GAP|CONTINUE|H10_30,2022-09-19/2022-09-25,2671.3425843449963
LARGE_REL_GAP|CONTINUE|H10_30,2022-09-26/2022-10-02,-1615.4175076550046
LARGE_REL_GAP|CONTINUE|H10_30,2022-10-03/2022-10-09,-625.7121450100005
LARGE_REL_GAP|CONTINUE|H10_30,2022-10-10/2022-10-16,-766.6072547500024
LARGE_REL_GAP|CONTINUE|H10_30,2022-10-17/2022-10-23,-1301.9001940600015
LARGE_REL_GAP|CONTINUE|H10_30,2022-10-24/2022-10-30,-1863.0910031850012
LARGE_REL_GAP|CONTINUE|H10_30,2022-10-31/2022-11-06,-2358.4700103450027
LARGE_REL_GAP|CONTINUE|H10_30,2022-11-07/2022-11-13,-1867.70927002
LARGE_REL_GAP|CONTINUE|H10_30,2022-11-14/2022-11-20,-1937.189115445001
LARGE_REL_GAP|CONTINUE|H10_30,2022-11-21/2022-11-27,1553.0383871399988
LARGE_REL_GAP|CONTINUE|H10_30,2022-11-28/2022-12-04,-2735.027035254999
LARGE_REL_GAP|CONTINUE|H10_30,2022-12-05/2022-12-11,-1690.2291022050008
LARGE_REL_GAP|CONTINUE|H10_30,2022-12-12/2022-12-18,-1416.5210767850012
LARGE_REL_GAP|CONTINUE|H10_30,2022-12-19/2022-12-25,-592.982858715001
LARGE_REL_GAP|CONTINUE|H10_30,2022-12-26/2023-01-01,-538.9616411900022
LARGE_REL_GAP|CONTINUE|H10_30,2023-01-02/2023-01-08,-2802.541103665
LARGE_REL_GAP|CONTINUE|H10_30,2023-01-09/2023-01-15,1041.203587434998
LARGE_REL_GAP|CONTINUE|H10_30,2023-01-16/2023-01-22,296.31573257499736
LARGE_REL_GAP|CONTINUE|H10_30,2023-01-23/2023-01-29,3375.736865144997
LARGE_REL_GAP|CONTINUE|H10_30,2023-01-30/2023-02-05,1132.4400542199955
LARGE_REL_GAP|CONTINUE|H10_30,2023-02-06/2023-02-12,1883.2534751149974
LARGE_REL_GAP|CONTINUE|H10_30,2023-02-13/2023-02-19,-2767.4460635600003
LARGE_REL_GAP|CONTINUE|H10_30,2023-02-20/2023-02-26,4642.277393374999
LARGE_REL_GAP|CONTINUE|H10_30,2023-02-27/2023-03-05,2029.6551317549984
LARGE_REL_GAP|CONTINUE|H10_30,2023-03-06/2023-03-12,-1844.6397468300001
LARGE_REL_GAP|CONTINUE|H10_30,2023-03-13/2023-03-19,-3999.6883812050023
LARGE_REL_GAP|CONTINUE|H10_30,2023-03-20/2023-03-26,-2133.024732865002
LARGE_REL_GAP|CONTINUE|H10_30,2023-03-27/2023-04-02,-1223.3281763650014
LARGE_REL_GAP|CONTINUE|H10_30,2023-04-03/2023-04-09,-842.1694935850003
LARGE_REL_GAP|CONTINUE|H10_30,2023-04-10/2023-04-16,-1683.3733179300016
LARGE_REL_GAP|CONTINUE|H10_30,2023-04-17/2023-04-23,-4484.346931125001
LARGE_REL_GAP|CONTINUE|H10_30,2023-04-24/2023-04-30,111.20977795499874
LARGE_REL_GAP|CONTINUE|H10_30,2023-05-01/2023-05-07,-1589.5640495000002
LARGE_REL_GAP|CONTINUE|H10_30,2023-05-08/2023-05-14,-68.28861454000139
LARGE_REL_GAP|CONTINUE|H10_30,2023-05-15/2023-05-21,-2085.942499560001
LARGE_REL_GAP|CONTINUE|H10_30,2023-05-22/2023-05-28,-1558.8215003150008
LARGE_REL_GAP|CONTINUE|H10_30,2023-05-29/2023-06-04,-1330.6805742350007
LARGE_REL_GAP|CONTINUE|H10_30,2023-06-05/2023-06-11,-1694.0441808550008
LARGE_REL_GAP|CONTINUE|H10_30,2023-06-12/2023-06-18,1390.7064994549992
LARGE_REL_GAP|CONTINUE|H10_30,2023-06-19/2023-06-25,-2061.6714118599994
LARGE_REL_GAP|CONTINUE|H10_30,2023-06-26/2023-07-02,-231.59803007000116
LARGE_REL_GAP|CONTINUE|H10_30,2023-07-03/2023-07-09,-707.4470504100012
LARGE_REL_GAP|CONTINUE|H10_30,2023-07-10/2023-07-16,651.2001818849981
LARGE_REL_GAP|CONTINUE|H10_30,2023-07-17/2023-07-23,497.55877867999857
LARGE_REL_GAP|CONTINUE|H10_30,2023-07-24/2023-07-30,-348.0000998500016
LARGE_REL_GAP|CONTINUE|H10_30,2023-07-31/2023-08-06,1559.1573803599986
LARGE_REL_GAP|CONTINUE|H10_30,2023-08-07/2023-08-13,493.3386943199969
LARGE_REL_GAP|CONTINUE|H10_30,2023-08-14/2023-08-20,-1850.4962885100015
LARGE_REL_GAP|CONTINUE|H10_30,2023-08-21/2023-08-27,-874.2076965800001
LARGE_REL_GAP|CONTINUE|H10_30,2023-08-28/2023-09-03,-686.1363411050005
LARGE_REL_GAP|CONTINUE|H10_30,2023-09-04/2023-09-10,-3406.703242855
LARGE_REL_GAP|CONTINUE|H10_30,2023-09-11/2023-09-17,-2940.847184040002
LARGE_REL_GAP|CONTINUE|H10_30,2023-09-18/2023-09-24,2205.518852459999
LARGE_REL_GAP|CONTINUE|H10_30,2023-09-25/2023-10-01,-227.69246367000085
LARGE_REL_GAP|CONTINUE|H10_30,2023-10-02/2023-10-08,-2067.5764184100017
LARGE_REL_GAP|CONTINUE|H10_30,2023-10-09/2023-10-15,-1681.3600180950007
LARGE_REL_GAP|CONTINUE|H10_30,2023-10-16/2023-10-22,-1784.7713792000006
LARGE_REL_GAP|CONTINUE|H10_30,2023-10-23/2023-10-29,3034.1475989299975
LARGE_REL_GAP|CONTINUE|H10_30,2023-10-30/2023-11-05,-2797.5149777700026
LARGE_REL_GAP|CONTINUE|H10_30,2023-11-06/2023-11-12,-2309.462976785001
LARGE_REL_GAP|CONTINUE|H10_30,2023-11-13/2023-11-19,499.40902236499846
LARGE_REL_GAP|CONTINUE|H10_30,2023-11-20/2023-11-26,-2704.450195265001
LARGE_REL_GAP|CONTINUE|H10_30,2023-11-27/2023-12-03,-2049.3841018249996
LARGE_REL_GAP|CONTINUE|H10_30,2023-12-04/2023-12-10,37.47893431499847
LARGE_REL_GAP|CONTINUE|H10_30,2023-12-11/2023-12-17,-2489.944009365002
LARGE_REL_GAP|CONTINUE|H10_30,2023-12-18/2023-12-24,-2453.961070440003
LARGE_REL_GAP|CONTINUE|H10_30,2023-12-25/2023-12-31,1539.2983574749983
LARGE_REL_GAP|CONTINUE|H10_30,2024-01-01/2024-01-07,-2163.4446046499997
LARGE_REL_GAP|CONTINUE|H10_30,2024-01-08/2024-01-14,-1510.294487150003
LARGE_REL_GAP|CONTINUE|H10_30,2024-01-15/2024-01-21,-1724.673455600003
LARGE_REL_GAP|CONTINUE|H10_30,2024-01-22/2024-01-28,-6195.942051485
LARGE_REL_GAP|CONTINUE|H10_30,2024-01-29/2024-02-04,521.8699204549971
LARGE_REL_GAP|CONTINUE|H10_30,2024-02-05/2024-02-11,-3452.1375350250028
LARGE_REL_GAP|CONTINUE|H10_30,2024-02-12/2024-02-18,-1560.932188005002
LARGE_REL_GAP|CONTINUE|H10_30,2024-02-19/2024-02-25,-1555.9797664100029
LARGE_REL_GAP|CONTINUE|H10_30,2024-02-26/2024-03-03,2063.9602747199983
LARGE_REL_GAP|CONTINUE|H10_30,2024-03-04/2024-03-10,181.92306315999895
LARGE_REL_GAP|CONTINUE|H10_30,2024-03-11/2024-03-17,-1099.5777397050028
LARGE_REL_GAP|CONTINUE|H10_30,2024-03-18/2024-03-24,-2148.7358520900025
LARGE_REL_GAP|CONTINUE|H10_30,2024-03-25/2024-03-31,3161.0633695799984
LARGE_REL_GAP|CONTINUE|H10_30,2024-04-01/2024-04-07,-4948.957401470002
LARGE_REL_GAP|CONTINUE|H10_30,2024-04-08/2024-04-14,778.1584528949976
LARGE_REL_GAP|CONTINUE|H10_30,2024-04-15/2024-04-21,-3083.8821203700027
LARGE_REL_GAP|CONTINUE|H10_30,2024-04-22/2024-04-28,-1650.9104627425017
LARGE_REL_GAP|CONTINUE|H10_30,2024-04-29/2024-05-05,-808.1632859750007
LARGE_REL_GAP|CONTINUE|H10_30,2024-05-06/2024-05-12,-533.0113002950019
LARGE_REL_GAP|CONTINUE|H10_30,2024-05-13/2024-05-19,-1975.2635090975007
LARGE_REL_GAP|CONTINUE|H10_30,2024-05-20/2024-05-26,-229.13846413500102
LARGE_REL_GAP|CONTINUE|H10_30,2024-05-27/2024-06-02,165.4985786250009
LARGE_REL_GAP|CONTINUE|H10_30,2024-06-03/2024-06-09,-239.0898641224988
LARGE_REL_GAP|CONTINUE|H10_30,2024-06-10/2024-06-16,-534.3913258475015
LARGE_REL_GAP|CONTINUE|H10_30,2024-06-17/2024-06-23,-1154.1774664675002
LARGE_REL_GAP|CONTINUE|H10_30,2024-06-24/2024-06-30,1560.2499120199982
LARGE_REL_GAP|CONTINUE|H10_30,2024-07-01/2024-07-07,-827.8346975200009
LARGE_REL_GAP|CONTINUE|H10_30,2024-07-08/2024-07-14,-2810.430533172501
LARGE_REL_GAP|CONTINUE|H10_30,2024-07-15/2024-07-21,-1524.4448544350003
LARGE_REL_GAP|CONTINUE|H10_30,2024-07-22/2024-07-28,-1298.5309625200016
LARGE_REL_GAP|CONTINUE|H10_30,2024-07-29/2024-08-04,-705.9090040775014
LARGE_REL_GAP|CONTINUE|H10_30,2024-08-05/2024-08-11,-1542.9991629925012
LARGE_REL_GAP|CONTINUE|H10_30,2024-08-12/2024-08-18,-1888.3412841450017
LARGE_REL_GAP|CONTINUE|H10_30,2024-08-19/2024-08-25,-1135.4491506875006
LARGE_REL_GAP|CONTINUE|H10_30,2024-08-26/2024-09-01,-591.8354137400013
LARGE_REL_GAP|CONTINUE|H10_30,2024-09-02/2024-09-08,-617.582659725
LARGE_REL_GAP|CONTINUE|H10_30,2024-09-09/2024-09-15,-2251.41057041
LARGE_REL_GAP|CONTINUE|H10_30,2024-09-16/2024-09-22,-975.8793087325014
LARGE_REL_GAP|CONTINUE|H10_30,2024-09-23/2024-09-29,-596.3016339875012
LARGE_REL_GAP|CONTINUE|H10_30,2024-09-30/2024-10-06,-136.08372839750112
LARGE_REL_GAP|CONTINUE|H10_30,2024-10-07/2024-10-13,175.7925027999974
LARGE_REL_GAP|CONTINUE|H10_30,2024-10-14/2024-10-20,-2715.3896289650006
LARGE_REL_GAP|CONTINUE|H10_30,2024-10-21/2024-10-27,-3238.3441794500004
LARGE_REL_GAP|CONTINUE|H10_30,2024-10-28/2024-11-03,-623.6729602350015
LARGE_REL_GAP|CONTINUE|H10_30,2024-11-04/2024-11-10,-2865.697981450001
LARGE_REL_GAP|CONTINUE|H10_30,2024-11-11/2024-11-17,-677.8029237525001
LARGE_REL_GAP|CONTINUE|H10_30,2024-11-18/2024-11-24,1732.5180241524959
LARGE_REL_GAP|CONTINUE|H10_30,2024-11-25/2024-12-01,-3126.0578599000046
LARGE_REL_GAP|CONTINUE|H10_30,2024-12-02/2024-12-08,1486.6220045874963
LARGE_REL_GAP|CONTINUE|H10_30,2024-12-09/2024-12-15,5493.148597445
LARGE_REL_GAP|CONTINUE|H10_30,2024-12-16/2024-12-22,282.49843901749375
LARGE_REL_GAP|CONTINUE|H10_30,2024-12-23/2024-12-29,1268.667767379997
LARGE_REL_GAP|CONTINUE|H10_30,2024-12-30/2025-01-05,4638.051170019997
LARGE_REL_GAP|CONTINUE|H10_30,2025-01-06/2025-01-12,-5706.487699600006
LARGE_REL_GAP|CONTINUE|H10_30,2025-01-13/2025-01-19,-3914.0364191350045
LARGE_REL_GAP|CONTINUE|H10_30,2025-01-20/2025-01-26,-4553.190404412506
LARGE_REL_GAP|CONTINUE|H10_30,2025-01-27/2025-02-02,4037.3626094099995
LARGE_REL_GAP|CONTINUE|H10_30,2025-02-03/2025-02-09,-2794.6005304225064
LARGE_REL_GAP|CONTINUE|H10_30,2025-02-10/2025-02-16,4495.9379798124955
LARGE_REL_GAP|CONTINUE|H10_30,2025-02-17/2025-02-23,-6019.395848897502
LARGE_REL_GAP|CONTINUE|H10_30,2025-02-24/2025-03-02,-2472.554933000001
LARGE_REL_GAP|CONTINUE|H10_30,2025-03-03/2025-03-09,-6002.561658947505
LARGE_REL_GAP|CONTINUE|H10_30,2025-03-10/2025-03-16,-343.2025556000017
LARGE_REL_GAP|CONTINUE|H10_30,2025-03-17/2025-03-23,1308.3049628599965
LARGE_REL_GAP|CONTINUE|H10_30,2025-03-24/2025-03-30,-432.030509420003
LARGE_REL_GAP|CONTINUE|H10_30,2025-03-31/2025-04-06,1459.3195770174975
LARGE_REL_GAP|CONTINUE|H10_30,2025-04-07/2025-04-13,-3811.9020087875024
LARGE_REL_GAP|CONTINUE|H10_30,2025-04-14/2025-04-20,-2555.96125086
LARGE_REL_GAP|CONTINUE|H10_30,2025-04-21/2025-04-27,-4131.954791822502
LARGE_REL_GAP|CONTINUE|H10_30,2025-04-28/2025-05-04,-2549.8623622375026
LARGE_REL_GAP|CONTINUE|H10_30,2025-05-05/2025-05-11,1032.9563196125005
LARGE_REL_GAP|CONTINUE|H10_30,2025-05-12/2025-05-18,3881.761112312499
LARGE_REL_GAP|CONTINUE|H10_30,2025-05-19/2025-05-25,277.632328527498
LARGE_REL_GAP|CONTINUE|H10_30,2025-05-26/2025-06-01,-2857.3532418575064
LARGE_REL_GAP|CONTINUE|H10_30,2025-06-02/2025-06-08,491.8000315249999
LARGE_REL_GAP|CONTINUE|H10_30,2025-06-09/2025-06-15,-1701.6444220075055
LARGE_REL_GAP|CONTINUE|H10_30,2025-06-16/2025-06-22,-979.4900547050055
LARGE_REL_GAP|CONTINUE|H10_30,2025-06-23/2025-06-29,1589.204737772496
LARGE_REL_GAP|CONTINUE|H10_30,2025-06-30/2025-07-06,945.6561033349919
LARGE_REL_GAP|CONTINUE|H10_30,2025-07-07/2025-07-13,-1275.6285519175035
LARGE_REL_GAP|CONTINUE|H10_30,2025-07-14/2025-07-20,-6011.011132690002
LARGE_REL_GAP|CONTINUE|H10_30,2025-07-21/2025-07-27,3330.5510782774973
LARGE_REL_GAP|CONTINUE|H10_30,2025-07-28/2025-08-03,-3296.1676459225023
LARGE_REL_GAP|CONTINUE|H10_30,2025-08-04/2025-08-10,5478.349070277493
LARGE_REL_GAP|CONTINUE|H10_30,2025-08-11/2025-08-17,-498.07678251750144
LARGE_REL_GAP|CONTINUE|H10_30,2025-08-18/2025-08-24,4106.894176302496
LARGE_REL_GAP|CONTINUE|H10_30,2025-08-25/2025-08-31,-3741.3454109900017
LARGE_REL_GAP|CONTINUE|H10_30,2025-09-01/2025-09-07,-368.4382254475029
LARGE_REL_GAP|CONTINUE|H10_30,2025-09-08/2025-09-14,-1875.1094868775037
LARGE_REL_GAP|CONTINUE|H10_30,2025-09-15/2025-09-21,2589.172072452498
LARGE_REL_GAP|CONTINUE|H10_30,2025-09-22/2025-09-28,-4089.207708410001
LARGE_REL_GAP|CONTINUE|H10_30,2025-09-29/2025-10-05,-3375.908140087501
LARGE_REL_GAP|CONTINUE|H10_30,2025-10-06/2025-10-12,6830.375157459999
LARGE_REL_GAP|CONTINUE|H10_30,2025-10-13/2025-10-19,-3321.7447040575
LARGE_REL_GAP|CONTINUE|H10_30,2025-10-20/2025-10-26,-3990.1646667150044
LARGE_REL_GAP|CONTINUE|H10_30,2025-10-27/2025-11-02,4237.717517659998
LARGE_REL_GAP|CONTINUE|H10_30,2025-11-03/2025-11-09,-5815.480457487502
LARGE_REL_GAP|CONTINUE|H10_30,2025-11-10/2025-11-16,1334.0148953524945
LARGE_REL_GAP|CONTINUE|H10_30,2025-11-17/2025-11-23,-1305.1827562375026
LARGE_REL_GAP|CONTINUE|H10_30,2025-11-24/2025-11-30,2571.839723087499
LARGE_REL_GAP|CONTINUE|H10_30,2025-12-01/2025-12-07,-2570.505614292501
LARGE_REL_GAP|CONTINUE|H10_30,2025-12-08/2025-12-14,-1839.7639371625046
LARGE_REL_GAP|CONTINUE|H10_30,2025-12-15/2025-12-21,-5833.6231148125025
LARGE_REL_GAP|CONTINUE|H10_30,2025-12-22/2025-12-28,532.8281160924976
LARGE_REL_GAP|CONTINUE|H10_30,2025-12-29/2026-01-04,-1852.675438315502
LARGE_REL_GAP|CONTINUE|H10_30,2026-01-05/2026-01-11,-994.0117936670007
LARGE_REL_GAP|CONTINUE|H10_30,2026-01-12/2026-01-18,4130.532040463999
LARGE_REL_GAP|CONTINUE|H10_30,2026-01-19/2026-01-25,-379.0977224345032
LARGE_REL_GAP|CONTINUE|H10_30,2026-01-26/2026-02-01,1705.7024382749983
LARGE_REL_GAP|CONTINUE|H10_30,2026-02-02/2026-02-08,158.38587224599223
LARGE_REL_GAP|CONTINUE|H10_30,2026-02-09/2026-02-15,-784.7661700800027
LARGE_REL_GAP|CONTINUE|H10_30,2026-02-16/2026-02-22,-8258.429837751502
LARGE_REL_GAP|CONTINUE|H10_30,2026-02-23/2026-03-01,525.2959066979972
LARGE_REL_GAP|CONTINUE|H10_30,2026-03-02/2026-03-08,464.02991278755974
LARGE_REL_GAP|CONTINUE|H10_30,2026-03-09/2026-03-15,272.9763335752182
LARGE_REL_GAP|CONTINUE|H10_30,2026-03-16/2026-03-22,3551.227750185926
LARGE_REL_GAP|CONTINUE|H10_30,2026-03-23/2026-03-29,-887.3203821119768
LARGE_REL_GAP|CONTINUE|H10_30,2026-03-30/2026-04-05,-301.5358219925318
LARGE_REL_GAP|CONTINUE|H10_30,2026-04-06/2026-04-12,-860.6779096887777
LARGE_REL_GAP|CONTINUE|H10_30,2026-04-13/2026-04-19,-4964.6066551095155
LARGE_REL_GAP|CONTINUE|H10_30,2026-04-20/2026-04-26,-421.26689357762984
LARGE_REL_GAP|CONTINUE|H10_30,2026-04-27/2026-05-03,-663.3282881982141
LARGE_REL_GAP|CONTINUE|H10_30,2026-05-04/2026-05-10,-539.9201595670708
LARGE_REL_GAP|CONTINUE|H10_30,2026-05-11/2026-05-17,555.6859368451406
LARGE_REL_GAP|CONTINUE|H10_30,2026-05-18/2026-05-24,-1682.700660345046
LARGE_REL_GAP|CONTINUE|H10_30,2026-06-15/2026-06-21,-225.0090215663357
LARGE_REL_GAP|CONTINUE|H10_30,2026-06-22/2026-06-28,-689.353925614864
LARGE_REL_GAP|CONTINUE|H10_30,2026-06-29/2026-07-05,-1123.7966774100832
LARGE_REL_GAP|CONTINUE|H15_10,2021-06-28/2021-07-04,183.9185205149999
LARGE_REL_GAP|CONTINUE|H15_10,2021-07-05/2021-07-11,5458.490205739998
LARGE_REL_GAP|CONTINUE|H15_10,2021-07-12/2021-07-18,-551.5510562300007
LARGE_REL_GAP|CONTINUE|H15_10,2021-07-19/2021-07-25,3982.743365464998
LARGE_REL_GAP|CONTINUE|H15_10,2021-07-26/2021-08-01,-3110.5396577100014
LARGE_REL_GAP|CONTINUE|H15_10,2021-08-02/2021-08-08,8077.166864224999
LARGE_REL_GAP|CONTINUE|H15_10,2021-08-09/2021-08-15,165.09953096999925
LARGE_REL_GAP|CONTINUE|H15_10,2021-08-16/2021-08-22,-4481.9124043150005
LARGE_REL_GAP|CONTINUE|H15_10,2021-08-23/2021-08-29,245.9822993799994
LARGE_REL_GAP|CONTINUE|H15_10,2021-08-30/2021-09-05,7949.7418444999985
LARGE_REL_GAP|CONTINUE|H15_10,2021-09-06/2021-09-12,-3986.2182976450013
LARGE_REL_GAP|CONTINUE|H15_10,2021-09-13/2021-09-19,1336.3141332049981
LARGE_REL_GAP|CONTINUE|H15_10,2021-09-20/2021-09-26,7214.273028864996
LARGE_REL_GAP|CONTINUE|H15_10,2021-09-27/2021-10-03,-8202.41126016
LARGE_REL_GAP|CONTINUE|H15_10,2021-10-04/2021-10-10,-5654.742207235002
LARGE_REL_GAP|CONTINUE|H15_10,2021-10-11/2021-10-17,-629.0928083300014
LARGE_REL_GAP|CONTINUE|H15_10,2021-10-18/2021-10-24,-9579.810524065002
LARGE_REL_GAP|CONTINUE|H15_10,2021-10-25/2021-10-31,5613.5190931649995
LARGE_REL_GAP|CONTINUE|H15_10,2021-11-01/2021-11-07,-728.250389665001
LARGE_REL_GAP|CONTINUE|H15_10,2021-11-08/2021-11-14,2300.277110750001
LARGE_REL_GAP|CONTINUE|H15_10,2021-11-15/2021-11-21,-1360.1416897950019
LARGE_REL_GAP|CONTINUE|H15_10,2021-11-22/2021-11-28,-7682.827451904998
LARGE_REL_GAP|CONTINUE|H15_10,2021-11-29/2021-12-05,-2504.2754354750004
LARGE_REL_GAP|CONTINUE|H15_10,2021-12-06/2021-12-12,1067.6893419249973
LARGE_REL_GAP|CONTINUE|H15_10,2021-12-13/2021-12-19,-8541.67137883
LARGE_REL_GAP|CONTINUE|H15_10,2021-12-20/2021-12-26,-700.3586758750021
LARGE_REL_GAP|CONTINUE|H15_10,2021-12-27/2022-01-02,-2631.5970770150007
LARGE_REL_GAP|CONTINUE|H15_10,2022-01-03/2022-01-09,4019.693884929997
LARGE_REL_GAP|CONTINUE|H15_10,2022-01-10/2022-01-16,-334.98196972500295
LARGE_REL_GAP|CONTINUE|H15_10,2022-01-17/2022-01-23,-9532.070303335004
LARGE_REL_GAP|CONTINUE|H15_10,2022-01-24/2022-01-30,-4374.535231585
LARGE_REL_GAP|CONTINUE|H15_10,2022-01-31/2022-02-06,-775.1684438300017
LARGE_REL_GAP|CONTINUE|H15_10,2022-02-07/2022-02-13,8643.818511114998
LARGE_REL_GAP|CONTINUE|H15_10,2022-02-14/2022-02-20,695.6140264649979
LARGE_REL_GAP|CONTINUE|H15_10,2022-02-21/2022-02-27,2007.9724408199995
LARGE_REL_GAP|CONTINUE|H15_10,2022-02-28/2022-03-06,-4887.51933553
LARGE_REL_GAP|CONTINUE|H15_10,2022-03-07/2022-03-13,-2790.9577480000057
LARGE_REL_GAP|CONTINUE|H15_10,2022-03-14/2022-03-20,607.4328860999959
LARGE_REL_GAP|CONTINUE|H15_10,2022-03-21/2022-03-27,-5063.922857285001
LARGE_REL_GAP|CONTINUE|H15_10,2022-03-28/2022-04-03,-1298.9787913450027
LARGE_REL_GAP|CONTINUE|H15_10,2022-04-04/2022-04-10,2727.090734029999
LARGE_REL_GAP|CONTINUE|H15_10,2022-04-11/2022-04-17,-2792.4135471050017
LARGE_REL_GAP|CONTINUE|H15_10,2022-04-18/2022-04-24,5090.101815884998
LARGE_REL_GAP|CONTINUE|H15_10,2022-04-25/2022-05-01,2635.437319604999
LARGE_REL_GAP|CONTINUE|H15_10,2022-05-02/2022-05-08,-8675.539780170002
LARGE_REL_GAP|CONTINUE|H15_10,2022-05-09/2022-05-15,-4360.643158560002
LARGE_REL_GAP|CONTINUE|H15_10,2022-05-16/2022-05-22,4745.439787834999
LARGE_REL_GAP|CONTINUE|H15_10,2022-05-23/2022-05-29,-5180.421405145003
LARGE_REL_GAP|CONTINUE|H15_10,2022-05-30/2022-06-05,-4772.727173255001
LARGE_REL_GAP|CONTINUE|H15_10,2022-06-06/2022-06-12,-5853.074288320001
LARGE_REL_GAP|CONTINUE|H15_10,2022-06-13/2022-06-19,-4700.912480040002
LARGE_REL_GAP|CONTINUE|H15_10,2022-06-20/2022-06-26,3502.7373528849953
LARGE_REL_GAP|CONTINUE|H15_10,2022-06-27/2022-07-03,-5222.253772430004
LARGE_REL_GAP|CONTINUE|H15_10,2022-07-04/2022-07-10,-3136.8680433850022
LARGE_REL_GAP|CONTINUE|H15_10,2022-07-11/2022-07-17,-5456.584736530002
LARGE_REL_GAP|CONTINUE|H15_10,2022-07-18/2022-07-24,-2559.8815149249995
LARGE_REL_GAP|CONTINUE|H15_10,2022-07-25/2022-07-31,2957.230816629998
LARGE_REL_GAP|CONTINUE|H15_10,2022-08-01/2022-08-07,-4565.331935365001
LARGE_REL_GAP|CONTINUE|H15_10,2022-08-08/2022-08-14,-2098.221831095001
LARGE_REL_GAP|CONTINUE|H15_10,2022-08-15/2022-08-21,-2953.7632528200015
LARGE_REL_GAP|CONTINUE|H15_10,2022-08-22/2022-08-28,-4783.149056625002
LARGE_REL_GAP|CONTINUE|H15_10,2022-08-29/2022-09-04,1624.6794120249979
LARGE_REL_GAP|CONTINUE|H15_10,2022-09-05/2022-09-11,-4416.269816860003
LARGE_REL_GAP|CONTINUE|H15_10,2022-09-12/2022-09-18,-1776.3292029450013
LARGE_REL_GAP|CONTINUE|H15_10,2022-09-19/2022-09-25,1375.241726104999
LARGE_REL_GAP|CONTINUE|H15_10,2022-09-26/2022-10-02,-1523.962613290002
LARGE_REL_GAP|CONTINUE|H15_10,2022-10-03/2022-10-09,-2666.2299198399996
LARGE_REL_GAP|CONTINUE|H15_10,2022-10-10/2022-10-16,-3899.140649695003
LARGE_REL_GAP|CONTINUE|H15_10,2022-10-17/2022-10-23,-7526.538213005001
LARGE_REL_GAP|CONTINUE|H15_10,2022-10-24/2022-10-30,-4667.638203585001
LARGE_REL_GAP|CONTINUE|H15_10,2022-10-31/2022-11-06,-1774.1155887300015
LARGE_REL_GAP|CONTINUE|H15_10,2022-11-07/2022-11-13,-2402.82160862
LARGE_REL_GAP|CONTINUE|H15_10,2022-11-14/2022-11-20,-40.220657625002104
LARGE_REL_GAP|CONTINUE|H15_10,2022-11-21/2022-11-27,6568.684864304999
LARGE_REL_GAP|CONTINUE|H15_10,2022-11-28/2022-12-04,-1124.4547484100005
LARGE_REL_GAP|CONTINUE|H15_10,2022-12-05/2022-12-11,-5321.324216210001
LARGE_REL_GAP|CONTINUE|H15_10,2022-12-12/2022-12-18,7504.101833344997
LARGE_REL_GAP|CONTINUE|H15_10,2022-12-19/2022-12-25,-2695.6087968700026
LARGE_REL_GAP|CONTINUE|H15_10,2022-12-26/2023-01-01,-3792.6724514800003
LARGE_REL_GAP|CONTINUE|H15_10,2023-01-02/2023-01-08,-6226.122987255001
LARGE_REL_GAP|CONTINUE|H15_10,2023-01-09/2023-01-15,-485.2611128950032
LARGE_REL_GAP|CONTINUE|H15_10,2023-01-16/2023-01-22,-431.8615537050018
LARGE_REL_GAP|CONTINUE|H15_10,2023-01-23/2023-01-29,5646.203509684998
LARGE_REL_GAP|CONTINUE|H15_10,2023-01-30/2023-02-05,-2469.1536323400005
LARGE_REL_GAP|CONTINUE|H15_10,2023-02-06/2023-02-12,725.0835592749974
LARGE_REL_GAP|CONTINUE|H15_10,2023-02-13/2023-02-19,-2063.4240544750005
LARGE_REL_GAP|CONTINUE|H15_10,2023-02-20/2023-02-26,-2053.717531039999
LARGE_REL_GAP|CONTINUE|H15_10,2023-02-27/2023-03-05,1328.9103948949987
LARGE_REL_GAP|CONTINUE|H15_10,2023-03-06/2023-03-12,-4985.331132375
LARGE_REL_GAP|CONTINUE|H15_10,2023-03-13/2023-03-19,-7984.203076200003
LARGE_REL_GAP|CONTINUE|H15_10,2023-03-20/2023-03-26,-4005.629433215001
LARGE_REL_GAP|CONTINUE|H15_10,2023-03-27/2023-04-02,-766.3544862500016
LARGE_REL_GAP|CONTINUE|H15_10,2023-04-03/2023-04-09,-130.29624012000158
LARGE_REL_GAP|CONTINUE|H15_10,2023-04-10/2023-04-16,-829.0343194400023
LARGE_REL_GAP|CONTINUE|H15_10,2023-04-17/2023-04-23,-5336.524763065
LARGE_REL_GAP|CONTINUE|H15_10,2023-04-24/2023-04-30,9244.674142944998
LARGE_REL_GAP|CONTINUE|H15_10,2023-05-01/2023-05-07,6135.345718494999
LARGE_REL_GAP|CONTINUE|H15_10,2023-05-08/2023-05-14,-2770.9316286650014
LARGE_REL_GAP|CONTINUE|H15_10,2023-05-15/2023-05-21,-3387.185675445002
LARGE_REL_GAP|CONTINUE|H15_10,2023-05-22/2023-05-28,-1745.9301232250018
LARGE_REL_GAP|CONTINUE|H15_10,2023-05-29/2023-06-04,-4086.2001493150005
LARGE_REL_GAP|CONTINUE|H15_10,2023-06-05/2023-06-11,-2656.4661136750015
LARGE_REL_GAP|CONTINUE|H15_10,2023-06-12/2023-06-18,808.4866881199977
LARGE_REL_GAP|CONTINUE|H15_10,2023-06-19/2023-06-25,-2477.9998851649993
LARGE_REL_GAP|CONTINUE|H15_10,2023-06-26/2023-07-02,5584.567407619999
LARGE_REL_GAP|CONTINUE|H15_10,2023-07-03/2023-07-09,8.740570564998052
LARGE_REL_GAP|CONTINUE|H15_10,2023-07-10/2023-07-16,-4694.542532005001
LARGE_REL_GAP|CONTINUE|H15_10,2023-07-17/2023-07-23,9632.217594859998
LARGE_REL_GAP|CONTINUE|H15_10,2023-07-24/2023-07-30,-4344.3417917000015
LARGE_REL_GAP|CONTINUE|H15_10,2023-07-31/2023-08-06,10264.317549749998
LARGE_REL_GAP|CONTINUE|H15_10,2023-08-07/2023-08-13,1934.132861264998
LARGE_REL_GAP|CONTINUE|H15_10,2023-08-14/2023-08-20,-5755.514550505001
LARGE_REL_GAP|CONTINUE|H15_10,2023-08-21/2023-08-27,-1599.2982651049997
LARGE_REL_GAP|CONTINUE|H15_10,2023-08-28/2023-09-03,-2392.959917755001
LARGE_REL_GAP|CONTINUE|H15_10,2023-09-04/2023-09-10,261.86206447499853
LARGE_REL_GAP|CONTINUE|H15_10,2023-09-11/2023-09-17,570.4130263749981
LARGE_REL_GAP|CONTINUE|H15_10,2023-09-18/2023-09-24,2093.777536964998
LARGE_REL_GAP|CONTINUE|H15_10,2023-09-25/2023-10-01,-3219.446552925001
LARGE_REL_GAP|CONTINUE|H15_10,2023-10-02/2023-10-08,-1538.154157640002
LARGE_REL_GAP|CONTINUE|H15_10,2023-10-09/2023-10-15,-1217.6684502050011
LARGE_REL_GAP|CONTINUE|H15_10,2023-10-16/2023-10-22,-4959.599248930001
LARGE_REL_GAP|CONTINUE|H15_10,2023-10-23/2023-10-29,4967.895741869998
LARGE_REL_GAP|CONTINUE|H15_10,2023-10-30/2023-11-05,-3649.7107355150015
LARGE_REL_GAP|CONTINUE|H15_10,2023-11-06/2023-11-12,-3012.801113505
LARGE_REL_GAP|CONTINUE|H15_10,2023-11-13/2023-11-19,4243.830307334999
LARGE_REL_GAP|CONTINUE|H15_10,2023-11-20/2023-11-26,-3255.4110950200015
LARGE_REL_GAP|CONTINUE|H15_10,2023-11-27/2023-12-03,4297.593914839999
LARGE_REL_GAP|CONTINUE|H15_10,2023-12-04/2023-12-10,2907.096858454999
LARGE_REL_GAP|CONTINUE|H15_10,2023-12-11/2023-12-17,-846.5631422050019
LARGE_REL_GAP|CONTINUE|H15_10,2023-12-18/2023-12-24,-4383.249438350002
LARGE_REL_GAP|CONTINUE|H15_10,2023-12-25/2023-12-31,2243.75127012
LARGE_REL_GAP|CONTINUE|H15_10,2024-01-01/2024-01-07,-4538.005152909999
LARGE_REL_GAP|CONTINUE|H15_10,2024-01-08/2024-01-14,-7828.254434050001
LARGE_REL_GAP|CONTINUE|H15_10,2024-01-15/2024-01-21,-1702.753707675005
LARGE_REL_GAP|CONTINUE|H15_10,2024-01-22/2024-01-28,-10127.589480865001
LARGE_REL_GAP|CONTINUE|H15_10,2024-01-29/2024-02-04,-6455.395459800002
LARGE_REL_GAP|CONTINUE|H15_10,2024-02-05/2024-02-11,-4565.234992715001
LARGE_REL_GAP|CONTINUE|H15_10,2024-02-12/2024-02-18,-3797.4947318600025
LARGE_REL_GAP|CONTINUE|H15_10,2024-02-19/2024-02-25,5970.350922659997
LARGE_REL_GAP|CONTINUE|H15_10,2024-02-26/2024-03-03,-5298.7763550499985
LARGE_REL_GAP|CONTINUE|H15_10,2024-03-04/2024-03-10,-5441.732494205001
LARGE_REL_GAP|CONTINUE|H15_10,2024-03-11/2024-03-17,-8862.215982375003
LARGE_REL_GAP|CONTINUE|H15_10,2024-03-18/2024-03-24,-3834.6727933050024
LARGE_REL_GAP|CONTINUE|H15_10,2024-03-25/2024-03-31,490.0417852949993
LARGE_REL_GAP|CONTINUE|H15_10,2024-04-01/2024-04-07,-6705.3065690050025
LARGE_REL_GAP|CONTINUE|H15_10,2024-04-08/2024-04-14,1036.2058185849978
LARGE_REL_GAP|CONTINUE|H15_10,2024-04-15/2024-04-21,-3806.3374600050024
LARGE_REL_GAP|CONTINUE|H15_10,2024-04-22/2024-04-28,-3614.662975572501
LARGE_REL_GAP|CONTINUE|H15_10,2024-04-29/2024-05-05,-2328.967785892501
LARGE_REL_GAP|CONTINUE|H15_10,2024-05-06/2024-05-12,-172.63979907000223
LARGE_REL_GAP|CONTINUE|H15_10,2024-05-13/2024-05-19,-185.92749405500086
LARGE_REL_GAP|CONTINUE|H15_10,2024-05-20/2024-05-26,-96.47299940750088
LARGE_REL_GAP|CONTINUE|H15_10,2024-05-27/2024-06-02,913.179486077501
LARGE_REL_GAP|CONTINUE|H15_10,2024-06-03/2024-06-09,6521.0552258450025
LARGE_REL_GAP|CONTINUE|H15_10,2024-06-10/2024-06-16,-2521.159110200002
LARGE_REL_GAP|CONTINUE|H15_10,2024-06-17/2024-06-23,-1639.1009271225005
LARGE_REL_GAP|CONTINUE|H15_10,2024-06-24/2024-06-30,4587.016903692499
LARGE_REL_GAP|CONTINUE|H15_10,2024-07-01/2024-07-07,-2145.9306637175014
LARGE_REL_GAP|CONTINUE|H15_10,2024-07-08/2024-07-14,-1611.704371127501
LARGE_REL_GAP|CONTINUE|H15_10,2024-07-15/2024-07-21,-2599.1591840825004
LARGE_REL_GAP|CONTINUE|H15_10,2024-07-22/2024-07-28,-727.367628905002
LARGE_REL_GAP|CONTINUE|H15_10,2024-07-29/2024-08-04,-1685.2946064150012
LARGE_REL_GAP|CONTINUE|H15_10,2024-08-05/2024-08-11,-1672.4381474275017
LARGE_REL_GAP|CONTINUE|H15_10,2024-08-12/2024-08-18,-1398.6224221350014
LARGE_REL_GAP|CONTINUE|H15_10,2024-08-19/2024-08-25,-2267.3354856825003
LARGE_REL_GAP|CONTINUE|H15_10,2024-08-26/2024-09-01,-509.2267008000007
LARGE_REL_GAP|CONTINUE|H15_10,2024-09-02/2024-09-08,-2043.6443711900006
LARGE_REL_GAP|CONTINUE|H15_10,2024-09-09/2024-09-15,3704.1750619325
LARGE_REL_GAP|CONTINUE|H15_10,2024-09-16/2024-09-22,61.999899419999565
LARGE_REL_GAP|CONTINUE|H15_10,2024-09-23/2024-09-29,912.3193250074992
LARGE_REL_GAP|CONTINUE|H15_10,2024-09-30/2024-10-06,4692.468072094998
LARGE_REL_GAP|CONTINUE|H15_10,2024-10-07/2024-10-13,-3430.9342060650015
LARGE_REL_GAP|CONTINUE|H15_10,2024-10-14/2024-10-20,-2988.1996599900012
LARGE_REL_GAP|CONTINUE|H15_10,2024-10-21/2024-10-27,-3973.0882942300004
LARGE_REL_GAP|CONTINUE|H15_10,2024-10-28/2024-11-03,331.16895202499836
LARGE_REL_GAP|CONTINUE|H15_10,2024-11-04/2024-11-10,-2697.3291028725016
LARGE_REL_GAP|CONTINUE|H15_10,2024-11-11/2024-11-17,-244.09879725999986
LARGE_REL_GAP|CONTINUE|H15_10,2024-11-18/2024-11-24,-3672.0137453524962
LARGE_REL_GAP|CONTINUE|H15_10,2024-11-25/2024-12-01,-4608.282038237503
LARGE_REL_GAP|CONTINUE|H15_10,2024-12-02/2024-12-08,11841.097454079994
LARGE_REL_GAP|CONTINUE|H15_10,2024-12-09/2024-12-15,-113.11471713250376
LARGE_REL_GAP|CONTINUE|H15_10,2024-12-16/2024-12-22,-790.7283102475044
LARGE_REL_GAP|CONTINUE|H15_10,2024-12-23/2024-12-29,-6177.798664340002
LARGE_REL_GAP|CONTINUE|H15_10,2024-12-30/2025-01-05,10467.286201097497
LARGE_REL_GAP|CONTINUE|H15_10,2025-01-06/2025-01-12,-3421.4934327250053
LARGE_REL_GAP|CONTINUE|H15_10,2025-01-13/2025-01-19,-1967.5327426525052
LARGE_REL_GAP|CONTINUE|H15_10,2025-01-20/2025-01-26,-5497.690250382504
LARGE_REL_GAP|CONTINUE|H15_10,2025-01-27/2025-02-02,524.0175801075029
LARGE_REL_GAP|CONTINUE|H15_10,2025-02-03/2025-02-09,-3615.547336802503
LARGE_REL_GAP|CONTINUE|H15_10,2025-02-10/2025-02-16,-1876.2649430225028
LARGE_REL_GAP|CONTINUE|H15_10,2025-02-17/2025-02-23,-6846.808232350004
LARGE_REL_GAP|CONTINUE|H15_10,2025-02-24/2025-03-02,-2485.1474656550035
LARGE_REL_GAP|CONTINUE|H15_10,2025-03-03/2025-03-09,3950.0013954949973
LARGE_REL_GAP|CONTINUE|H15_10,2025-03-10/2025-03-16,-4412.883840995003
LARGE_REL_GAP|CONTINUE|H15_10,2025-03-17/2025-03-23,10425.927405762497
LARGE_REL_GAP|CONTINUE|H15_10,2025-03-24/2025-03-30,-4679.7292427675
LARGE_REL_GAP|CONTINUE|H15_10,2025-03-31/2025-04-06,6001.943956329999
LARGE_REL_GAP|CONTINUE|H15_10,2025-04-07/2025-04-13,-3484.8994613225027
LARGE_REL_GAP|CONTINUE|H15_10,2025-04-14/2025-04-20,-2817.490386255001
LARGE_REL_GAP|CONTINUE|H15_10,2025-04-21/2025-04-27,-1693.1053256950017
LARGE_REL_GAP|CONTINUE|H15_10,2025-04-28/2025-05-04,-556.2462329125024
LARGE_REL_GAP|CONTINUE|H15_10,2025-05-05/2025-05-11,-1595.2771395549973
LARGE_REL_GAP|CONTINUE|H15_10,2025-05-12/2025-05-18,17388.745332565006
LARGE_REL_GAP|CONTINUE|H15_10,2025-05-19/2025-05-25,-4432.4785369374995
LARGE_REL_GAP|CONTINUE|H15_10,2025-05-26/2025-06-01,-5095.045837625007
LARGE_REL_GAP|CONTINUE|H15_10,2025-06-02/2025-06-08,-564.743896592503
LARGE_REL_GAP|CONTINUE|H15_10,2025-06-09/2025-06-15,-5534.862134102503
LARGE_REL_GAP|CONTINUE|H15_10,2025-06-16/2025-06-22,1987.4889582849978
LARGE_REL_GAP|CONTINUE|H15_10,2025-06-23/2025-06-29,5507.150161434996
LARGE_REL_GAP|CONTINUE|H15_10,2025-06-30/2025-07-06,-9306.324240917505
LARGE_REL_GAP|CONTINUE|H15_10,2025-07-07/2025-07-13,-4333.580757325002
LARGE_REL_GAP|CONTINUE|H15_10,2025-07-14/2025-07-20,-3229.6853602525043
LARGE_REL_GAP|CONTINUE|H15_10,2025-07-21/2025-07-27,6900.040638964996
LARGE_REL_GAP|CONTINUE|H15_10,2025-07-28/2025-08-03,-2901.7237273525025
LARGE_REL_GAP|CONTINUE|H15_10,2025-08-04/2025-08-10,412.23618148999185
LARGE_REL_GAP|CONTINUE|H15_10,2025-08-11/2025-08-17,949.2858718874988
LARGE_REL_GAP|CONTINUE|H15_10,2025-08-18/2025-08-24,3688.784980512497
LARGE_REL_GAP|CONTINUE|H15_10,2025-08-25/2025-08-31,-2926.836295662502
LARGE_REL_GAP|CONTINUE|H15_10,2025-09-01/2025-09-07,-3405.9708830275013
LARGE_REL_GAP|CONTINUE|H15_10,2025-09-08/2025-09-14,-4623.012857350002
LARGE_REL_GAP|CONTINUE|H15_10,2025-09-15/2025-09-21,5623.260806562496
LARGE_REL_GAP|CONTINUE|H15_10,2025-09-22/2025-09-28,2039.7792350349976
LARGE_REL_GAP|CONTINUE|H15_10,2025-09-29/2025-10-05,-3003.598759575002
LARGE_REL_GAP|CONTINUE|H15_10,2025-10-06/2025-10-12,10342.26015028
LARGE_REL_GAP|CONTINUE|H15_10,2025-10-13/2025-10-19,-5653.400270575
LARGE_REL_GAP|CONTINUE|H15_10,2025-10-20/2025-10-26,-8674.815586237506
LARGE_REL_GAP|CONTINUE|H15_10,2025-10-27/2025-11-02,1105.399242057496
LARGE_REL_GAP|CONTINUE|H15_10,2025-11-03/2025-11-09,-5211.219064722503
LARGE_REL_GAP|CONTINUE|H15_10,2025-11-10/2025-11-16,8544.609324702495
LARGE_REL_GAP|CONTINUE|H15_10,2025-11-17/2025-11-23,362.24051751499564
LARGE_REL_GAP|CONTINUE|H15_10,2025-11-24/2025-11-30,-10656.282186350003
LARGE_REL_GAP|CONTINUE|H15_10,2025-12-01/2025-12-07,-6438.498200322501
LARGE_REL_GAP|CONTINUE|H15_10,2025-12-08/2025-12-14,1060.6182541399971
LARGE_REL_GAP|CONTINUE|H15_10,2025-12-15/2025-12-21,-7478.549332247503
LARGE_REL_GAP|CONTINUE|H15_10,2025-12-22/2025-12-28,-1539.007331067502
LARGE_REL_GAP|CONTINUE|H15_10,2025-12-29/2026-01-04,206.2495084284974
LARGE_REL_GAP|CONTINUE|H15_10,2026-01-05/2026-01-11,2674.480149546499
LARGE_REL_GAP|CONTINUE|H15_10,2026-01-12/2026-01-18,-6554.152983705001
LARGE_REL_GAP|CONTINUE|H15_10,2026-01-19/2026-01-25,3058.7867723569952
LARGE_REL_GAP|CONTINUE|H15_10,2026-01-26/2026-02-01,3112.0096809075003
LARGE_REL_GAP|CONTINUE|H15_10,2026-02-02/2026-02-08,-11532.979934693003
LARGE_REL_GAP|CONTINUE|H15_10,2026-02-09/2026-02-15,20.082495911498427
LARGE_REL_GAP|CONTINUE|H15_10,2026-02-16/2026-02-22,-11654.734335675503
LARGE_REL_GAP|CONTINUE|H15_10,2026-02-23/2026-03-01,2464.818511080998
LARGE_REL_GAP|CONTINUE|H15_10,2026-03-02/2026-03-08,3771.883037757727
LARGE_REL_GAP|CONTINUE|H15_10,2026-03-09/2026-03-15,2920.000867108798
LARGE_REL_GAP|CONTINUE|H15_10,2026-03-16/2026-03-22,6342.253063865586
LARGE_REL_GAP|CONTINUE|H15_10,2026-03-23/2026-03-29,3969.960882591099
LARGE_REL_GAP|CONTINUE|H15_10,2026-03-30/2026-04-05,2886.6692087002884
LARGE_REL_GAP|CONTINUE|H15_10,2026-04-06/2026-04-12,2045.2042237655928
LARGE_REL_GAP|CONTINUE|H15_10,2026-04-13/2026-04-19,-9343.656926897398
LARGE_REL_GAP|CONTINUE|H15_10,2026-04-20/2026-04-26,-1498.3411475181174
LARGE_REL_GAP|CONTINUE|H15_10,2026-04-27/2026-05-03,3824.6631291162566
LARGE_REL_GAP|CONTINUE|H15_10,2026-05-04/2026-05-10,-4952.534062946048
LARGE_REL_GAP|CONTINUE|H15_10,2026-05-11/2026-05-17,8874.531710399497
LARGE_REL_GAP|CONTINUE|H15_10,2026-05-18/2026-05-24,-11798.064020026168
LARGE_REL_GAP|CONTINUE|H15_10,2026-06-15/2026-06-21,-938.7477384530322
LARGE_REL_GAP|CONTINUE|H15_10,2026-06-22/2026-06-28,-668.753869736819
LARGE_REL_GAP|CONTINUE|H15_10,2026-06-29/2026-07-05,2020.6455983404721
LARGE_REL_GAP|FADE|H10_30,2021-06-28/2021-07-04,-244.05436076500052
LARGE_REL_GAP|FADE|H10_30,2021-07-05/2021-07-11,-1158.4896487300002
LARGE_REL_GAP|FADE|H10_30,2021-07-12/2021-07-18,-1163.5876716950017
LARGE_REL_GAP|FADE|H10_30,2021-07-19/2021-07-25,-2656.082539085001
LARGE_REL_GAP|FADE|H10_30,2021-07-26/2021-08-01,114.3077856749976
LARGE_REL_GAP|FADE|H10_30,2021-08-02/2021-08-08,-2768.1631344900006
LARGE_REL_GAP|FADE|H10_30,2021-08-09/2021-08-15,501.65935336999917
LARGE_REL_GAP|FADE|H10_30,2021-08-16/2021-08-22,-1598.7671009749997
LARGE_REL_GAP|FADE|H10_30,2021-08-23/2021-08-29,295.73695584499865
LARGE_REL_GAP|FADE|H10_30,2021-08-30/2021-09-05,-1047.7920643600007
LARGE_REL_GAP|FADE|H10_30,2021-09-06/2021-09-12,390.66877839499944
LARGE_REL_GAP|FADE|H10_30,2021-09-13/2021-09-19,-2589.8078749650012
LARGE_REL_GAP|FADE|H10_30,2021-09-20/2021-09-26,-725.2144279450024
LARGE_REL_GAP|FADE|H10_30,2021-09-27/2021-10-03,-753.3175715950008
LARGE_REL_GAP|FADE|H10_30,2021-10-04/2021-10-10,-1409.5502302050024
LARGE_REL_GAP|FADE|H10_30,2021-10-11/2021-10-17,-797.632653385001
LARGE_REL_GAP|FADE|H10_30,2021-10-18/2021-10-24,825.1970693049979
LARGE_REL_GAP|FADE|H10_30,2021-10-25/2021-10-31,-729.1983398600017
LARGE_REL_GAP|FADE|H10_30,2021-11-01/2021-11-07,-973.0379528450028
LARGE_REL_GAP|FADE|H10_30,2021-11-08/2021-11-14,-1215.2463428050028
LARGE_REL_GAP|FADE|H10_30,2021-11-15/2021-11-21,-582.5085276800016
LARGE_REL_GAP|FADE|H10_30,2021-11-22/2021-11-28,-2178.8388235900024
LARGE_REL_GAP|FADE|H10_30,2021-11-29/2021-12-05,-2198.9692121100034
LARGE_REL_GAP|FADE|H10_30,2021-12-06/2021-12-12,-1689.094399395004
LARGE_REL_GAP|FADE|H10_30,2021-12-13/2021-12-19,436.7579468299984
LARGE_REL_GAP|FADE|H10_30,2021-12-20/2021-12-26,-979.2096838150007
LARGE_REL_GAP|FADE|H10_30,2021-12-27/2022-01-02,392.4377463449975
LARGE_REL_GAP|FADE|H10_30,2022-01-03/2022-01-09,-3900.8290836550013
LARGE_REL_GAP|FADE|H10_30,2022-01-10/2022-01-16,-800.2471031200007
LARGE_REL_GAP|FADE|H10_30,2022-01-17/2022-01-23,3390.893117319996
LARGE_REL_GAP|FADE|H10_30,2022-01-24/2022-01-30,-2018.171647580003
LARGE_REL_GAP|FADE|H10_30,2022-01-31/2022-02-06,-1700.0099625400026
LARGE_REL_GAP|FADE|H10_30,2022-02-07/2022-02-13,-1542.8441212400014
LARGE_REL_GAP|FADE|H10_30,2022-02-14/2022-02-20,3016.813984759998
LARGE_REL_GAP|FADE|H10_30,2022-02-21/2022-02-27,-2033.7398249350044
LARGE_REL_GAP|FADE|H10_30,2022-02-28/2022-03-06,-399.17511674000013
LARGE_REL_GAP|FADE|H10_30,2022-03-07/2022-03-13,-3718.209419270006
LARGE_REL_GAP|FADE|H10_30,2022-03-14/2022-03-20,-1110.314709675003
LARGE_REL_GAP|FADE|H10_30,2022-03-21/2022-03-27,597.8011130849964
LARGE_REL_GAP|FADE|H10_30,2022-03-28/2022-04-03,-650.4845097400018
LARGE_REL_GAP|FADE|H10_30,2022-04-04/2022-04-10,-2893.869839610001
LARGE_REL_GAP|FADE|H10_30,2022-04-11/2022-04-17,1643.3615218249988
LARGE_REL_GAP|FADE|H10_30,2022-04-18/2022-04-24,-2880.829136010001
LARGE_REL_GAP|FADE|H10_30,2022-04-25/2022-05-01,-560.669584465003
LARGE_REL_GAP|FADE|H10_30,2022-05-02/2022-05-08,-998.0495436750043
LARGE_REL_GAP|FADE|H10_30,2022-05-09/2022-05-15,3418.5779835799963
LARGE_REL_GAP|FADE|H10_30,2022-05-16/2022-05-22,-1964.3089283150023
LARGE_REL_GAP|FADE|H10_30,2022-05-23/2022-05-29,2783.2193471449973
LARGE_REL_GAP|FADE|H10_30,2022-05-30/2022-06-05,634.8428555899985
LARGE_REL_GAP|FADE|H10_30,2022-06-06/2022-06-12,1365.845454204996
LARGE_REL_GAP|FADE|H10_30,2022-06-13/2022-06-19,3669.715587274999
LARGE_REL_GAP|FADE|H10_30,2022-06-20/2022-06-26,-3815.269423020004
LARGE_REL_GAP|FADE|H10_30,2022-06-27/2022-07-03,-1263.0722097650023
LARGE_REL_GAP|FADE|H10_30,2022-07-04/2022-07-10,-2627.578165760002
LARGE_REL_GAP|FADE|H10_30,2022-07-11/2022-07-17,-109.27642272500168
LARGE_REL_GAP|FADE|H10_30,2022-07-18/2022-07-24,945.3280940249981
LARGE_REL_GAP|FADE|H10_30,2022-07-25/2022-07-31,-1428.6315750550011
LARGE_REL_GAP|FADE|H10_30,2022-08-01/2022-08-07,-3009.5351183350026
LARGE_REL_GAP|FADE|H10_30,2022-08-08/2022-08-14,-840.7351578749999
LARGE_REL_GAP|FADE|H10_30,2022-08-15/2022-08-21,-1255.6115699700006
LARGE_REL_GAP|FADE|H10_30,2022-08-22/2022-08-28,-1317.6723978700027
LARGE_REL_GAP|FADE|H10_30,2022-08-29/2022-09-04,2646.1221255399987
LARGE_REL_GAP|FADE|H10_30,2022-09-05/2022-09-11,633.1247348349988
LARGE_REL_GAP|FADE|H10_30,2022-09-12/2022-09-18,987.258727254999
LARGE_REL_GAP|FADE|H10_30,2022-09-19/2022-09-25,-4927.056902645003
LARGE_REL_GAP|FADE|H10_30,2022-09-26/2022-10-02,306.1477560099961
LARGE_REL_GAP|FADE|H10_30,2022-10-03/2022-10-09,-1179.044021340001
LARGE_REL_GAP|FADE|H10_30,2022-10-10/2022-10-16,-1308.6725076700045
LARGE_REL_GAP|FADE|H10_30,2022-10-17/2022-10-23,-121.0602608000014
LARGE_REL_GAP|FADE|H10_30,2022-10-24/2022-10-30,248.23869758499984
LARGE_REL_GAP|FADE|H10_30,2022-10-31/2022-11-06,859.6940771249986
LARGE_REL_GAP|FADE|H10_30,2022-11-07/2022-11-13,229.9894730599989
LARGE_REL_GAP|FADE|H10_30,2022-11-14/2022-11-20,311.7900144799987
LARGE_REL_GAP|FADE|H10_30,2022-11-21/2022-11-27,-1423.574916550001
LARGE_REL_GAP|FADE|H10_30,2022-11-28/2022-12-04,586.5915720999988
LARGE_REL_GAP|FADE|H10_30,2022-12-05/2022-12-11,-498.682267015001
LARGE_REL_GAP|FADE|H10_30,2022-12-12/2022-12-18,-33.14357951000261
LARGE_REL_GAP|FADE|H10_30,2022-12-19/2022-12-25,-648.6161528550022
LARGE_REL_GAP|FADE|H10_30,2022-12-26/2023-01-01,-1494.5143177500015
LARGE_REL_GAP|FADE|H10_30,2023-01-02/2023-01-08,2139.757149489998
LARGE_REL_GAP|FADE|H10_30,2023-01-09/2023-01-15,-1020.4836722800009
LARGE_REL_GAP|FADE|H10_30,2023-01-16/2023-01-22,-1852.72717011
LARGE_REL_GAP|FADE|H10_30,2023-01-23/2023-01-29,-2686.403279745002
LARGE_REL_GAP|FADE|H10_30,2023-01-30/2023-02-05,-3653.3226270700025
LARGE_REL_GAP|FADE|H10_30,2023-02-06/2023-02-12,-3227.264598740002
LARGE_REL_GAP|FADE|H10_30,2023-02-13/2023-02-19,1120.6394004199997
LARGE_REL_GAP|FADE|H10_30,2023-02-20/2023-02-26,-4737.292478450001
LARGE_REL_GAP|FADE|H10_30,2023-02-27/2023-03-05,-3969.3583452050007
LARGE_REL_GAP|FADE|H10_30,2023-03-06/2023-03-12,1418.8471080949992
LARGE_REL_GAP|FADE|H10_30,2023-03-13/2023-03-19,2187.0890401349984
LARGE_REL_GAP|FADE|H10_30,2023-03-20/2023-03-26,2378.115648854997
LARGE_REL_GAP|FADE|H10_30,2023-03-27/2023-04-02,-310.9948673750006
LARGE_REL_GAP|FADE|H10_30,2023-04-03/2023-04-09,-443.0427182800006
LARGE_REL_GAP|FADE|H10_30,2023-04-10/2023-04-16,-44.76494944000052
LARGE_REL_GAP|FADE|H10_30,2023-04-17/2023-04-23,4399.763870575
LARGE_REL_GAP|FADE|H10_30,2023-04-24/2023-04-30,-2456.54983554
LARGE_REL_GAP|FADE|H10_30,2023-05-01/2023-05-07,329.8646157149999
LARGE_REL_GAP|FADE|H10_30,2023-05-08/2023-05-14,-1830.8696426700017
LARGE_REL_GAP|FADE|H10_30,2023-05-15/2023-05-21,546.5771086599979
LARGE_REL_GAP|FADE|H10_30,2023-05-22/2023-05-28,-515.0852306500021
LARGE_REL_GAP|FADE|H10_30,2023-05-29/2023-06-04,-415.3847048300006
LARGE_REL_GAP|FADE|H10_30,2023-06-05/2023-06-11,-730.4430696049997
LARGE_REL_GAP|FADE|H10_30,2023-06-12/2023-06-18,-2651.084111815
LARGE_REL_GAP|FADE|H10_30,2023-06-19/2023-06-25,978.8002385749995
LARGE_REL_GAP|FADE|H10_30,2023-06-26/2023-07-02,-997.315224725
LARGE_REL_GAP|FADE|H10_30,2023-07-03/2023-07-09,-272.8711533550016
LARGE_REL_GAP|FADE|H10_30,2023-07-10/2023-07-16,-2188.0976600150016
LARGE_REL_GAP|FADE|H10_30,2023-07-17/2023-07-23,-2548.667345635001
LARGE_REL_GAP|FADE|H10_30,2023-07-24/2023-07-30,-844.9889182800011
LARGE_REL_GAP|FADE|H10_30,2023-07-31/2023-08-06,-2491.493684555
LARGE_REL_GAP|FADE|H10_30,2023-08-07/2023-08-13,-1731.3928698850016
LARGE_REL_GAP|FADE|H10_30,2023-08-14/2023-08-20,-557.8154505150013
LARGE_REL_GAP|FADE|H10_30,2023-08-21/2023-08-27,-1112.2362113750003
LARGE_REL_GAP|FADE|H10_30,2023-08-28/2023-09-03,-1388.874928395
LARGE_REL_GAP|FADE|H10_30,2023-09-04/2023-09-10,1774.7940730599994
LARGE_REL_GAP|FADE|H10_30,2023-09-11/2023-09-17,2614.658897419998
LARGE_REL_GAP|FADE|H10_30,2023-09-18/2023-09-24,-2228.8844889450006
LARGE_REL_GAP|FADE|H10_30,2023-09-25/2023-10-01,-2031.800442615001
LARGE_REL_GAP|FADE|H10_30,2023-10-02/2023-10-08,-357.2677541350007
LARGE_REL_GAP|FADE|H10_30,2023-10-09/2023-10-15,-417.3274308900019
LARGE_REL_GAP|FADE|H10_30,2023-10-16/2023-10-22,637.8812829599992
LARGE_REL_GAP|FADE|H10_30,2023-10-23/2023-10-29,-4152.745701590001
LARGE_REL_GAP|FADE|H10_30,2023-10-30/2023-11-05,-75.17181381000171
LARGE_REL_GAP|FADE|H10_30,2023-11-06/2023-11-12,-135.6971162900004
LARGE_REL_GAP|FADE|H10_30,2023-11-13/2023-11-19,-288.3281743300022
LARGE_REL_GAP|FADE|H10_30,2023-11-20/2023-11-26,378.47726865500005
LARGE_REL_GAP|FADE|H10_30,2023-11-27/2023-12-03,870.6909353699984
LARGE_REL_GAP|FADE|H10_30,2023-12-04/2023-12-10,-1721.839435930003
LARGE_REL_GAP|FADE|H10_30,2023-12-11/2023-12-17,-701.780875805001
LARGE_REL_GAP|FADE|H10_30,2023-12-18/2023-12-24,139.65287284499823
LARGE_REL_GAP|FADE|H10_30,2023-12-25/2023-12-31,-3267.589978590001
LARGE_REL_GAP|FADE|H10_30,2024-01-01/2024-01-07,214.19867856999872
LARGE_REL_GAP|FADE|H10_30,2024-01-08/2024-01-14,-190.79326888000037
LARGE_REL_GAP|FADE|H10_30,2024-01-15/2024-01-21,-1821.552187310002
LARGE_REL_GAP|FADE|H10_30,2024-01-22/2024-01-28,7057.353972189998
LARGE_REL_GAP|FADE|H10_30,2024-01-29/2024-02-04,-3343.252735805002
LARGE_REL_GAP|FADE|H10_30,2024-02-05/2024-02-11,520.1976050699982
LARGE_REL_GAP|FADE|H10_30,2024-02-12/2024-02-18,-1216.2289893450015
LARGE_REL_GAP|FADE|H10_30,2024-02-19/2024-02-25,59.78729219999752
LARGE_REL_GAP|FADE|H10_30,2024-02-26/2024-03-03,-3951.5291988450017
LARGE_REL_GAP|FADE|H10_30,2024-03-04/2024-03-10,-3028.582329025001
LARGE_REL_GAP|FADE|H10_30,2024-03-11/2024-03-17,-3186.5954722500023
LARGE_REL_GAP|FADE|H10_30,2024-03-18/2024-03-24,-97.9460552300011
LARGE_REL_GAP|FADE|H10_30,2024-03-25/2024-03-31,-2180.5508836000004
LARGE_REL_GAP|FADE|H10_30,2024-04-01/2024-04-07,3367.9834156849975
LARGE_REL_GAP|FADE|H10_30,2024-04-08/2024-04-14,-3558.744040350002
LARGE_REL_GAP|FADE|H10_30,2024-04-15/2024-04-21,2426.6889448699962
LARGE_REL_GAP|FADE|H10_30,2024-04-22/2024-04-28,2137.2500639624977
LARGE_REL_GAP|FADE|H10_30,2024-04-29/2024-05-05,-161.4052415525021
LARGE_REL_GAP|FADE|H10_30,2024-05-06/2024-05-12,-678.0312724225014
LARGE_REL_GAP|FADE|H10_30,2024-05-13/2024-05-19,1192.9145389474988
LARGE_REL_GAP|FADE|H10_30,2024-05-20/2024-05-26,-544.9387939225006
LARGE_REL_GAP|FADE|H10_30,2024-05-27/2024-06-02,-2145.084113219998
LARGE_REL_GAP|FADE|H10_30,2024-06-03/2024-06-09,-1744.7376376124928
LARGE_REL_GAP|FADE|H10_30,2024-06-10/2024-06-16,-1600.817859345002
LARGE_REL_GAP|FADE|H10_30,2024-06-17/2024-06-23,-355.19024564500137
LARGE_REL_GAP|FADE|H10_30,2024-06-24/2024-06-30,-2015.4930918800014
LARGE_REL_GAP|FADE|H10_30,2024-07-01/2024-07-07,-1094.096158287501
LARGE_REL_GAP|FADE|H10_30,2024-07-08/2024-07-14,2478.4791228424983
LARGE_REL_GAP|FADE|H10_30,2024-07-15/2024-07-21,1119.7706185674988
LARGE_REL_GAP|FADE|H10_30,2024-07-22/2024-07-28,-272.20819227749917
LARGE_REL_GAP|FADE|H10_30,2024-07-29/2024-08-04,-1536.626878212501
LARGE_REL_GAP|FADE|H10_30,2024-08-05/2024-08-11,-140.88424522000167
LARGE_REL_GAP|FADE|H10_30,2024-08-12/2024-08-18,73.04091698499974
LARGE_REL_GAP|FADE|H10_30,2024-08-19/2024-08-25,160.86384141249988
LARGE_REL_GAP|FADE|H10_30,2024-08-26/2024-09-01,-365.1488791600001
LARGE_REL_GAP|FADE|H10_30,2024-09-02/2024-09-08,-1095.839037765001
LARGE_REL_GAP|FADE|H10_30,2024-09-09/2024-09-15,1344.8608691249988
LARGE_REL_GAP|FADE|H10_30,2024-09-16/2024-09-22,-1068.4390188075017
LARGE_REL_GAP|FADE|H10_30,2024-09-23/2024-09-29,-907.7311625775008
LARGE_REL_GAP|FADE|H10_30,2024-09-30/2024-10-06,-1234.7485020949998
LARGE_REL_GAP|FADE|H10_30,2024-10-07/2024-10-13,-2358.0268259625022
LARGE_REL_GAP|FADE|H10_30,2024-10-14/2024-10-20,2254.2209990649994
LARGE_REL_GAP|FADE|H10_30,2024-10-21/2024-10-27,2325.4394087349983
LARGE_REL_GAP|FADE|H10_30,2024-10-28/2024-11-03,-1345.1682235775008
LARGE_REL_GAP|FADE|H10_30,2024-11-04/2024-11-10,2277.435129539998
LARGE_REL_GAP|FADE|H10_30,2024-11-11/2024-11-17,-351.90851314500054
LARGE_REL_GAP|FADE|H10_30,2024-11-18/2024-11-24,-4312.656459822503
LARGE_REL_GAP|FADE|H10_30,2024-11-25/2024-12-01,-1311.6861730900043
LARGE_REL_GAP|FADE|H10_30,2024-12-02/2024-12-08,-1717.2099983525031
LARGE_REL_GAP|FADE|H10_30,2024-12-09/2024-12-15,-7595.1886141375035
LARGE_REL_GAP|FADE|H10_30,2024-12-16/2024-12-22,-4318.799152735007
LARGE_REL_GAP|FADE|H10_30,2024-12-23/2024-12-29,1297.568644855
LARGE_REL_GAP|FADE|H10_30,2024-12-30/2025-01-05,-5012.879660330004
LARGE_REL_GAP|FADE|H10_30,2025-01-06/2025-01-12,1739.1431488324965
LARGE_REL_GAP|FADE|H10_30,2025-01-13/2025-01-19,1943.3385980599946
LARGE_REL_GAP|FADE|H10_30,2025-01-20/2025-01-26,7186.788518942499
LARGE_REL_GAP|FADE|H10_30,2025-01-27/2025-02-02,-8417.320347015007
LARGE_REL_GAP|FADE|H10_30,2025-02-03/2025-02-09,-252.53789404000605
LARGE_REL_GAP|FADE|H10_30,2025-02-10/2025-02-16,-5809.025821805004
LARGE_REL_GAP|FADE|H10_30,2025-02-17/2025-02-23,3851.935209919997
LARGE_REL_GAP|FADE|H10_30,2025-02-24/2025-03-02,-2588.0369547425034
LARGE_REL_GAP|FADE|H10_30,2025-03-03/2025-03-09,2109.762423514995
LARGE_REL_GAP|FADE|H10_30,2025-03-10/2025-03-16,516.7657685725001
LARGE_REL_GAP|FADE|H10_30,2025-03-17/2025-03-23,-3858.5950124425053
LARGE_REL_GAP|FADE|H10_30,2025-03-24/2025-03-30,-1937.6879203700028
LARGE_REL_GAP|FADE|H10_30,2025-03-31/2025-04-06,-5517.222432132501
LARGE_REL_GAP|FADE|H10_30,2025-04-07/2025-04-13,-3648.298650920003
LARGE_REL_GAP|FADE|H10_30,2025-04-14/2025-04-20,3741.6714431924975
LARGE_REL_GAP|FADE|H10_30,2025-04-21/2025-04-27,1825.342854949999
LARGE_REL_GAP|FADE|H10_30,2025-04-28/2025-05-04,1610.519239249997
LARGE_REL_GAP|FADE|H10_30,2025-05-05/2025-05-11,-6268.938972572503
LARGE_REL_GAP|FADE|H10_30,2025-05-12/2025-05-18,-1962.0941620625053
LARGE_REL_GAP|FADE|H10_30,2025-05-19/2025-05-25,-5604.770410982506
LARGE_REL_GAP|FADE|H10_30,2025-05-26/2025-06-01,2260.4882333949954
LARGE_REL_GAP|FADE|H10_30,2025-06-02/2025-06-08,-6080.992097192503
LARGE_REL_GAP|FADE|H10_30,2025-06-09/2025-06-15,-799.450669997506
LARGE_REL_GAP|FADE|H10_30,2025-06-16/2025-06-22,-2134.881993635001
LARGE_REL_GAP|FADE|H10_30,2025-06-23/2025-06-29,-2592.341365265001
LARGE_REL_GAP|FADE|H10_30,2025-06-30/2025-07-06,-2562.8387434300043
LARGE_REL_GAP|FADE|H10_30,2025-07-07/2025-07-13,-1227.3389120425013
LARGE_REL_GAP|FADE|H10_30,2025-07-14/2025-07-20,4175.378281219997
LARGE_REL_GAP|FADE|H10_30,2025-07-21/2025-07-27,-4408.508537170001
LARGE_REL_GAP|FADE|H10_30,2025-07-28/2025-08-03,108.93676070749223
LARGE_REL_GAP|FADE|H10_30,2025-08-04/2025-08-10,-6129.847445650003
LARGE_REL_GAP|FADE|H10_30,2025-08-11/2025-08-17,-407.9102900550017
LARGE_REL_GAP|FADE|H10_30,2025-08-18/2025-08-24,-5119.9488892225
LARGE_REL_GAP|FADE|H10_30,2025-08-25/2025-08-31,1869.4692893574966
LARGE_REL_GAP|FADE|H10_30,2025-09-01/2025-09-07,947.5593145174978
LARGE_REL_GAP|FADE|H10_30,2025-09-08/2025-09-14,-646.1133761050025
LARGE_REL_GAP|FADE|H10_30,2025-09-15/2025-09-21,-2597.855644780003
LARGE_REL_GAP|FADE|H10_30,2025-09-22/2025-09-28,2382.6001370274967
LARGE_REL_GAP|FADE|H10_30,2025-09-29/2025-10-05,1374.0249689324987
LARGE_REL_GAP|FADE|H10_30,2025-10-06/2025-10-12,-5927.063422992501
LARGE_REL_GAP|FADE|H10_30,2025-10-13/2025-10-19,3893.6212266499997
LARGE_REL_GAP|FADE|H10_30,2025-10-20/2025-10-26,1863.8600291474977
LARGE_REL_GAP|FADE|H10_30,2025-10-27/2025-11-02,-4170.653635442504
LARGE_REL_GAP|FADE|H10_30,2025-11-03/2025-11-09,2812.9562821599975
LARGE_REL_GAP|FADE|H10_30,2025-11-10/2025-11-16,-4822.337219207503
LARGE_REL_GAP|FADE|H10_30,2025-11-17/2025-11-23,-1245.5514750400012
LARGE_REL_GAP|FADE|H10_30,2025-11-24/2025-11-30,-3765.8034548375
LARGE_REL_GAP|FADE|H10_30,2025-12-01/2025-12-07,-678.3777015500025
LARGE_REL_GAP|FADE|H10_30,2025-12-08/2025-12-14,-1364.869828840003
LARGE_REL_GAP|FADE|H10_30,2025-12-15/2025-12-21,2383.406039974996
LARGE_REL_GAP|FADE|H10_30,2025-12-22/2025-12-28,-3807.6663644150003
LARGE_REL_GAP|FADE|H10_30,2025-12-29/2026-01-04,-283.63979784150047
LARGE_REL_GAP|FADE|H10_30,2026-01-05/2026-01-11,-1558.0740103850014
LARGE_REL_GAP|FADE|H10_30,2026-01-12/2026-01-18,-5873.338262046501
LARGE_REL_GAP|FADE|H10_30,2026-01-19/2026-01-25,-2833.2626613225016
LARGE_REL_GAP|FADE|H10_30,2026-01-26/2026-02-01,-2786.499484108503
LARGE_REL_GAP|FADE|H10_30,2026-02-02/2026-02-08,-4327.910451458003
LARGE_REL_GAP|FADE|H10_30,2026-02-09/2026-02-15,-1767.7218446250022
LARGE_REL_GAP|FADE|H10_30,2026-02-16/2026-02-22,9777.244361622495
LARGE_REL_GAP|FADE|H10_30,2026-02-23/2026-03-01,-3020.9781408325043
LARGE_REL_GAP|FADE|H10_30,2026-03-02/2026-03-08,-3110.704640588531
LARGE_REL_GAP|FADE|H10_30,2026-03-09/2026-03-15,-3115.6966432462505
LARGE_REL_GAP|FADE|H10_30,2026-03-16/2026-03-22,-5118.859402602955
LARGE_REL_GAP|FADE|H10_30,2026-03-23/2026-03-29,-1183.9895925905319
LARGE_REL_GAP|FADE|H10_30,2026-03-30/2026-04-05,-1933.5088825945118
LARGE_REL_GAP|FADE|H10_30,2026-04-06/2026-04-12,-2855.6424901901364
LARGE_REL_GAP|FADE|H10_30,2026-04-13/2026-04-19,3649.212572022624
LARGE_REL_GAP|FADE|H10_30,2026-04-20/2026-04-26,-2179.644605269662
LARGE_REL_GAP|FADE|H10_30,2026-04-27/2026-05-03,-1400.9466713440142
LARGE_REL_GAP|FADE|H10_30,2026-05-04/2026-05-10,-2662.1933910691946
LARGE_REL_GAP|FADE|H10_30,2026-05-11/2026-05-17,-3247.847518149706
LARGE_REL_GAP|FADE|H10_30,2026-05-18/2026-05-24,-1296.4154615025152
LARGE_REL_GAP|FADE|H10_30,2026-06-15/2026-06-21,-1101.0858427208273
LARGE_REL_GAP|FADE|H10_30,2026-06-22/2026-06-28,-351.7057633801471
LARGE_REL_GAP|FADE|H10_30,2026-06-29/2026-07-05,-982.4190158617151
LARGE_REL_GAP|FADE|H15_10,2021-06-28/2021-07-04,-1121.8103217950002
LARGE_REL_GAP|FADE|H15_10,2021-07-05/2021-07-11,-5171.49722678
LARGE_REL_GAP|FADE|H15_10,2021-07-12/2021-07-18,-1608.3346653350013
LARGE_REL_GAP|FADE|H15_10,2021-07-19/2021-07-25,-5720.4199814250005
LARGE_REL_GAP|FADE|H15_10,2021-07-26/2021-08-01,-1345.333354450002
LARGE_REL_GAP|FADE|H15_10,2021-08-02/2021-08-08,-5899.514691505001
LARGE_REL_GAP|FADE|H15_10,2021-08-09/2021-08-15,-2910.9188358300007
LARGE_REL_GAP|FADE|H15_10,2021-08-16/2021-08-22,4917.593318764999
LARGE_REL_GAP|FADE|H15_10,2021-08-23/2021-08-29,-3393.1074719000007
LARGE_REL_GAP|FADE|H15_10,2021-08-30/2021-09-05,-3743.5551971350023
LARGE_REL_GAP|FADE|H15_10,2021-09-06/2021-09-12,-1798.1077329050004
LARGE_REL_GAP|FADE|H15_10,2021-09-13/2021-09-19,-15.408729210001184
LARGE_REL_GAP|FADE|H15_10,2021-09-20/2021-09-26,-5763.238119320002
LARGE_REL_GAP|FADE|H15_10,2021-09-27/2021-10-03,1275.2702927649996
LARGE_REL_GAP|FADE|H15_10,2021-10-04/2021-10-10,4116.752539564997
LARGE_REL_GAP|FADE|H15_10,2021-10-11/2021-10-17,-2713.4573797250014
LARGE_REL_GAP|FADE|H15_10,2021-10-18/2021-10-24,9528.824172469998
LARGE_REL_GAP|FADE|H15_10,2021-10-25/2021-10-31,-3331.9004790750014
LARGE_REL_GAP|FADE|H15_10,2021-11-01/2021-11-07,-369.3405871100033
LARGE_REL_GAP|FADE|H15_10,2021-11-08/2021-11-14,-6412.286138530003
LARGE_REL_GAP|FADE|H15_10,2021-11-15/2021-11-21,-2949.0126692050007
LARGE_REL_GAP|FADE|H15_10,2021-11-22/2021-11-28,6882.796440604996
LARGE_REL_GAP|FADE|H15_10,2021-11-29/2021-12-05,1573.989444444997
LARGE_REL_GAP|FADE|H15_10,2021-12-06/2021-12-12,-4321.993121930001
LARGE_REL_GAP|FADE|H15_10,2021-12-13/2021-12-19,5387.889432484998
LARGE_REL_GAP|FADE|H15_10,2021-12-20/2021-12-26,-4688.807294315003
LARGE_REL_GAP|FADE|H15_10,2021-12-27/2022-01-02,-3120.221412740002
LARGE_REL_GAP|FADE|H15_10,2022-01-03/2022-01-09,-6228.719040160001
LARGE_REL_GAP|FADE|H15_10,2022-01-10/2022-01-16,-5147.413646350002
LARGE_REL_GAP|FADE|H15_10,2022-01-17/2022-01-23,11587.430685395
LARGE_REL_GAP|FADE|H15_10,2022-01-24/2022-01-30,3959.1325563550017
LARGE_REL_GAP|FADE|H15_10,2022-01-31/2022-02-06,-3213.4273234300026
LARGE_REL_GAP|FADE|H15_10,2022-02-07/2022-02-13,-7824.77199947
LARGE_REL_GAP|FADE|H15_10,2022-02-14/2022-02-20,-6521.750747690001
LARGE_REL_GAP|FADE|H15_10,2022-02-21/2022-02-27,-540.2071973850038
LARGE_REL_GAP|FADE|H15_10,2022-02-28/2022-03-06,7697.83256601
LARGE_REL_GAP|FADE|H15_10,2022-03-07/2022-03-13,-1949.680696835001
LARGE_REL_GAP|FADE|H15_10,2022-03-14/2022-03-20,-3179.316072220001
LARGE_REL_GAP|FADE|H15_10,2022-03-21/2022-03-27,-290.7261588350036
LARGE_REL_GAP|FADE|H15_10,2022-03-28/2022-04-03,-2631.0088110949996
LARGE_REL_GAP|FADE|H15_10,2022-04-04/2022-04-10,-6576.182961255002
LARGE_REL_GAP|FADE|H15_10,2022-04-11/2022-04-17,5001.652911435
LARGE_REL_GAP|FADE|H15_10,2022-04-18/2022-04-24,-2153.8370055800006
LARGE_REL_GAP|FADE|H15_10,2022-04-25/2022-05-01,-2145.9319773300012
LARGE_REL_GAP|FADE|H15_10,2022-05-02/2022-05-08,10233.069747194997
LARGE_REL_GAP|FADE|H15_10,2022-05-09/2022-05-15,1279.3781875349969
LARGE_REL_GAP|FADE|H15_10,2022-05-16/2022-05-22,-4748.424964940003
LARGE_REL_GAP|FADE|H15_10,2022-05-23/2022-05-29,-173.75621459000467
LARGE_REL_GAP|FADE|H15_10,2022-05-30/2022-06-05,3707.659642634998
LARGE_REL_GAP|FADE|H15_10,2022-06-06/2022-06-12,5829.744910509997
LARGE_REL_GAP|FADE|H15_10,2022-06-13/2022-06-19,7506.329422844998
LARGE_REL_GAP|FADE|H15_10,2022-06-20/2022-06-26,-7882.224520750004
LARGE_REL_GAP|FADE|H15_10,2022-06-27/2022-07-03,864.3344528649957
LARGE_REL_GAP|FADE|H15_10,2022-07-04/2022-07-10,-2627.010485145002
LARGE_REL_GAP|FADE|H15_10,2022-07-11/2022-07-17,3419.4404426649985
LARGE_REL_GAP|FADE|H15_10,2022-07-18/2022-07-24,1243.8659736649988
LARGE_REL_GAP|FADE|H15_10,2022-07-25/2022-07-31,-1406.6839411100013
LARGE_REL_GAP|FADE|H15_10,2022-08-01/2022-08-07,362.4390182099978
LARGE_REL_GAP|FADE|H15_10,2022-08-08/2022-08-14,-3126.8505137599996
LARGE_REL_GAP|FADE|H15_10,2022-08-15/2022-08-21,1103.705943985
LARGE_REL_GAP|FADE|H15_10,2022-08-22/2022-08-28,5723.759398644997
LARGE_REL_GAP|FADE|H15_10,2022-08-29/2022-09-04,-5338.858074345003
LARGE_REL_GAP|FADE|H15_10,2022-09-05/2022-09-11,-1864.8135713050012
LARGE_REL_GAP|FADE|H15_10,2022-09-12/2022-09-18,4298.451939469998
LARGE_REL_GAP|FADE|H15_10,2022-09-19/2022-09-25,-7807.697776730002
LARGE_REL_GAP|FADE|H15_10,2022-09-26/2022-10-02,3968.9645539699945
LARGE_REL_GAP|FADE|H15_10,2022-10-03/2022-10-09,264.32097198999867
LARGE_REL_GAP|FADE|H15_10,2022-10-10/2022-10-16,-220.57952103500293
LARGE_REL_GAP|FADE|H15_10,2022-10-17/2022-10-23,6420.861027099996
LARGE_REL_GAP|FADE|H15_10,2022-10-24/2022-10-30,1131.0619486649996
LARGE_REL_GAP|FADE|H15_10,2022-10-31/2022-11-06,-3315.4355785850007
LARGE_REL_GAP|FADE|H15_10,2022-11-07/2022-11-13,-2043.8759480000022
LARGE_REL_GAP|FADE|H15_10,2022-11-14/2022-11-20,-3427.480987255001
LARGE_REL_GAP|FADE|H15_10,2022-11-21/2022-11-27,-2975.004253530001
LARGE_REL_GAP|FADE|H15_10,2022-11-28/2022-12-04,-1748.7366510300012
LARGE_REL_GAP|FADE|H15_10,2022-12-05/2022-12-11,52.352995459998056
LARGE_REL_GAP|FADE|H15_10,2022-12-12/2022-12-18,-3255.865043079999
LARGE_REL_GAP|FADE|H15_10,2022-12-19/2022-12-25,2235.8597138549985
LARGE_REL_GAP|FADE|H15_10,2022-12-26/2023-01-01,4865.861608229998
LARGE_REL_GAP|FADE|H15_10,2023-01-02/2023-01-08,8169.591327299999
LARGE_REL_GAP|FADE|H15_10,2023-01-09/2023-01-15,-3468.6600212400012
LARGE_REL_GAP|FADE|H15_10,2023-01-16/2023-01-22,-3212.9234062650007
LARGE_REL_GAP|FADE|H15_10,2023-01-23/2023-01-29,-2807.5501560250013
LARGE_REL_GAP|FADE|H15_10,2023-01-30/2023-02-05,-5166.599892984999
LARGE_REL_GAP|FADE|H15_10,2023-02-06/2023-02-12,-2872.274105290003
LARGE_REL_GAP|FADE|H15_10,2023-02-13/2023-02-19,2661.1945128949983
LARGE_REL_GAP|FADE|H15_10,2023-02-20/2023-02-26,-1461.9919048050015
LARGE_REL_GAP|FADE|H15_10,2023-02-27/2023-03-05,-5374.997523360001
LARGE_REL_GAP|FADE|H15_10,2023-03-06/2023-03-12,4214.798107164999
LARGE_REL_GAP|FADE|H15_10,2023-03-13/2023-03-19,8642.562975339999
LARGE_REL_GAP|FADE|H15_10,2023-03-20/2023-03-26,-1733.127774090003
LARGE_REL_GAP|FADE|H15_10,2023-03-27/2023-04-02,-2504.9595081450007
LARGE_REL_GAP|FADE|H15_10,2023-04-03/2023-04-09,-2480.985019055
LARGE_REL_GAP|FADE|H15_10,2023-04-10/2023-04-16,-3723.15344298
LARGE_REL_GAP|FADE|H15_10,2023-04-17/2023-04-23,2467.686235789998
LARGE_REL_GAP|FADE|H15_10,2023-04-24/2023-04-30,-9246.857306495001
LARGE_REL_GAP|FADE|H15_10,2023-05-01/2023-05-07,-3140.0671704
LARGE_REL_GAP|FADE|H15_10,2023-05-08/2023-05-14,-2519.991215280002
LARGE_REL_GAP|FADE|H15_10,2023-05-15/2023-05-21,6679.885720329998
LARGE_REL_GAP|FADE|H15_10,2023-05-22/2023-05-28,-488.9354381500016
LARGE_REL_GAP|FADE|H15_10,2023-05-29/2023-06-04,-2649.4693757000005
LARGE_REL_GAP|FADE|H15_10,2023-06-05/2023-06-11,3109.699005915
LARGE_REL_GAP|FADE|H15_10,2023-06-12/2023-06-18,-2153.1073342999994
LARGE_REL_GAP|FADE|H15_10,2023-06-19/2023-06-25,-15.592364210000028
LARGE_REL_GAP|FADE|H15_10,2023-06-26/2023-07-02,-5326.425563549999
LARGE_REL_GAP|FADE|H15_10,2023-07-03/2023-07-09,-2446.2134110050006
LARGE_REL_GAP|FADE|H15_10,2023-07-10/2023-07-16,3030.4037524749974
LARGE_REL_GAP|FADE|H15_10,2023-07-17/2023-07-23,-6990.78847874
LARGE_REL_GAP|FADE|H15_10,2023-07-24/2023-07-30,6877.274995734999
LARGE_REL_GAP|FADE|H15_10,2023-07-31/2023-08-06,-5691.914291260002
LARGE_REL_GAP|FADE|H15_10,2023-08-07/2023-08-13,-4475.876216885001
LARGE_REL_GAP|FADE|H15_10,2023-08-14/2023-08-20,2815.070294224999
LARGE_REL_GAP|FADE|H15_10,2023-08-21/2023-08-27,3679.16541692
LARGE_REL_GAP|FADE|H15_10,2023-08-28/2023-09-03,3072.3335269799995
LARGE_REL_GAP|FADE|H15_10,2023-09-04/2023-09-10,3106.2962466
LARGE_REL_GAP|FADE|H15_10,2023-09-11/2023-09-17,-3994.2950958350016
LARGE_REL_GAP|FADE|H15_10,2023-09-18/2023-09-24,-3842.7811895900004
LARGE_REL_GAP|FADE|H15_10,2023-09-25/2023-10-01,7131.058453409999
LARGE_REL_GAP|FADE|H15_10,2023-10-02/2023-10-08,-1903.5229046550003
LARGE_REL_GAP|FADE|H15_10,2023-10-09/2023-10-15,-3352.0997368300023
LARGE_REL_GAP|FADE|H15_10,2023-10-16/2023-10-22,5352.980757294998
LARGE_REL_GAP|FADE|H15_10,2023-10-23/2023-10-29,-3145.4803762000006
LARGE_REL_GAP|FADE|H15_10,2023-10-30/2023-11-05,-1102.855024840003
LARGE_REL_GAP|FADE|H15_10,2023-11-06/2023-11-12,353.29372048999915
LARGE_REL_GAP|FADE|H15_10,2023-11-13/2023-11-19,-3314.726008675002
LARGE_REL_GAP|FADE|H15_10,2023-11-20/2023-11-26,-167.4070457100006
LARGE_REL_GAP|FADE|H15_10,2023-11-27/2023-12-03,-5109.632259440001
LARGE_REL_GAP|FADE|H15_10,2023-12-04/2023-12-10,-5046.980977145002
LARGE_REL_GAP|FADE|H15_10,2023-12-11/2023-12-17,-3986.095276204999
LARGE_REL_GAP|FADE|H15_10,2023-12-18/2023-12-24,10887.477382185
LARGE_REL_GAP|FADE|H15_10,2023-12-25/2023-12-31,-6366.217943100002
LARGE_REL_GAP|FADE|H15_10,2024-01-01/2024-01-07,1483.113313899999
LARGE_REL_GAP|FADE|H15_10,2024-01-08/2024-01-14,7551.10506917
LARGE_REL_GAP|FADE|H15_10,2024-01-15/2024-01-21,-4157.730934050003
LARGE_REL_GAP|FADE|H15_10,2024-01-22/2024-01-28,13220.742323465001
LARGE_REL_GAP|FADE|H15_10,2024-01-29/2024-02-04,-1705.3528013250007
LARGE_REL_GAP|FADE|H15_10,2024-02-05/2024-02-11,6921.363490505
LARGE_REL_GAP|FADE|H15_10,2024-02-12/2024-02-18,2212.552978555001
LARGE_REL_GAP|FADE|H15_10,2024-02-19/2024-02-25,-3727.0048249000015
LARGE_REL_GAP|FADE|H15_10,2024-02-26/2024-03-03,143.59410991499885
LARGE_REL_GAP|FADE|H15_10,2024-03-04/2024-03-10,938.0667160349999
LARGE_REL_GAP|FADE|H15_10,2024-03-11/2024-03-17,10107.102101224997
LARGE_REL_GAP|FADE|H15_10,2024-03-18/2024-03-24,-2221.3822779300012
LARGE_REL_GAP|FADE|H15_10,2024-03-25/2024-03-31,-3034.365360255
LARGE_REL_GAP|FADE|H15_10,2024-04-01/2024-04-07,-1405.8745816550013
LARGE_REL_GAP|FADE|H15_10,2024-04-08/2024-04-14,-5221.603298935001
LARGE_REL_GAP|FADE|H15_10,2024-04-15/2024-04-21,7482.26822204
LARGE_REL_GAP|FADE|H15_10,2024-04-22/2024-04-28,6022.297943159999
LARGE_REL_GAP|FADE|H15_10,2024-04-29/2024-05-05,-468.2485107100006
LARGE_REL_GAP|FADE|H15_10,2024-05-06/2024-05-12,837.5130591399986
LARGE_REL_GAP|FADE|H15_10,2024-05-13/2024-05-19,-1924.776515397501
LARGE_REL_GAP|FADE|H15_10,2024-05-20/2024-05-26,-759.2860938625007
LARGE_REL_GAP|FADE|H15_10,2024-05-27/2024-06-02,-2244.319207165
LARGE_REL_GAP|FADE|H15_10,2024-06-03/2024-06-09,-7955.504356232496
LARGE_REL_GAP|FADE|H15_10,2024-06-10/2024-06-16,-1733.081633055002
LARGE_REL_GAP|FADE|H15_10,2024-06-17/2024-06-23,-1035.967255980001
LARGE_REL_GAP|FADE|H15_10,2024-06-24/2024-06-30,-3004.2298094850016
LARGE_REL_GAP|FADE|H15_10,2024-07-01/2024-07-07,-510.7536022100006
LARGE_REL_GAP|FADE|H15_10,2024-07-08/2024-07-14,-713.0810302175005
LARGE_REL_GAP|FADE|H15_10,2024-07-15/2024-07-21,3973.353413104999
LARGE_REL_GAP|FADE|H15_10,2024-07-22/2024-07-28,395.6004825524992
LARGE_REL_GAP|FADE|H15_10,2024-07-29/2024-08-04,-1402.7291160600003
LARGE_REL_GAP|FADE|H15_10,2024-08-05/2024-08-11,-1851.0342270674996
LARGE_REL_GAP|FADE|H15_10,2024-08-12/2024-08-18,-1079.643086067501
LARGE_REL_GAP|FADE|H15_10,2024-08-19/2024-08-25,-173.43953397500053
LARGE_REL_GAP|FADE|H15_10,2024-08-26/2024-09-01,-286.1852692500004
LARGE_REL_GAP|FADE|H15_10,2024-09-02/2024-09-08,-997.9238821000008
LARGE_REL_GAP|FADE|H15_10,2024-09-09/2024-09-15,-2712.0814820100013
LARGE_REL_GAP|FADE|H15_10,2024-09-16/2024-09-22,112.88526298999841
LARGE_REL_GAP|FADE|H15_10,2024-09-23/2024-09-29,-1733.4265611750004
LARGE_REL_GAP|FADE|H15_10,2024-09-30/2024-10-06,-4116.0294281175
LARGE_REL_GAP|FADE|H15_10,2024-10-07/2024-10-13,-147.4703292750005
LARGE_REL_GAP|FADE|H15_10,2024-10-14/2024-10-20,4030.336048689998
LARGE_REL_GAP|FADE|H15_10,2024-10-21/2024-10-27,3095.332205675
LARGE_REL_GAP|FADE|H15_10,2024-10-28/2024-11-03,-2744.9832063475005
LARGE_REL_GAP|FADE|H15_10,2024-11-04/2024-11-10,1472.7614812449992
LARGE_REL_GAP|FADE|H15_10,2024-11-11/2024-11-17,445.9635993150009
LARGE_REL_GAP|FADE|H15_10,2024-11-18/2024-11-24,-2151.2212067300025
LARGE_REL_GAP|FADE|H15_10,2024-11-25/2024-12-01,7961.3889410225
LARGE_REL_GAP|FADE|H15_10,2024-12-02/2024-12-08,-9453.378424167502
LARGE_REL_GAP|FADE|H15_10,2024-12-09/2024-12-15,-2372.00167573
LARGE_REL_GAP|FADE|H15_10,2024-12-16/2024-12-22,-4355.601737312499
LARGE_REL_GAP|FADE|H15_10,2024-12-23/2024-12-29,2849.747915664997
LARGE_REL_GAP|FADE|H15_10,2024-12-30/2025-01-05,-6357.553004667507
LARGE_REL_GAP|FADE|H15_10,2025-01-06/2025-01-12,375.1517641399988
LARGE_REL_GAP|FADE|H15_10,2025-01-13/2025-01-19,-6351.2924025550055
LARGE_REL_GAP|FADE|H15_10,2025-01-20/2025-01-26,4868.164689894999
LARGE_REL_GAP|FADE|H15_10,2025-01-27/2025-02-02,-12981.142100460007
LARGE_REL_GAP|FADE|H15_10,2025-02-03/2025-02-09,489.53725528999746
LARGE_REL_GAP|FADE|H15_10,2025-02-10/2025-02-16,-7787.160223467503
LARGE_REL_GAP|FADE|H15_10,2025-02-17/2025-02-23,375.2144980024964
LARGE_REL_GAP|FADE|H15_10,2025-02-24/2025-03-02,-7239.285389502502
LARGE_REL_GAP|FADE|H15_10,2025-03-03/2025-03-09,1150.2409692124947
LARGE_REL_GAP|FADE|H15_10,2025-03-10/2025-03-16,165.01436867499933
LARGE_REL_GAP|FADE|H15_10,2025-03-17/2025-03-23,-6753.628064785004
LARGE_REL_GAP|FADE|H15_10,2025-03-24/2025-03-30,-771.9223820000002
LARGE_REL_GAP|FADE|H15_10,2025-03-31/2025-04-06,-13086.878387870001
LARGE_REL_GAP|FADE|H15_10,2025-04-07/2025-04-13,-2359.9809777424994
LARGE_REL_GAP|FADE|H15_10,2025-04-14/2025-04-20,9012.059479065001
LARGE_REL_GAP|FADE|H15_10,2025-04-21/2025-04-27,-7379.424436495001
LARGE_REL_GAP|FADE|H15_10,2025-04-28/2025-05-04,-2462.436668552503
LARGE_REL_GAP|FADE|H15_10,2025-05-05/2025-05-11,-2096.3940894850048
LARGE_REL_GAP|FADE|H15_10,2025-05-12/2025-05-18,-10506.02129174
LARGE_REL_GAP|FADE|H15_10,2025-05-19/2025-05-25,-1163.094460112504
LARGE_REL_GAP|FADE|H15_10,2025-05-26/2025-06-01,-2908.5121595375053
LARGE_REL_GAP|FADE|H15_10,2025-06-02/2025-06-08,-8155.057428640002
LARGE_REL_GAP|FADE|H15_10,2025-06-09/2025-06-15,9687.267306252503
LARGE_REL_GAP|FADE|H15_10,2025-06-16/2025-06-22,-9195.056190755002
LARGE_REL_GAP|FADE|H15_10,2025-06-23/2025-06-29,-443.37913193000213
LARGE_REL_GAP|FADE|H15_10,2025-06-30/2025-07-06,2340.5711089474944
LARGE_REL_GAP|FADE|H15_10,2025-07-07/2025-07-13,-158.79005231500196
LARGE_REL_GAP|FADE|H15_10,2025-07-14/2025-07-20,742.0830933124989
LARGE_REL_GAP|FADE|H15_10,2025-07-21/2025-07-27,-694.7336686524995
LARGE_REL_GAP|FADE|H15_10,2025-07-28/2025-08-03,-1565.7199529800057
LARGE_REL_GAP|FADE|H15_10,2025-08-04/2025-08-10,-8424.859774892502
LARGE_REL_GAP|FADE|H15_10,2025-08-11/2025-08-17,-1446.2296971075011
LARGE_REL_GAP|FADE|H15_10,2025-08-18/2025-08-24,-8794.6813254325
LARGE_REL_GAP|FADE|H15_10,2025-08-25/2025-08-31,-6980.641469547502
LARGE_REL_GAP|FADE|H15_10,2025-09-01/2025-09-07,2425.283880192498
LARGE_REL_GAP|FADE|H15_10,2025-09-08/2025-09-14,-4239.933498925002
LARGE_REL_GAP|FADE|H15_10,2025-09-15/2025-09-21,-5423.0232369025025
LARGE_REL_GAP|FADE|H15_10,2025-09-22/2025-09-28,-8463.5946639725
LARGE_REL_GAP|FADE|H15_10,2025-09-29/2025-10-05,596.9618112674998
LARGE_REL_GAP|FADE|H15_10,2025-10-06/2025-10-12,-12186.982250255
LARGE_REL_GAP|FADE|H15_10,2025-10-13/2025-10-19,8371.4394637475
LARGE_REL_GAP|FADE|H15_10,2025-10-20/2025-10-26,5717.381755739998
LARGE_REL_GAP|FADE|H15_10,2025-10-27/2025-11-02,-5954.0778142450035
LARGE_REL_GAP|FADE|H15_10,2025-11-03/2025-11-09,3904.573861614995
LARGE_REL_GAP|FADE|H15_10,2025-11-10/2025-11-16,-5869.393916650001
LARGE_REL_GAP|FADE|H15_10,2025-11-17/2025-11-23,-8573.908615262502
LARGE_REL_GAP|FADE|H15_10,2025-11-24/2025-11-30,4996.924436725
LARGE_REL_GAP|FADE|H15_10,2025-12-01/2025-12-07,3534.956479344996
LARGE_REL_GAP|FADE|H15_10,2025-12-08/2025-12-14,-6608.203419385001
LARGE_REL_GAP|FADE|H15_10,2025-12-15/2025-12-21,-275.224187987503
LARGE_REL_GAP|FADE|H15_10,2025-12-22/2025-12-28,-6027.636387477502
LARGE_REL_GAP|FADE|H15_10,2025-12-29/2026-01-04,736.0510106789998
LARGE_REL_GAP|FADE|H15_10,2026-01-05/2026-01-11,-7803.8438642149995
LARGE_REL_GAP|FADE|H15_10,2026-01-12/2026-01-18,925.2816390005012
LARGE_REL_GAP|FADE|H15_10,2026-01-19/2026-01-25,1171.9838390819987
LARGE_REL_GAP|FADE|H15_10,2026-01-26/2026-02-01,-458.46677377400374
LARGE_REL_GAP|FADE|H15_10,2026-02-02/2026-02-08,562.4833990399948
LARGE_REL_GAP|FADE|H15_10,2026-02-09/2026-02-15,-6061.9041339310015
LARGE_REL_GAP|FADE|H15_10,2026-02-16/2026-02-22,17098.816035974494
LARGE_REL_GAP|FADE|H15_10,2026-02-23/2026-03-01,-3643.828760555005
LARGE_REL_GAP|FADE|H15_10,2026-03-02/2026-03-08,-7610.381167517098
LARGE_REL_GAP|FADE|H15_10,2026-03-09/2026-03-15,-4962.066038418887
LARGE_REL_GAP|FADE|H15_10,2026-03-16/2026-03-22,-3236.0489242635786
LARGE_REL_GAP|FADE|H15_10,2026-03-23/2026-03-29,-11423.94866390783
LARGE_REL_GAP|FADE|H15_10,2026-03-30/2026-04-05,-889.190069723215
LARGE_REL_GAP|FADE|H15_10,2026-04-06/2026-04-12,-968.5903255333822
LARGE_REL_GAP|FADE|H15_10,2026-04-13/2026-04-19,12174.764900885548
LARGE_REL_GAP|FADE|H15_10,2026-04-20/2026-04-26,-439.1788939723617
LARGE_REL_GAP|FADE|H15_10,2026-04-27/2026-05-03,-4417.396128074785
LARGE_REL_GAP|FADE|H15_10,2026-05-04/2026-05-10,-2719.6866944471603
LARGE_REL_GAP|FADE|H15_10,2026-05-11/2026-05-17,-6078.408036366433
LARGE_REL_GAP|FADE|H15_10,2026-05-18/2026-05-24,11921.791505402238
LARGE_REL_GAP|FADE|H15_10,2026-06-15/2026-06-21,723.9896250687552
LARGE_REL_GAP|FADE|H15_10,2026-06-22/2026-06-28,-995.164110108035
LARGE_REL_GAP|FADE|H15_10,2026-06-29/2026-07-05,-4978.77494313744
MEDIUM_REL_GAP|CONTINUE|H10_30,2021-08-02/2021-08-08,-483.1292661850006
MEDIUM_REL_GAP|CONTINUE|H10_30,2022-05-30/2022-06-05,-288.8698673149999
MEDIUM_REL_GAP|CONTINUE|H10_30,2022-10-03/2022-10-09,-905.9186656650008
MEDIUM_REL_GAP|CONTINUE|H10_30,2023-06-19/2023-06-25,-36.45728489500016
MEDIUM_REL_GAP|CONTINUE|H10_30,2023-08-21/2023-08-27,-54.01704088000017
MEDIUM_REL_GAP|CONTINUE|H10_30,2023-08-28/2023-09-03,199.5911350849993
MEDIUM_REL_GAP|CONTINUE|H10_30,2023-12-04/2023-12-10,-946.1768025700001
MEDIUM_REL_GAP|CONTINUE|H10_30,2024-05-20/2024-05-26,-949.1914814399997
MEDIUM_REL_GAP|CONTINUE|H10_30,2024-08-26/2024-09-01,-280.3623073800002
MEDIUM_REL_GAP|CONTINUE|H10_30,2024-10-21/2024-10-27,-485.7976968674999
MEDIUM_REL_GAP|CONTINUE|H10_30,2024-12-02/2024-12-08,-628.2670761125023
MEDIUM_REL_GAP|CONTINUE|H10_30,2025-03-24/2025-03-30,389.073068087498
MEDIUM_REL_GAP|CONTINUE|H10_30,2025-04-28/2025-05-04,-2360.129803630001
MEDIUM_REL_GAP|CONTINUE|H10_30,2025-11-24/2025-11-30,-1392.6112264025
MEDIUM_REL_GAP|CONTINUE|H10_30,2025-12-01/2025-12-07,-1204.52293598
MEDIUM_REL_GAP|CONTINUE|H10_30,2026-05-11/2026-05-17,419.89774574899457
MEDIUM_REL_GAP|CONTINUE|H15_10,2021-08-02/2021-08-08,-1872.6928122300005
MEDIUM_REL_GAP|CONTINUE|H15_10,2022-05-30/2022-06-05,-2151.85986173
MEDIUM_REL_GAP|CONTINUE|H15_10,2022-10-03/2022-10-09,-1950.7006610800001
MEDIUM_REL_GAP|CONTINUE|H15_10,2023-06-19/2023-06-25,319.0351569149998
MEDIUM_REL_GAP|CONTINUE|H15_10,2023-08-21/2023-08-27,-1041.76148094
MEDIUM_REL_GAP|CONTINUE|H15_10,2023-08-28/2023-09-03,1819.9315009749998
MEDIUM_REL_GAP|CONTINUE|H15_10,2023-12-04/2023-12-10,-1557.722094765
MEDIUM_REL_GAP|CONTINUE|H15_10,2024-05-20/2024-05-26,-1458.226066425
MEDIUM_REL_GAP|CONTINUE|H15_10,2024-08-26/2024-09-01,-564.6500951350004
MEDIUM_REL_GAP|CONTINUE|H15_10,2024-10-21/2024-10-27,-1388.027632925
MEDIUM_REL_GAP|CONTINUE|H15_10,2024-12-02/2024-12-08,-778.5508701800018
MEDIUM_REL_GAP|CONTINUE|H15_10,2025-03-24/2025-03-30,-1412.8664403650005
MEDIUM_REL_GAP|CONTINUE|H15_10,2025-04-28/2025-05-04,-6024.5274774925
MEDIUM_REL_GAP|CONTINUE|H15_10,2025-11-24/2025-11-30,-2671.6587828725
MEDIUM_REL_GAP|CONTINUE|H15_10,2025-12-01/2025-12-07,167.91194826249915
MEDIUM_REL_GAP|CONTINUE|H15_10,2026-05-11/2026-05-17,232.14519132065993
MEDIUM_REL_GAP|FADE|H10_30,2021-08-02/2021-08-08,-171.76845856000057
MEDIUM_REL_GAP|FADE|H10_30,2022-05-30/2022-06-05,-118.65486643500017
MEDIUM_REL_GAP|FADE|H10_30,2022-10-03/2022-10-09,365.1976419499986
MEDIUM_REL_GAP|FADE|H10_30,2023-06-19/2023-06-25,-976.3964368450002
MEDIUM_REL_GAP|FADE|H10_30,2023-08-21/2023-08-27,-422.1690773500003
MEDIUM_REL_GAP|FADE|H10_30,2023-08-28/2023-09-03,-565.6201284150005
MEDIUM_REL_GAP|FADE|H10_30,2023-12-04/2023-12-10,-1120.347635495
MEDIUM_REL_GAP|FADE|H10_30,2024-05-20/2024-05-26,1098.0089812025
MEDIUM_REL_GAP|FADE|H10_30,2024-08-26/2024-09-01,-158.58401285500028
MEDIUM_REL_GAP|FADE|H10_30,2024-10-21/2024-10-27,-838.53373793
MEDIUM_REL_GAP|FADE|H10_30,2024-12-02/2024-12-08,-271.24521843499997
MEDIUM_REL_GAP|FADE|H10_30,2025-03-24/2025-03-30,-1035.4270294850007
MEDIUM_REL_GAP|FADE|H10_30,2025-04-28/2025-05-04,1350.4182553849992
MEDIUM_REL_GAP|FADE|H10_30,2025-11-24/2025-11-30,1449.7142465199972
MEDIUM_REL_GAP|FADE|H10_30,2025-12-01/2025-12-07,534.1013350150008
MEDIUM_REL_GAP|FADE|H10_30,2026-05-11/2026-05-17,-864.7686395772275
MEDIUM_REL_GAP|FADE|H15_10,2021-08-02/2021-08-08,1243.1594237549998
MEDIUM_REL_GAP|FADE|H15_10,2022-05-30/2022-06-05,1435.7078151899993
MEDIUM_REL_GAP|FADE|H15_10,2022-10-03/2022-10-09,1382.6997961799989
MEDIUM_REL_GAP|FADE|H15_10,2023-06-19/2023-06-25,690.037544844999
MEDIUM_REL_GAP|FADE|H15_10,2023-08-21/2023-08-27,426.3915375799995
MEDIUM_REL_GAP|FADE|H15_10,2023-08-28/2023-09-03,-1558.4690398850005
MEDIUM_REL_GAP|FADE|H15_10,2023-12-04/2023-12-10,25.64073082000023
MEDIUM_REL_GAP|FADE|H15_10,2024-05-20/2024-05-26,3428.2875108774997
MEDIUM_REL_GAP|FADE|H15_10,2024-08-26/2024-09-01,114.73460559749984
MEDIUM_REL_GAP|FADE|H15_10,2024-10-21/2024-10-27,-1259.0507592175
MEDIUM_REL_GAP|FADE|H15_10,2024-12-02/2024-12-08,-470.8165749050005
MEDIUM_REL_GAP|FADE|H15_10,2025-03-24/2025-03-30,-394.20568978250094
MEDIUM_REL_GAP|FADE|H15_10,2025-04-28/2025-05-04,3917.180943665
MEDIUM_REL_GAP|FADE|H15_10,2025-11-24/2025-11-30,3341.847136142499
MEDIUM_REL_GAP|FADE|H15_10,2025-12-01/2025-12-07,-908.0466336500007
MEDIUM_REL_GAP|FADE|H15_10,2026-05-11/2026-05-17,-766.0612200644466
SMALL_REL_GAP|CONTINUE|H10_30,2021-07-12/2021-07-18,-442.67128592499995
SMALL_REL_GAP|CONTINUE|H10_30,2022-01-31/2022-02-06,-941.6486422399998
SMALL_REL_GAP|CONTINUE|H10_30,2023-01-16/2023-01-22,694.5973865949994
SMALL_REL_GAP|CONTINUE|H10_30,2023-02-13/2023-02-19,-1121.6947949199998
SMALL_REL_GAP|CONTINUE|H10_30,2023-03-06/2023-03-12,-803.111508115
SMALL_REL_GAP|CONTINUE|H10_30,2023-11-20/2023-11-26,82.1404862049993
SMALL_REL_GAP|CONTINUE|H10_30,2024-01-01/2024-01-07,-479.67471762500054
SMALL_REL_GAP|CONTINUE|H10_30,2024-01-29/2024-02-04,505.5579924649991
SMALL_REL_GAP|CONTINUE|H10_30,2024-11-11/2024-11-17,-649.650699165
SMALL_REL_GAP|CONTINUE|H10_30,2024-12-30/2025-01-05,911.9958883449987
SMALL_REL_GAP|CONTINUE|H10_30,2025-01-20/2025-01-26,-1058.6730190925007
SMALL_REL_GAP|CONTINUE|H10_30,2025-02-10/2025-02-16,-2527.895340605002
SMALL_REL_GAP|CONTINUE|H10_30,2025-05-12/2025-05-18,645.9940386774979
SMALL_REL_GAP|CONTINUE|H10_30,2025-05-26/2025-06-01,-1152.148981805001
SMALL_REL_GAP|CONTINUE|H10_30,2025-06-16/2025-06-22,-2674.480247772501
SMALL_REL_GAP|CONTINUE|H10_30,2025-06-23/2025-06-29,-137.20703532500065
SMALL_REL_GAP|CONTINUE|H10_30,2025-08-11/2025-08-17,-1012.3852081475
SMALL_REL_GAP|CONTINUE|H10_30,2025-12-29/2026-01-04,3634.0349559024994
SMALL_REL_GAP|CONTINUE|H10_30,2026-03-09/2026-03-15,389.4634252788068
SMALL_REL_GAP|CONTINUE|H15_10,2021-07-12/2021-07-18,-1782.80750703
SMALL_REL_GAP|CONTINUE|H15_10,2022-01-31/2022-02-06,-1797.800896905
SMALL_REL_GAP|CONTINUE|H15_10,2023-01-16/2023-01-22,-1011.1293399350003
SMALL_REL_GAP|CONTINUE|H15_10,2023-02-13/2023-02-19,-1014.198131885
SMALL_REL_GAP|CONTINUE|H15_10,2023-03-06/2023-03-12,-1212.447891115
SMALL_REL_GAP|CONTINUE|H15_10,2023-11-20/2023-11-26,-933.0418158200006
SMALL_REL_GAP|CONTINUE|H15_10,2024-01-01/2024-01-07,-1534.6749512000001
SMALL_REL_GAP|CONTINUE|H15_10,2024-01-29/2024-02-04,1812.20906806
SMALL_REL_GAP|CONTINUE|H15_10,2024-11-11/2024-11-17,-1406.9974369225001
SMALL_REL_GAP|CONTINUE|H15_10,2024-12-30/2025-01-05,-1440.1758297575004
SMALL_REL_GAP|CONTINUE|H15_10,2025-01-20/2025-01-26,-2899.5653276000007
SMALL_REL_GAP|CONTINUE|H15_10,2025-02-10/2025-02-16,558.4109826324988
SMALL_REL_GAP|CONTINUE|H15_10,2025-05-12/2025-05-18,266.53089672249746
SMALL_REL_GAP|CONTINUE|H15_10,2025-05-26/2025-06-01,-1072.2345909425028
SMALL_REL_GAP|CONTINUE|H15_10,2025-06-16/2025-06-22,-3542.106276372501
SMALL_REL_GAP|CONTINUE|H15_10,2025-06-23/2025-06-29,1074.5754322900007
SMALL_REL_GAP|CONTINUE|H15_10,2025-08-11/2025-08-17,-2614.4595596075
SMALL_REL_GAP|CONTINUE|H15_10,2025-12-29/2026-01-04,399.2873105424999
SMALL_REL_GAP|CONTINUE|H15_10,2026-03-09/2026-03-15,2594.748029283042
SMALL_REL_GAP|FADE|H10_30,2021-07-12/2021-07-18,63.91497105500028
SMALL_REL_GAP|FADE|H10_30,2022-01-31/2022-02-06,951.2199057649998
SMALL_REL_GAP|FADE|H10_30,2023-01-16/2023-01-22,-1140.0849666899999
SMALL_REL_GAP|FADE|H10_30,2023-02-13/2023-02-19,1055.1531356599999
SMALL_REL_GAP|FADE|H10_30,2023-03-06/2023-03-12,861.8863435449997
SMALL_REL_GAP|FADE|H10_30,2023-11-20/2023-11-26,-485.8727212350003
SMALL_REL_GAP|FADE|H10_30,2024-01-01/2024-01-07,45.97828277499886
SMALL_REL_GAP|FADE|H10_30,2024-01-29/2024-02-04,-1172.9612674300015
SMALL_REL_GAP|FADE|H10_30,2024-11-11/2024-11-17,-669.1968142425002
SMALL_REL_GAP|FADE|H10_30,2024-12-30/2025-01-05,-1430.8808189675005
SMALL_REL_GAP|FADE|H10_30,2025-01-20/2025-01-26,446.7373972449966
SMALL_REL_GAP|FADE|H10_30,2025-02-10/2025-02-16,1999.5869201649991
SMALL_REL_GAP|FADE|H10_30,2025-05-12/2025-05-18,-1344.810579507504
SMALL_REL_GAP|FADE|H10_30,2025-05-26/2025-06-01,668.3317476924973
SMALL_REL_GAP|FADE|H10_30,2025-06-16/2025-06-22,2953.9136156125
SMALL_REL_GAP|FADE|H10_30,2025-06-23/2025-06-29,-731.2332614375009
SMALL_REL_GAP|FADE|H10_30,2025-08-11/2025-08-17,172.26315501249988
SMALL_REL_GAP|FADE|H10_30,2025-12-29/2026-01-04,-2639.842818995
SMALL_REL_GAP|FADE|H10_30,2026-03-09/2026-03-15,-803.6293238544811
SMALL_REL_GAP|FADE|H15_10,2021-07-12/2021-07-18,1863.82344449
SMALL_REL_GAP|FADE|H15_10,2022-01-31/2022-02-06,5919.642718445
SMALL_REL_GAP|FADE|H15_10,2023-01-16/2023-01-22,269.2643818749995
SMALL_REL_GAP|FADE|H15_10,2023-02-13/2023-02-19,607.0863758899993
SMALL_REL_GAP|FADE|H15_10,2023-03-06/2023-03-12,4724.07830175
SMALL_REL_GAP|FADE|H15_10,2023-11-20/2023-11-26,499.68200137999906
SMALL_REL_GAP|FADE|H15_10,2024-01-01/2024-01-07,1043.5505567149992
SMALL_REL_GAP|FADE|H15_10,2024-01-29/2024-02-04,-2215.232856170002
SMALL_REL_GAP|FADE|H15_10,2024-11-11/2024-11-17,212.37554873249942
SMALL_REL_GAP|FADE|H15_10,2024-12-30/2025-01-05,1041.9099324324998
SMALL_REL_GAP|FADE|H15_10,2025-01-20/2025-01-26,1953.0610807374965
SMALL_REL_GAP|FADE|H15_10,2025-02-10/2025-02-16,-1620.161236745
SMALL_REL_GAP|FADE|H15_10,2025-05-12/2025-05-18,-1019.0639002550032
SMALL_REL_GAP|FADE|H15_10,2025-05-26/2025-06-01,554.7489575649965
SMALL_REL_GAP|FADE|H15_10,2025-06-16/2025-06-22,4148.681621777499
SMALL_REL_GAP|FADE|H15_10,2025-06-23/2025-06-29,-2101.939212440001
SMALL_REL_GAP|FADE|H15_10,2025-08-11/2025-08-17,-3073.823149415
SMALL_REL_GAP|FADE|H15_10,2025-12-29/2026-01-04,-3418.586109365
SMALL_REL_GAP|FADE|H15_10,2026-03-09/2026-03-15,-2870.5586859326468
