variant_id,trades,total_net,mean_trade,win_rate,mean_active_day_net,median_active_day_net,profit_factor,max_drawdown,active_days,mean_weekly_net,median_weekly_net,positive_week_rate,completed_weeks,execution_coverage,target_qualified
10:00:00|p30|DIAGONAL_PREMIUM|adj11:00:00|stop1.5,31,22749.063977646183,733.8407734724575,0.5161290322580645,733.8407734724575,54.576564689999486,1.372125796678455,-24333.452599868993,31,733.8407734724575,54.576564689999486,0.5161290322580645,31,0.96875,False
09:30:00|p25|DIAGONAL_PREMIUM|adj11:00:00|stop1,31,3522.457684401247,113.62766723874991,0.5483870967741935,113.62766723874991,201.13035351099757,1.066891249469606,-19038.413967846504,31,113.62766723874991,201.13035351099757,0.5483870967741935,31,0.96875,False
10:00:00|p25|DIAGONAL_PREMIUM|adj11:00:00|stop1.5,31,1829.7997316757555,59.02579779599211,0.4838709677419355,59.02579779599211,-218.90553835296646,1.0321014586169082,-23396.552759060494,31,59.02579779599211,-218.90553835296646,0.4838709677419355,31,0.96875,False
14:00:00|p30|DIAGONAL_PREMIUM|adj11:00:00|stop1.5,32,-6786.70497172276,-212.08453036633625,0.5,-212.08453036633625,48.000914524500445,0.8978506899590408,-32328.734992093498,32,-212.08453036633625,48.000914524500445,0.5,32,1.0,False
13:00:00|p30|DIAGONAL_PREMIUM|adj11:00:00|stop1.5,31,-6899.670747440684,-222.5700241109898,0.5161290322580645,-222.5700241109898,140.75292052499958,0.9027881846293924,-22729.431981217513,31,-222.5700241109898,140.75292052499958,0.5161290322580645,31,0.96875,False
10:00:00|p30|DIAGONAL_PREMIUM|adj09:30:00|stop1.5,31,-7645.84335656811,-246.64010827639063,0.45161290322580644,-246.64010827639063,-426.77416425750084,0.8908050034491587,-27158.40225702499,31,-246.64010827639063,-426.77416425750084,0.45161290322580644,31,0.96875,False
14:00:00|p20|DIAGONAL_PREMIUM|adj11:00:00|stop1.5,32,-8666.439772817675,-270.82624290055236,0.5,-270.82624290055236,-123.45270016862457,0.8441646878310276,-35175.07437486,32,-270.82624290055236,-123.45270016862457,0.5,32,1.0,False
09:30:00|p25|DIAGONAL_PREMIUM|adj11:00:00|stop1.5,31,-8856.662961455831,-285.6988052082526,0.5483870967741935,-285.6988052082526,201.13035351099757,0.8638244925624113,-22335.235007041505,31,-285.6988052082526,201.13035351099757,0.5483870967741935,31,0.96875,False
10:00:00|p30|DIAGONAL_PREMIUM|adj10:00:00|stop1.5,31,-9965.592966637489,-321.4707408592738,0.41935483870967744,-321.4707408592738,-379.5375296828395,0.8702501958646647,-37127.83203833499,31,-321.4707408592738,-379.5375296828395,0.41935483870967744,31,0.96875,False
11:00:00|p20|DIAGONAL_PREMIUM|adj11:00:00|stop1.5,31,-10006.122232144657,-322.7781365207954,0.4838709677419355,-322.7781365207954,-136.89988684499986,0.8134792763291349,-22493.315835915004,31,-322.7781365207954,-136.89988684499986,0.4838709677419355,31,0.96875,False
09:30:00|p30|DIAGONAL_PREMIUM|adj11:00:00|stop1,31,-11334.432277705368,-365.62684766791506,0.4838709677419355,-365.62684766791506,-353.2068058350037,0.8504395126514365,-35130.650197931005,31,-365.62684766791506,-353.2068058350037,0.4838709677419355,31,0.96875,False
11:00:00|p30|DIAGONAL_PREMIUM|adj11:00:00|stop1.5,31,-12348.38072006663,-398.33486193763326,0.4838709677419355,-398.33486193763326,-322.6483054835014,0.8386976064794222,-24742.1599172625,31,-398.33486193763326,-322.6483054835014,0.4838709677419355,31,0.96875,False
09:30:00|p25|DIAGONAL_PREMIUM|adj09:30:00|stop1,31,-16492.770606341368,-532.0248582690764,0.3548387096774194,-532.0248582690764,-708.4260647024989,0.7377450435974928,-20985.3536323915,31,-532.0248582690764,-708.4260647024989,0.3548387096774194,31,0.96875,False
09:30:00|p30|DIAGONAL_PREMIUM|adj11:00:00|stop1.5,31,-17035.835705348487,-549.543087269306,0.5161290322580645,-549.543087269306,267.58500323249814,0.7956439343674436,-29460.092725996,31,-549.543087269306,267.58500323249814,0.5161290322580645,31,0.96875,False
09:30:00|p25|DIAGONAL_PREMIUM|adj10:00:00|stop1,31,-18239.778086097172,-588.3799382611991,0.41935483870967744,-588.3799382611991,-505.45856861999823,0.7253967664132989,-29279.055695116498,31,-588.3799382611991,-505.45856861999823,0.41935483870967744,31,0.96875,False
11:00:00|p25|DIAGONAL_PREMIUM|adj11:00:00|stop1.5,31,-19717.75351746271,-636.0565650794422,0.45161290322580644,-636.0565650794422,-510.2127357185002,0.7089867887715462,-29203.563556256497,31,-636.0565650794422,-510.2127357185002,0.45161290322580644,31,0.96875,False
13:00:00|p20|DIAGONAL_PREMIUM|adj11:00:00|stop1.5,31,-20627.265542956924,-665.3956626760298,0.45161290322580644,-665.3956626760298,-521.6182566829993,0.6750715412493296,-29196.261473720195,31,-665.3956626760298,-521.6182566829993,0.45161290322580644,31,0.96875,False
14:00:00|p25|DIAGONAL_PREMIUM|adj11:00:00|stop1.5,32,-22478.01411416551,-702.4379410676722,0.5,-702.4379410676722,-767.5210310547498,0.6742008396539935,-32336.810022249003,32,-702.4379410676722,-767.5210310547498,0.5,32,1.0,False
14:00:00|p25|DIAGONAL_PREMIUM|adj11:00:00|stop1,32,-22484.48974022646,-702.6403043820769,0.5,-702.6403043820769,-767.5210310547498,0.6741375660878854,-31916.736755729005,32,-702.6403043820769,-767.5210310547498,0.5,32,1.0,False
13:00:00|p25|DIAGONAL_PREMIUM|adj11:00:00|stop1.5,31,-22588.109284643637,-728.6486866014077,0.45161290322580644,-728.6486866014077,-330.2177936474991,0.6869307503928642,-28402.84986158601,31,-728.6486866014077,-330.2177936474991,0.45161290322580644,31,0.96875,False
13:00:00|p30|DIAGONAL_PREMIUM|adj11:00:00|stop1,31,-24012.263934735638,-774.5891591850205,0.4838709677419355,-774.5891591850205,-305.2248804450137,0.6976758765788436,-22729.431981217513,31,-774.5891591850205,-305.2248804450137,0.4838709677419355,31,0.96875,False
10:00:00|p25|DIAGONAL_PREMIUM|adj10:00:00|stop1.5,31,-24613.29906839063,-793.9773893029235,0.3870967741935484,-793.9773893029235,-700.1621496547957,0.6776730551052742,-33652.799157470516,31,-793.9773893029235,-700.1621496547957,0.3870967741935484,31,0.96875,False
10:00:00|p25|DIAGONAL_PREMIUM|adj09:30:00|stop1.5,31,-24642.091468193044,-794.906176393324,0.41935483870967744,-794.906176393324,-938.4194665893792,0.6668999323434097,-26759.736318210515,31,-794.906176393324,-938.4194665893792,0.41935483870967744,31,0.96875,False
11:00:00|p20|DIAGONAL_PREMIUM|adj10:00:00|stop1.5,31,-25324.753689018486,-816.927538355435,0.41935483870967744,-816.927538355435,-870.0564866550015,0.6025007709845185,-25490.261654827504,31,-816.927538355435,-870.0564866550015,0.41935483870967744,31,0.96875,False
13:00:00|p30|DIAGONAL_PREMIUM|adj09:30:00|stop1,31,-26594.05517289491,-857.872747512739,0.41935483870967744,-857.872747512739,-1473.6157193785,0.6621362461035254,-27242.07602245866,31,-857.872747512739,-1473.6157193785,0.41935483870967744,31,0.96875,False
14:00:00|p30|DIAGONAL_PREMIUM|adj11:00:00|stop1,32,-28824.62198286426,-900.7694369645081,0.46875,-900.7694369645081,-179.94347966549935,0.6386042573178015,-32491.250694235998,32,-900.7694369645081,-179.94347966549935,0.46875,32,1.0,False
14:00:00|p20|DIAGONAL_PREMIUM|adj10:00:00|stop1.5,32,-29567.798389735308,-923.9936996792284,0.34375,-923.9936996792284,-1533.285381356251,0.5613324753348592,-43751.08376798249,32,-923.9936996792284,-1533.285381356251,0.34375,32,1.0,False
11:00:00|p20|DIAGONAL_PREMIUM|adj09:30:00|stop1.5,31,-28698.781540825155,-925.7671464782309,0.25806451612903225,-925.7671464782309,-883.8828881650013,0.5493407469931884,-22320.765206223,31,-925.7671464782309,-883.8828881650013,0.25806451612903225,31,0.96875,False
09:30:00|p25|DIAGONAL_PREMIUM|adj09:30:00|stop1.5,31,-28853.765329515947,-930.7666235327725,0.3548387096774194,-930.7666235327725,-708.4260647024989,0.6165577076459509,-24264.048748903995,31,-930.7666235327725,-708.4260647024989,0.3548387096774194,31,0.96875,False
13:00:00|p30|DIAGONAL_PREMIUM|adj09:30:00|stop1.5,31,-28867.055927750705,-931.1953525080872,0.41935483870967744,-931.1953525080872,-1473.6157193785,0.6435521948974061,-29515.07677731445,31,-931.1953525080872,-1473.6157193785,0.41935483870967744,31,0.96875,False
10:00:00|p20|DIAGONAL_PREMIUM|adj11:00:00|stop1.5,31,-29976.690834312307,-966.9900269133002,0.45161290322580644,-966.9900269133002,-452.70200663099945,0.4797010414619653,-25892.427631977764,31,-966.9900269133002,-452.70200663099945,0.45161290322580644,31,0.96875,False
09:30:00|p25|DIAGONAL_PREMIUM|adj10:00:00|stop1.5,31,-30481.978315659253,-983.2896230857824,0.41935483870967744,-983.2896230857824,-505.45856861999823,0.6125065484887334,-32438.9563180165,31,-983.2896230857824,-505.45856861999823,0.41935483870967744,31,0.96875,False
14:00:00|p20|DIAGONAL_PREMIUM|adj09:30:00|stop1.5,32,-32202.748992319383,-1006.3359060099807,0.25,-1006.3359060099807,-1331.225299727702,0.5381908459769429,-40647.2487735112,32,-1006.3359060099807,-1331.225299727702,0.25,32,1.0,False
14:00:00|p20|DIAGONAL_PREMIUM|adj11:00:00|stop1,32,-32373.196410757922,-1011.6623878361851,0.4375,-1011.6623878361851,-1313.179273068251,0.5522825295524237,-35673.268168625,32,-1011.6623878361851,-1313.179273068251,0.4375,32,1.0,False
09:30:00|p30|DIAGONAL_PREMIUM|adj10:00:00|stop1,31,-31804.86024331073,-1025.963233655185,0.41935483870967744,-1025.963233655185,-816.4129627526302,0.6458258355027284,-43379.03202915651,31,-1025.963233655185,-816.4129627526302,0.41935483870967744,31,0.96875,False
13:00:00|p30|DIAGONAL_PREMIUM|adj10:00:00|stop1.5,31,-32075.964708218853,-1034.7085389748017,0.41935483870967744,-1034.7085389748017,-1485.2213132400007,0.6152756330797339,-29076.838148609997,31,-1034.7085389748017,-1485.2213132400007,0.41935483870967744,31,0.96875,False
11:00:00|p30|DIAGONAL_PREMIUM|adj11:00:00|stop1,31,-32450.51802504665,-1046.790904033763,0.45161290322580644,-1046.790904033763,-488.1104431950055,0.6218864028886488,-24742.1599172625,31,-1046.790904033763,-488.1104431950055,0.45161290322580644,31,0.96875,False
09:30:00|p30|DIAGONAL_PREMIUM|adj09:30:00|stop1,31,-32605.231974289323,-1051.7816765899781,0.3870967741935484,-1051.7816765899781,-1214.3234627550014,0.6315931549556827,-37366.697412099005,31,-1051.7816765899781,-1214.3234627550014,0.3870967741935484,31,0.96875,False
14:00:00|p25|DIAGONAL_PREMIUM|adj09:30:00|stop1.5,32,-34594.60369552673,-1081.0813654852102,0.375,-1081.0813654852102,-1846.6763710874984,0.5201895220596637,-37083.56128082849,32,-1081.0813654852102,-1846.6763710874984,0.375,32,1.0,False
13:00:00|p20|DIAGONAL_PREMIUM|adj11:00:00|stop1,31,-33514.427768156995,-1081.1105731663547,0.41935483870967744,-1081.1105731663547,-976.7703497324998,0.5341039767783465,-30478.794773007685,31,-1081.1105731663547,-976.7703497324998,0.41935483870967744,31,0.96875,False
14:00:00|p25|DIAGONAL_PREMIUM|adj09:30:00|stop1,32,-34905.58267294214,-1090.7994585294418,0.375,-1090.7994585294418,-1846.6763710874984,0.5179555133636948,-34660.842879958494,32,-1090.7994585294418,-1846.6763710874984,0.375,32,1.0,False
09:30:00|p20|DIAGONAL_PREMIUM|adj11:00:00|stop1,31,-33933.417942966415,-1094.6263852569812,0.4838709677419355,-1094.6263852569812,-196.76521695750148,0.4286577096820091,-25548.373761079594,31,-1094.6263852569812,-196.76521695750148,0.4838709677419355,31,0.96875,False
14:00:00|p30|DIAGONAL_PREMIUM|adj10:00:00|stop1.5,32,-35259.46079635618,-1101.8581498861306,0.4375,-1101.8581498861306,-1431.4585384424997,0.5763484884832778,-42619.78902199349,32,-1101.8581498861306,-1431.4585384424997,0.4375,32,1.0,False
14:00:00|p30|DIAGONAL_PREMIUM|adj09:30:00|stop1.5,32,-36216.16962324408,-1131.7553007263775,0.3125,-1131.7553007263775,-1908.3782325189995,0.5694068315223834,-36833.869809678996,32,-1131.7553007263775,-1908.3782325189995,0.3125,32,1.0,False
11:00:00|p30|DIAGONAL_PREMIUM|adj10:00:00|stop1.5,31,-35106.857254919705,-1132.4792662877323,0.41935483870967744,-1132.4792662877323,-1093.0570768049997,0.6136718693537688,-30107.043730837504,31,-1132.4792662877323,-1093.0570768049997,0.41935483870967744,31,0.96875,False
14:00:00|p30|DIAGONAL_PREMIUM|adj09:30:00|stop1,32,-36281.97742447826,-1133.8117945149456,0.3125,-1133.8117945149456,-1908.3782325189995,0.5689616624300465,-34588.7007589315,32,-1133.8117945149456,-1908.3782325189995,0.3125,32,1.0,False
10:00:00|p25|DIAGONAL_PREMIUM|adj11:00:00|stop1,31,-36151.62922675812,-1166.1815879599394,0.45161290322580644,-1166.1815879599394,-444.13621332750154,0.5036653528217675,-35254.51260933053,31,-1166.1815879599394,-444.13621332750154,0.45161290322580644,31,0.96875,False
11:00:00|p30|DIAGONAL_PREMIUM|adj09:30:00|stop1,31,-36161.88699415095,-1166.5124836822886,0.3548387096774194,-1166.5124836822886,-1278.3256336105223,0.5898139663868186,-27600.21567321124,31,-1166.5124836822886,-1278.3256336105223,0.3548387096774194,31,0.96875,False
13:00:00|p25|DIAGONAL_PREMIUM|adj11:00:00|stop1,31,-36747.86453075823,-1185.4149848631687,0.41935483870967744,-1185.4149848631687,-659.3674751860001,0.5489728864840117,-28402.84986158601,31,-1185.4149848631687,-659.3674751860001,0.41935483870967744,31,0.96875,False
14:00:00|p20|DIAGONAL_PREMIUM|adj09:30:00|stop1,32,-38405.64154036781,-1200.176298136494,0.25,-1200.176298136494,-1655.8220660182496,0.49422749843033636,-38669.34234562621,32,-1200.176298136494,-1655.8220660182496,0.25,32,1.0,False
13:00:00|p20|DIAGONAL_PREMIUM|adj10:00:00|stop1.5,31,-37678.12858345805,-1215.4235026921951,0.41935483870967744,-1215.4235026921951,-1564.9674003525001,0.4821658672551966,-33698.9756168202,31,-1215.4235026921951,-1564.9674003525001,0.41935483870967744,31,0.96875,False
11:00:00|p30|DIAGONAL_PREMIUM|adj09:30:00|stop1.5,31,-37825.59297839813,-1220.180418658004,0.3548387096774194,-1220.180418658004,-1278.3256336105223,0.5788894554943474,-29263.921657458413,31,-1220.180418658004,-1278.3256336105223,0.3548387096774194,31,0.96875,False
11:00:00|p25|DIAGONAL_PREMIUM|adj10:00:00|stop1.5,31,-37944.69813124439,-1224.0225203627222,0.41935483870967744,-1224.0225203627222,-922.2621177149988,0.5126294789850231,-30940.58537841401,31,-1224.0225203627222,-922.2621177149988,0.41935483870967744,31,0.96875,False
11:00:00|p20|DIAGONAL_PREMIUM|adj11:00:00|stop1,31,-38074.842784444045,-1228.220734982066,0.45161290322580644,-1228.220734982066,-231.98677677899923,0.37054520900648563,-26378.073288896456,31,-1228.220734982066,-231.98677677899923,0.45161290322580644,31,0.96875,False
13:00:00|p20|DIAGONAL_PREMIUM|adj09:30:00|stop1.5,31,-38162.65268089945,-1231.053312287079,0.2903225806451613,-1231.053312287079,-1358.625715215,0.4766081226098407,-29257.6836651332,31,-1231.053312287079,-1358.625715215,0.2903225806451613,31,0.96875,False
13:00:00|p20|DIAGONAL_PREMIUM|adj09:30:00|stop1,31,-38303.655744123214,-1235.601798197523,0.2903225806451613,-1235.601798197523,-1358.625715215,0.47568822524948245,-29257.6836651332,31,-1235.601798197523,-1358.625715215,0.2903225806451613,31,0.96875,False
10:00:00|p20|DIAGONAL_PREMIUM|adj11:00:00|stop0.5,31,-38430.05204460608,-1239.6790982130992,0.41935483870967744,-1239.6790982130992,-613.0485519247404,0.4073081794487926,-34661.112561379894,31,-1239.6790982130992,-613.0485519247404,0.41935483870967744,31,0.96875,False
10:00:00|p30|DIAGONAL_PREMIUM|adj11:00:00|stop1,31,-38746.70463609663,-1249.8936979386008,0.45161290322580644,-1249.8936979386008,-863.7681794624996,0.5228568348016048,-40475.39193283365,31,-1249.8936979386008,-863.7681794624996,0.45161290322580644,31,0.96875,False
09:30:00|p20|DIAGONAL_PREMIUM|adj11:00:00|stop1.5,31,-39658.253499231316,-1279.2984999752036,0.4838709677419355,-1279.2984999752036,-196.76521695750148,0.3909719414910243,-33962.33509840212,31,-1279.2984999752036,-196.76521695750148,0.4838709677419355,31,0.96875,False
14:00:00|p25|DIAGONAL_PREMIUM|adj10:00:00|stop1,32,-41356.18721077656,-1292.3808503367675,0.375,-1292.3808503367675,-1521.6205526812507,0.4851592879503678,-39725.9566769995,32,-1292.3808503367675,-1521.6205526812507,0.375,32,1.0,False
11:00:00|p30|DIAGONAL_PREMIUM|adj11:00:00|stop0.5,31,-40165.597151950125,-1295.6644242564557,0.3870967741935484,-1295.6644242564557,-1383.409415490001,0.43174157682962694,-37030.074560311965,31,-1295.6644242564557,-1383.409415490001,0.3870967741935484,31,0.96875,False
09:30:00|p30|DIAGONAL_PREMIUM|adj09:30:00|stop1.5,31,-40751.42366490495,-1314.5620537066113,0.41935483870967744,-1314.5620537066113,-800.7706489799987,0.5799948348014795,-32527.774192544013,31,-1314.5620537066113,-800.7706489799987,0.41935483870967744,31,0.96875,False
11:00:00|p25|DIAGONAL_PREMIUM|adj09:30:00|stop1.5,31,-41253.69574635951,-1330.7643789148228,0.2903225806451613,-1330.7643789148228,-1491.6872630310017,0.4762768336711565,-27489.20871693301,31,-1330.7643789148228,-1491.6872630310017,0.2903225806451613,31,0.96875,False
13:00:00|p25|DIAGONAL_PREMIUM|adj09:30:00|stop1,31,-41506.022050389154,-1338.9039371093274,0.3225806451612903,-1338.9039371093274,-1391.7951483749987,0.488084350324518,-27053.434025439004,31,-1338.9039371093274,-1391.7951483749987,0.3225806451612903,31,0.96875,False
13:00:00|p25|DIAGONAL_PREMIUM|adj09:30:00|stop1.5,31,-42235.20140164021,-1362.4258516658133,0.3225806451612903,-1362.4258516658133,-1391.7951483749987,0.48373395990879137,-27053.434025439004,31,-1362.4258516658133,-1391.7951483749987,0.3225806451612903,31,0.96875,False
13:00:00|p25|DIAGONAL_PREMIUM|adj10:00:00|stop1.5,31,-42257.68839825722,-1363.1512386534587,0.3870967741935484,-1363.1512386534587,-1654.4118385499996,0.4791414444099838,-32910.602820656495,31,-1363.1512386534587,-1654.4118385499996,0.3870967741935484,31,0.96875,False
13:00:00|p20|DIAGONAL_PREMIUM|adj10:00:00|stop1,31,-42326.57185319087,-1365.3732855868022,0.3870967741935484,-1365.3732855868022,-1627.1094667529994,0.44139176561781873,-30481.973453305196,31,-1365.3732855868022,-1627.1094667529994,0.3870967741935484,31,0.96875,False
13:00:00|p30|DIAGONAL_PREMIUM|adj10:00:00|stop1,31,-42706.58793845815,-1377.631868982521,0.3870967741935484,-1377.631868982521,-1674.70788423,0.520762056810697,-29106.818889605085,31,-1377.631868982521,-1674.70788423,0.3870967741935484,31,0.96875,False
10:00:00|p25|DIAGONAL_PREMIUM|adj11:00:00|stop0.5,31,-43100.58934460483,-1390.3415917614461,0.3870967741935484,-1390.3415917614461,-1178.0855700825023,0.363130058799621,-35927.988143116294,31,-1390.3415917614461,-1178.0855700825023,0.3870967741935484,31,0.96875,False
10:00:00|p20|DIAGONAL_PREMIUM|adj11:00:00|stop1,31,-43200.40540922981,-1393.5614648138649,0.41935483870967744,-1393.5614648138649,-613.0485519247404,0.3793955503403631,-42126.32007353121,31,-1393.5614648138649,-613.0485519247404,0.41935483870967744,31,0.96875,False
09:30:00|p30|DIAGONAL_PREMIUM|adj10:00:00|stop1.5,31,-43262.97608172885,-1395.5798736041563,0.41935483870967744,-1395.5798736041563,-816.4129627526302,0.5727458360323977,-42768.895825144005,31,-1395.5798736041563,-816.4129627526302,0.41935483870967744,31,0.96875,False
14:00:00|p25|DIAGONAL_PREMIUM|adj10:00:00|stop1.5,32,-44869.68268626418,-1402.1775839457557,0.375,-1402.1775839457557,-1521.6205526812507,0.464828036872899,-42511.731358202,32,-1402.1775839457557,-1521.6205526812507,0.375,32,1.0,False
11:00:00|p20|DIAGONAL_PREMIUM|adj11:00:00|stop0.5,31,-43824.11749775809,-1413.6812096050996,0.3548387096774194,-1413.6812096050996,-1474.0688998650019,0.24477220428788565,-40104.547622723105,31,-1413.6812096050996,-1474.0688998650019,0.3548387096774194,31,0.96875,False
09:30:00|p20|DIAGONAL_PREMIUM|adj11:00:00|stop0.5,31,-45899.37961974535,-1480.6251490240436,0.3870967741935484,-1480.6251490240436,-691.3379086349992,0.2520320494505186,-34797.78739469871,31,-1480.6251490240436,-691.3379086349992,0.3870967741935484,31,0.96875,False
14:00:00|p20|DIAGONAL_PREMIUM|adj10:00:00|stop1,32,-47493.21403412748,-1484.1629385664837,0.28125,-1484.1629385664837,-2030.6462486350572,0.41471525944015286,-42223.3773803975,32,-1484.1629385664837,-2030.6462486350572,0.28125,32,1.0,False
10:00:00|p20|DIAGONAL_PREMIUM|adj09:30:00|stop0.5,31,-46690.444516293224,-1506.1433714933298,0.3225806451612903,-1506.1433714933298,-1396.7409373575001,0.29430341623352446,-33382.243607690725,31,-1506.1433714933298,-1396.7409373575001,0.3225806451612903,31,0.96875,False
09:30:00|p25|DIAGONAL_PREMIUM|adj11:00:00|stop0.5,31,-47086.94241491094,-1518.9336262874497,0.41935483870967744,-1518.9336262874497,-1105.7252890199982,0.3231289516833079,-40160.60715848375,31,-1518.9336262874497,-1105.7252890199982,0.41935483870967744,31,0.96875,False
14:00:00|p30|DIAGONAL_PREMIUM|adj10:00:00|stop1,32,-49860.29267486701,-1558.134146089594,0.40625,-1558.134146089594,-1774.1249252817272,0.4631879675981021,-40531.304522636,32,-1558.134146089594,-1774.1249252817272,0.40625,32,1.0,False
09:30:00|p30|DIAGONAL_PREMIUM|adj09:30:00|stop0.5,31,-48461.46249097917,-1563.2729835799732,0.3548387096774194,-1563.2729835799732,-1350.1013761599995,0.4114854683197639,-36500.40943560667,31,-1563.2729835799732,-1350.1013761599995,0.3548387096774194,31,0.96875,False
09:30:00|p20|DIAGONAL_PREMIUM|adj09:30:00|stop1,31,-48564.23199244877,-1566.58812878867,0.3225806451612903,-1566.58812878867,-497.8840096878396,0.27874899401470377,-35277.04464191126,31,-1566.58812878867,-497.8840096878396,0.3225806451612903,31,0.96875,False
09:30:00|p25|DIAGONAL_PREMIUM|adj09:30:00|stop0.5,31,-48794.47433472595,-1574.015301120192,0.2903225806451613,-1574.015301120192,-1105.7252890199982,0.3205761119833209,-38707.141407593466,31,-1574.015301120192,-1105.7252890199982,0.2903225806451613,31,0.96875,False
13:00:00|p30|DIAGONAL_PREMIUM|adj11:00:00|stop0.5,31,-49330.05242366159,-1591.292013666503,0.41935483870967744,-1591.292013666503,-1178.4082539375,0.3825858910324493,-35639.766711841585,31,-1591.292013666503,-1178.4082539375,0.41935483870967744,31,0.96875,False
13:00:00|p25|DIAGONAL_PREMIUM|adj10:00:00|stop1,31,-49833.68664317403,-1607.5382788120653,0.3548387096774194,-1607.5382788120653,-1700.8659779849993,0.42747991477000047,-31913.235533081537,31,-1607.5382788120653,-1700.8659779849993,0.3548387096774194,31,0.96875,False
11:00:00|p30|DIAGONAL_PREMIUM|adj10:00:00|stop1,31,-50120.453545968994,-1616.788824063516,0.3870967741935484,-1616.788824063516,-1509.4256339410003,0.49233121601058755,-32709.273388918817,31,-1616.788824063516,-1509.4256339410003,0.3870967741935484,31,0.96875,False
10:00:00|p20|DIAGONAL_PREMIUM|adj10:00:00|stop1.5,31,-50640.94965630979,-1633.5790211712836,0.3548387096774194,-1633.5790211712836,-1307.8393431442023,0.2997334867806366,-38007.83883276283,31,-1633.5790211712836,-1307.8393431442023,0.3548387096774194,31,0.96875,False
09:30:00|p20|DIAGONAL_PREMIUM|adj10:00:00|stop1,31,-50697.66462427176,-1635.408536266831,0.41935483870967744,-1635.408536266831,-748.2849004305053,0.28704673751293996,-38430.31460878423,31,-1635.408536266831,-748.2849004305053,0.41935483870967744,31,0.96875,False
09:30:00|p20|DIAGONAL_PREMIUM|adj09:30:00|stop0.5,31,-50786.355922955794,-1638.2695459017998,0.2903225806451613,-1638.2695459017998,-1644.6377885400013,0.263360702849318,-37331.874858780786,31,-1638.2695459017998,-1644.6377885400013,0.2903225806451613,31,0.96875,False
14:00:00|p25|DIAGONAL_PREMIUM|adj11:00:00|stop0.5,32,-52487.45345531304,-1640.2329204785326,0.40625,-1640.2329204785326,-1782.1089286849988,0.2969746548017322,-47831.29209475217,32,-1640.2329204785326,-1782.1089286849988,0.40625,32,1.0,False
10:00:00|p25|DIAGONAL_PREMIUM|adj09:30:00|stop1,31,-51097.094297315,-1648.2933644295163,0.3870967741935484,-1648.2933644295163,-1063.1612687400009,0.3510945522786346,-41310.242308320005,31,-1648.2933644295163,-1063.1612687400009,0.3870967741935484,31,0.96875,False
13:00:00|p25|DIAGONAL_PREMIUM|adj11:00:00|stop0.5,31,-51234.200584656064,-1652.7161478921312,0.3548387096774194,-1652.7161478921312,-2263.61602836,0.2806250142238616,-45992.56138827108,31,-1652.7161478921312,-2263.61602836,0.3548387096774194,31,0.96875,False
10:00:00|p20|DIAGONAL_PREMIUM|adj09:30:00|stop1.5,31,-51267.502488962666,-1653.7904028697635,0.3548387096774194,-1653.7904028697635,-1252.0077089422848,0.27879088752044867,-37959.301580360174,31,-1653.7904028697635,-1252.0077089422848,0.3548387096774194,31,0.96875,False
11:00:00|p20|DIAGONAL_PREMIUM|adj09:30:00|stop0.5,31,-51434.112903509595,-1659.1649323712772,0.1935483870967742,-1659.1649323712772,-1768.8750329325007,0.22077980749554313,-47154.75626247209,31,-1659.1649323712772,-1768.8750329325007,0.1935483870967742,31,0.96875,False
11:00:00|p20|DIAGONAL_PREMIUM|adj10:00:00|stop0.5,31,-51546.25515734697,-1662.7824244305473,0.3225806451612903,-1662.7824244305473,-1847.941882440001,0.19119161686576755,-47564.06859213698,31,-1662.7824244305473,-1847.941882440001,0.3225806451612903,31,0.96875,False
13:00:00|p20|DIAGONAL_PREMIUM|adj11:00:00|stop0.5,31,-51957.50568620507,-1676.0485705227443,0.3548387096774194,-1676.0485705227443,-2215.92797246922,0.21645078114077337,-47764.425043092546,31,-1676.0485705227443,-2215.92797246922,0.3548387096774194,31,0.96875,False
14:00:00|p20|DIAGONAL_PREMIUM|adj11:00:00|stop0.5,32,-53648.26308416931,-1676.508221380291,0.40625,-1676.508221380291,-1678.8280533674995,0.23007622709861983,-48167.852553303994,32,-1676.508221380291,-1678.8280533674995,0.40625,32,1.0,False
11:00:00|p30|DIAGONAL_PREMIUM|adj10:00:00|stop0.5,31,-52207.257170899546,-1684.1050700290175,0.3548387096774194,-1684.1050700290175,-1655.9325098203242,0.33370847687665356,-47948.35644498705,31,-1684.1050700290175,-1655.9325098203242,0.3548387096774194,31,0.96875,False
11:00:00|p20|DIAGONAL_PREMIUM|adj10:00:00|stop1,31,-52418.03506931837,-1690.9043570747863,0.3870967741935484,-1690.9043570747863,-1093.6196316864998,0.24714817790331434,-39432.938244825884,31,-1690.9043570747863,-1093.6196316864998,0.3870967741935484,31,0.96875,False
10:00:00|p30|DIAGONAL_PREMIUM|adj11:00:00|stop0.5,31,-52547.180924999884,-1695.0703524193511,0.3870967741935484,-1695.0703524193511,-1946.199300270002,0.38333400877787255,-46681.49872207459,31,-1695.0703524193511,-1946.199300270002,0.3870967741935484,31,0.96875,False
10:00:00|p25|DIAGONAL_PREMIUM|adj10:00:00|stop0.5,31,-54079.06012158684,-1744.485810373769,0.3225806451612903,-1744.485810373769,-1205.6030647205707,0.292869114432505,-44629.85816281685,31,-1744.485810373769,-1205.6030647205707,0.3225806451612903,31,0.96875,False
10:00:00|p30|DIAGONAL_PREMIUM|adj09:30:00|stop0.5,31,-54465.03518474008,-1756.9366188625834,0.3548387096774194,-1756.9366188625834,-1427.3319012975,0.34822457144836233,-41230.61634947258,31,-1756.9366188625834,-1427.3319012975,0.3548387096774194,31,0.96875,False
11:00:00|p20|DIAGONAL_PREMIUM|adj09:30:00|stop1,31,-54719.07983192559,-1765.1316074814706,0.22580645161290322,-1765.1316074814706,-1273.297447222499,0.21212223378193318,-41436.812931605586,31,-1765.1316074814706,-1273.297447222499,0.22580645161290322,31,0.96875,False
09:30:00|p30|DIAGONAL_PREMIUM|adj11:00:00|stop0.5,31,-54760.35534391139,-1766.4630756100448,0.41935483870967744,-1766.4630756100448,-1467.7456047479905,0.3437781974492171,-48478.47760156004,31,-1766.4630756100448,-1467.7456047479905,0.41935483870967744,31,0.96875,False
09:30:00|p20|DIAGONAL_PREMIUM|adj09:30:00|stop1.5,31,-55199.47744257986,-1780.6283045993503,0.3225806451612903,-1780.6283045993503,-497.8840096878396,0.25374421349499215,-41912.29009204235,31,-1780.6283045993503,-497.8840096878396,0.3225806451612903,31,0.96875,False
10:00:00|p20|DIAGONAL_PREMIUM|adj09:30:00|stop1,31,-55253.32429329514,-1782.3652997837141,0.3225806451612903,-1782.3652997837141,-1281.1635446714354,0.2605786682390569,-42964.95963105371,31,-1782.3652997837141,-1281.1635446714354,0.3225806451612903,31,0.96875,False
11:00:00|p25|DIAGONAL_PREMIUM|adj11:00:00|stop0.5,31,-55437.493275837485,-1788.306234704435,0.3225806451612903,-1788.306234704435,-2834.296659487499,0.26251285006539704,-53503.78882122676,31,-1788.306234704435,-2834.296659487499,0.3225806451612903,31,0.96875,False
10:00:00|p20|DIAGONAL_PREMIUM|adj10:00:00|stop1,31,-55782.29505812971,-1799.428872842894,0.3548387096774194,-1799.428872842894,-1345.485396555,0.2798384098358208,-46159.362101218714,31,-1799.428872842894,-1345.485396555,0.3548387096774194,31,0.96875,False
14:00:00|p30|DIAGONAL_PREMIUM|adj11:00:00|stop0.5,32,-57634.103395337166,-1801.0657311042864,0.40625,-1801.0657311042864,-1832.21814188625,0.3083659962028409,-47200.06147032425,32,-1801.0657311042864,-1832.21814188625,0.40625,32,1.0,False
10:00:00|p25|DIAGONAL_PREMIUM|adj10:00:00|stop1,31,-55961.74108209296,-1805.2174542610633,0.3548387096774194,-1805.2174542610633,-1158.5145609225,0.347214108202515,-46512.53912332296,31,-1805.2174542610633,-1158.5145609225,0.3548387096774194,31,0.96875,False
10:00:00|p20|DIAGONAL_PREMIUM|adj10:00:00|stop0.5,31,-56184.29479093834,-1812.3966061593012,0.3225806451612903,-1812.3966061593012,-1955.7263750325005,0.20821252574758797,-43119.18497720081,31,-1812.3966061593012,-1955.7263750325005,0.3225806451612903,31,0.96875,False
09:30:00|p20|DIAGONAL_PREMIUM|adj10:00:00|stop1.5,31,-57170.33687906961,-1844.2044154538585,0.41935483870967744,-1844.2044154538585,-748.2849004305053,0.2630984222214187,-44902.986863582075,31,-1844.2044154538585,-748.2849004305053,0.41935483870967744,31,0.96875,False
10:00:00|p30|DIAGONAL_PREMIUM|adj09:30:00|stop1,31,-57322.55437696662,-1849.1146573215037,0.3870967741935484,-1849.1146573215037,-1276.4515497374985,0.34688695405281617,-44088.135541699114,31,-1849.1146573215037,-1276.4515497374985,0.3870967741935484,31,0.96875,False
09:30:00|p20|DIAGONAL_PREMIUM|adj10:00:00|stop0.5,31,-57607.316984030724,-1858.3005478719588,0.3548387096774194,-1858.3005478719588,-1579.6436290887546,0.20138482933629254,-45339.9669685432,31,-1858.3005478719588,-1579.6436290887546,0.3548387096774194,31,0.96875,False
10:00:00|p25|DIAGONAL_PREMIUM|adj09:30:00|stop0.5,31,-58335.241482008256,-1881.7819832905889,0.3225806451612903,-1881.7819832905889,-1740.02294631,0.21095196685458062,-48548.38949301326,31,-1881.7819832905889,-1740.02294631,0.3225806451612903,31,0.96875,False
13:00:00|p25|DIAGONAL_PREMIUM|adj10:00:00|stop0.5,31,-59288.3519270807,-1912.5274815187322,0.3225806451612903,-1912.5274815187322,-1895.9421795317598,0.19220456998615676,-53483.9626803207,31,-1912.5274815187322,-1895.9421795317598,0.3225806451612903,31,0.96875,False
11:00:00|p25|DIAGONAL_PREMIUM|adj10:00:00|stop0.5,31,-60101.55080576326,-1938.7597034117182,0.3225806451612903,-1938.7597034117182,-2266.8189410924997,0.20883571448800814,-57054.685606375744,31,-1938.7597034117182,-2266.8189410924997,0.3225806451612903,31,0.96875,False
14:00:00|p20|DIAGONAL_PREMIUM|adj09:30:00|stop0.5,32,-62577.62695057119,-1955.5508422053497,0.1875,-1955.5508422053497,-2426.9121461925006,0.18211247891552146,-54055.17875336119,32,-1955.5508422053497,-2426.9121461925006,0.1875,32,1.0,False
13:00:00|p20|DIAGONAL_PREMIUM|adj10:00:00|stop0.5,31,-60692.86206994177,-1957.8342603207025,0.3225806451612903,-1957.8342603207025,-2292.393423052499,0.14016598589966286,-56030.82305151676,31,-1957.8342603207025,-2292.393423052499,0.3225806451612903,31,0.96875,False
09:30:00|p25|DIAGONAL_PREMIUM|adj10:00:00|stop0.5,31,-60725.13154076634,-1958.8752109924626,0.3548387096774194,-1958.8752109924626,-1536.3044513422144,0.2507009472143389,-51591.989463801336,31,-1958.8752109924626,-1536.3044513422144,0.3548387096774194,31,0.96875,False
13:00:00|p30|DIAGONAL_PREMIUM|adj10:00:00|stop0.5,31,-63140.305615128236,-2036.784052100911,0.3548387096774194,-2036.784052100911,-2270.219679576,0.27314462394179584,-48650.50043093824,31,-2036.784052100911,-2270.219679576,0.3548387096774194,31,0.96875,False
11:00:00|p25|DIAGONAL_PREMIUM|adj11:00:00|stop1,31,-63565.094173159196,-2050.486908811587,0.3870967741935484,-2050.486908811587,-1405.8108653625,0.24734813851899987,-48172.88418728919,31,-2050.486908811587,-1405.8108653625,0.3870967741935484,31,0.96875,False
09:30:00|p30|DIAGONAL_PREMIUM|adj10:00:00|stop0.5,31,-64072.097183928316,-2066.841844642849,0.3548387096774194,-2066.841844642849,-2135.353116726477,0.2877892063532404,-53087.3910725908,31,-2066.841844642849,-2135.353116726477,0.3548387096774194,31,0.96875,False
11:00:00|p30|DIAGONAL_PREMIUM|adj09:30:00|stop0.5,31,-64274.916147653355,-2073.384391859786,0.2903225806451613,-2073.384391859786,-1955.9404873799997,0.20148090040646602,-59338.96860526085,31,-2073.384391859786,-1955.9404873799997,0.2903225806451613,31,0.96875,False
10:00:00|p30|DIAGONAL_PREMIUM|adj10:00:00|stop1,31,-64340.65533721648,-2075.505010877951,0.3548387096774194,-2075.505010877951,-1026.53495673,0.3362008060353351,-52208.10520531863,31,-2075.505010877951,-1026.53495673,0.3548387096774194,31,0.96875,False
14:00:00|p20|DIAGONAL_PREMIUM|adj10:00:00|stop0.5,32,-66614.15851543305,-2081.692453607283,0.21875,-2081.692453607283,-2182.92646598075,0.12448689204512219,-58091.71031822306,32,-2081.692453607283,-2182.92646598075,0.21875,32,1.0,False
10:00:00|p30|DIAGONAL_PREMIUM|adj10:00:00|stop0.5,31,-64690.88418012773,-2086.8027154879915,0.3225806451612903,-2086.8027154879915,-1825.8938524068826,0.30878395956452076,-54181.86472396286,31,-2086.8027154879915,-1825.8938524068826,0.3225806451612903,31,0.96875,False
14:00:00|p25|DIAGONAL_PREMIUM|adj10:00:00|stop0.5,32,-69527.17593943646,-2172.7242481073895,0.28125,-2172.7242481073895,-2418.357606059999,0.1644642412649485,-58876.279290469,32,-2172.7242481073895,-2418.357606059999,0.28125,32,1.0,False
13:00:00|p25|DIAGONAL_PREMIUM|adj09:30:00|stop0.5,31,-68121.27544082866,-2197.460498091247,0.25806451612903225,-2197.460498091247,-2077.8821120025004,0.1275913776207286,-62172.25568799116,31,-2197.460498091247,-2077.8821120025004,0.25806451612903225,31,0.96875,False
13:00:00|p30|DIAGONAL_PREMIUM|adj09:30:00|stop0.5,31,-68182.11206968244,-2199.422969989756,0.3548387096774194,-2199.422969989756,-1703.6416342875,0.2074791885203916,-53122.46790194995,31,-2199.422969989756,-1703.6416342875,0.3548387096774194,31,0.96875,False
14:00:00|p30|DIAGONAL_PREMIUM|adj10:00:00|stop0.5,32,-71271.17443112745,-2227.224200972733,0.34375,-2227.224200972733,-2107.288325676678,0.20056874927596594,-55512.74357798245,32,-2227.224200972733,-2107.288325676678,0.34375,32,1.0,False
11:00:00|p25|DIAGONAL_PREMIUM|adj09:30:00|stop1,31,-69853.08035390996,-2253.3251727067727,0.25806451612903225,-2253.3251727067727,-1533.6767611780895,0.19861418596190333,-53597.98695746497,31,-2253.3251727067727,-1533.6767611780895,0.25806451612903225,31,0.96875,False
11:00:00|p25|DIAGONAL_PREMIUM|adj09:30:00|stop0.5,31,-70226.73130482744,-2265.378429187982,0.22580645161290322,-2265.378429187982,-2459.129959237499,0.1188715318369021,-66842.21607521492,31,-2265.378429187982,-2459.129959237499,0.22580645161290322,31,0.96875,False
13:00:00|p20|DIAGONAL_PREMIUM|adj09:30:00|stop0.5,31,-73609.11453724463,-2374.487565717569,0.1935483870967742,-2374.487565717569,-3150.162702165,0.07501477839253091,-68681.52122784963,31,-2374.487565717569,-3150.162702165,0.1935483870967742,31,0.96875,False
11:00:00|p25|DIAGONAL_PREMIUM|adj10:00:00|stop1,31,-77370.04787387648,-2495.807995931499,0.3548387096774194,-2495.807995931499,-1550.6750510785005,0.1716357830970674,-61452.60450765649,31,-2495.807995931499,-1550.6750510785005,0.3548387096774194,31,0.96875,False
14:00:00|p30|DIAGONAL_PREMIUM|adj09:30:00|stop0.5,32,-81421.16430650285,-2544.411384578214,0.21875,-2544.411384578214,-2232.5425249237496,0.12936631161338358,-65662.73345335784,32,-2544.411384578214,-2232.5425249237496,0.21875,32,1.0,False
14:00:00|p25|DIAGONAL_PREMIUM|adj09:30:00|stop0.5,32,-84393.23638500163,-2637.288637031301,0.25,-2637.288637031301,-2465.5955411512505,0.08166316778503437,-73254.62302570912,32,-2637.288637031301,-2465.5955411512505,0.25,32,1.0,False
