day,status,bucket,threshold,side,wing
2021-07-01,MISSING_RV_OR_BAR,,,,
2021-07-02,MISSING_RV_OR_BAR,,,,
2021-07-05,MISSING_RV_OR_BAR,,,,
2021-07-06,MISSING_RV_OR_BAR,,,,
2021-07-07,MISSING_RV_OR_BAR,,,,
2021-07-08,MISSING_RV_OR_BAR,,,,
2021-07-09,MISSING_RV_OR_BAR,,,,
2021-07-12,MISSING_RV_OR_BAR,,,,
2021-07-13,MISSING_RV_OR_BAR,,,,
2021-07-14,MISSING_RV_OR_BAR,,,,
2021-07-15,MISSING_RV_OR_BAR,,,,
2021-07-16,MISSING_RV_OR_BAR,,,,
2021-07-19,MISSING_RV_OR_BAR,,,,
2021-07-20,MISSING_RV_OR_BAR,,,,
2021-07-22,MISSING_RV_OR_BAR,,,,
2021-07-23,MISSING_RV_OR_BAR,,,,
2021-07-26,MISSING_RV_OR_BAR,,,,
2021-07-27,MISSING_RV_OR_BAR,,,,
2021-07-28,MISSING_RV_OR_BAR,,,,
2021-07-29,MISSING_RV_OR_BAR,,,,
2021-07-30,MISSING_ATM_IV,1.0,,,
2021-08-06,MISSING_ATM_IV,1.0,,,
2021-08-13,MISSING_ATM_IV,1.0,,,
2021-08-20,MISSING_ATM_IV,1.0,,,
2021-08-27,MISSING_ATM_IV,1.0,,,
2021-09-03,MISSING_ATM_IV,1.0,,,
2021-09-17,MISSING_ATM_IV,1.0,,,
2021-09-24,MISSING_ATM_IV,1.0,,,
2021-10-01,MISSING_ATM_IV,1.0,,,
2021-10-08,MISSING_ATM_IV,1.0,,,
2021-10-22,MISSING_ATM_IV,1.0,,,
2021-10-25,MISSING_ATM_IV,1.0,,,
2021-10-26,MISSING_ATM_IV,1.0,,,
2021-10-27,MISSING_ATM_IV,1.0,,,
2021-10-28,MISSING_ATM_IV,1.0,,,
2021-10-29,MISSING_ATM_IV,0.0,,,
2021-10-29,MISSING_ATM_IV,1.0,,,
2021-11-01,MISSING_ATM_IV,1.0,,,
2021-11-02,MISSING_ATM_IV,1.0,,,
2021-11-03,MISSING_ATM_IV,1.0,,,
2021-11-04,MISSING_RV_OR_BAR,,,,
2021-11-12,MISSING_ATM_IV,1.0,,,
2021-11-26,MISSING_ATM_IV,1.0,,,
2021-11-29,MISSING_LEG,1.0,2.0,SHORT_CONDOR,200.0
2021-11-29,MISSING_LEG,1.0,4.0,SHORT_CONDOR,200.0
2021-12-03,MISSING_ATM_IV,1.0,,,
2021-12-10,MISSING_ATM_IV,1.0,,,
2021-12-17,MISSING_ATM_IV,1.0,,,
2021-12-24,MISSING_ATM_IV,1.0,,,
2021-12-31,MISSING_ATM_IV,1.0,,,
2022-01-07,MISSING_ATM_IV,1.0,,,
2022-01-14,MISSING_ATM_IV,1.0,,,
2022-01-21,MISSING_ATM_IV,1.0,,,
2022-01-24,MISSING_LEG,1.0,2.0,SHORT_CONDOR,200.0
2022-01-24,MISSING_LEG,1.0,4.0,SHORT_CONDOR,200.0
2022-01-24,MISSING_LEG,1.0,6.0,SHORT_CONDOR,200.0
2022-01-28,MISSING_ATM_IV,1.0,,,
2022-02-04,MISSING_ATM_IV,1.0,,,
2022-02-07,MISSING_LEG,1.0,2.0,LONG_STRADDLE,200.0
2022-02-11,MISSING_ATM_IV,1.0,,,
2022-02-18,MISSING_ATM_IV,1.0,,,
2022-02-25,MISSING_ATM_IV,1.0,,,
2022-03-04,MISSING_ATM_IV,1.0,,,
2022-03-11,MISSING_ATM_IV,1.0,,,
2022-03-25,MISSING_ATM_IV,1.0,,,
2022-04-01,MISSING_ATM_IV,1.0,,,
2022-04-08,MISSING_ATM_IV,1.0,,,
2022-04-22,MISSING_ATM_IV,1.0,,,
2022-04-29,MISSING_ATM_IV,1.0,,,
2022-05-06,MISSING_ATM_IV,1.0,,,
2022-05-13,MISSING_ATM_IV,1.0,,,
2022-05-20,MISSING_ATM_IV,1.0,,,
2022-05-27,MISSING_ATM_IV,1.0,,,
2022-06-03,MISSING_ATM_IV,1.0,,,
2022-06-10,MISSING_ATM_IV,1.0,,,
2022-06-17,MISSING_ATM_IV,1.0,,,
2022-06-24,MISSING_ATM_IV,1.0,,,
2022-07-01,MISSING_ATM_IV,1.0,,,
2022-07-08,MISSING_ATM_IV,1.0,,,
2022-07-11,MISSING_LEG,1.0,2.0,LONG_STRADDLE,200.0
2022-07-15,MISSING_ATM_IV,1.0,,,
2022-07-22,MISSING_ATM_IV,1.0,,,
2022-07-29,MISSING_ATM_IV,1.0,,,
2022-08-05,MISSING_ATM_IV,1.0,,,
2022-08-12,MISSING_ATM_IV,1.0,,,
2022-08-19,MISSING_ATM_IV,1.0,,,
2022-08-26,MISSING_ATM_IV,1.0,,,
2022-09-02,MISSING_ATM_IV,1.0,,,
2022-09-09,MISSING_ATM_IV,1.0,,,
2022-09-16,MISSING_ATM_IV,1.0,,,
2022-09-23,MISSING_ATM_IV,1.0,,,
2022-09-30,MISSING_ATM_IV,1.0,,,
2022-10-07,MISSING_ATM_IV,1.0,,,
2022-10-14,MISSING_ATM_IV,1.0,,,
2022-10-21,MISSING_ATM_IV,1.0,,,
2022-10-24,MISSING_RV_OR_BAR,,,,
2022-10-28,MISSING_ATM_IV,1.0,,,
2022-11-04,MISSING_ATM_IV,1.0,,,
2022-11-11,MISSING_ATM_IV,1.0,,,
2022-11-18,MISSING_ATM_IV,1.0,,,
2022-11-25,MISSING_ATM_IV,1.0,,,
2022-12-02,MISSING_ATM_IV,1.0,,,
2022-12-09,MISSING_ATM_IV,1.0,,,
2022-12-16,MISSING_ATM_IV,1.0,,,
2022-12-23,MISSING_ATM_IV,1.0,,,
2022-12-30,MISSING_ATM_IV,1.0,,,
2023-01-06,MISSING_ATM_IV,1.0,,,
2023-01-13,MISSING_ATM_IV,1.0,,,
2023-01-20,MISSING_ATM_IV,1.0,,,
2023-01-27,MISSING_ATM_IV,1.0,,,
2023-02-03,MISSING_ATM_IV,1.0,,,
2023-02-10,MISSING_ATM_IV,1.0,,,
2023-02-17,MISSING_ATM_IV,1.0,,,
2023-02-24,MISSING_ATM_IV,1.0,,,
2023-03-03,MISSING_ATM_IV,1.0,,,
2023-03-10,MISSING_ATM_IV,1.0,,,
2023-03-17,MISSING_ATM_IV,1.0,,,
2023-03-24,MISSING_ATM_IV,1.0,,,
2023-03-31,MISSING_ATM_IV,1.0,,,
2023-04-21,MISSING_ATM_IV,1.0,,,
2023-04-28,MISSING_ATM_IV,1.0,,,
2023-05-05,MISSING_ATM_IV,1.0,,,
2023-05-12,MISSING_ATM_IV,1.0,,,
2023-05-19,MISSING_ATM_IV,1.0,,,
2023-05-26,MISSING_ATM_IV,1.0,,,
2023-06-02,MISSING_ATM_IV,1.0,,,
2023-06-09,MISSING_ATM_IV,1.0,,,
2023-06-16,MISSING_ATM_IV,1.0,,,
2023-06-23,MISSING_ATM_IV,1.0,,,
2023-06-30,MISSING_ATM_IV,1.0,,,
2023-07-07,MISSING_ATM_IV,1.0,,,
2023-07-14,MISSING_ATM_IV,1.0,,,
2023-07-21,MISSING_ATM_IV,1.0,,,
2023-07-28,MISSING_ATM_IV,1.0,,,
2023-08-04,MISSING_ATM_IV,1.0,,,
2023-08-11,MISSING_ATM_IV,1.0,,,
2023-08-18,MISSING_ATM_IV,1.0,,,
2023-08-25,MISSING_ATM_IV,1.0,,,
2023-09-01,MISSING_ATM_IV,1.0,,,
2023-09-08,MISSING_ATM_IV,1.0,,,
2023-09-15,MISSING_ATM_IV,1.0,,,
2023-09-22,MISSING_ATM_IV,1.0,,,
2023-09-29,MISSING_ATM_IV,1.0,,,
2023-10-06,MISSING_ATM_IV,1.0,,,
2023-10-13,MISSING_ATM_IV,1.0,,,
2023-10-20,MISSING_ATM_IV,1.0,,,
2023-10-27,MISSING_ATM_IV,1.0,,,
2023-11-03,MISSING_ATM_IV,1.0,,,
2023-11-10,MISSING_ATM_IV,1.0,,,
2023-11-12,MISSING_RV_OR_BAR,,,,
2023-11-17,MISSING_ATM_IV,1.0,,,
2023-11-24,MISSING_ATM_IV,1.0,,,
2023-12-01,MISSING_ATM_IV,1.0,,,
2023-12-08,MISSING_ATM_IV,1.0,,,
2023-12-15,MISSING_ATM_IV,1.0,,,
2023-12-29,MISSING_ATM_IV,1.0,,,
2024-01-05,MISSING_ATM_IV,1.0,,,
2024-01-12,MISSING_ATM_IV,1.0,,,
2024-01-19,MISSING_ATM_IV,1.0,,,
2024-01-20,MISSING_ATM_IV,1.0,,,
2024-02-02,MISSING_ATM_IV,1.0,,,
2024-02-09,MISSING_ATM_IV,1.0,,,
2024-02-16,MISSING_ATM_IV,1.0,,,
2024-02-23,MISSING_ATM_IV,1.0,,,
2024-03-01,MISSING_ATM_IV,1.0,,,
2024-03-02,MISSING_RV_OR_BAR,,,,
2024-03-15,MISSING_ATM_IV,1.0,,,
2024-03-22,MISSING_ATM_IV,1.0,,,
2024-04-05,MISSING_ATM_IV,1.0,,,
2024-04-12,MISSING_ATM_IV,1.0,,,
2024-04-19,MISSING_ATM_IV,1.0,,,
2024-04-26,MISSING_ATM_IV,1.0,,,
2024-05-03,MISSING_ATM_IV,1.0,,,
2024-05-10,MISSING_ATM_IV,1.0,,,
2024-05-17,MISSING_ATM_IV,1.0,,,
2024-05-18,MISSING_RV_OR_BAR,,,,
2024-05-24,MISSING_ATM_IV,1.0,,,
2024-05-31,MISSING_ATM_IV,1.0,,,
2024-06-07,MISSING_ATM_IV,1.0,,,
2024-06-14,MISSING_ATM_IV,1.0,,,
2024-06-21,MISSING_ATM_IV,1.0,,,
2024-06-28,MISSING_ATM_IV,1.0,,,
2024-07-05,MISSING_ATM_IV,1.0,,,
2024-07-12,MISSING_ATM_IV,1.0,,,
2024-07-19,MISSING_ATM_IV,1.0,,,
2024-07-22,MISSING_LEG,1.0,2.0,SHORT_CONDOR,200.0
2024-07-22,MISSING_LEG,1.0,4.0,SHORT_CONDOR,200.0
2024-07-26,MISSING_ATM_IV,1.0,,,
2024-08-02,MISSING_ATM_IV,1.0,,,
2024-08-09,MISSING_ATM_IV,1.0,,,
2024-08-16,MISSING_ATM_IV,1.0,,,
2024-08-23,MISSING_ATM_IV,1.0,,,
2024-08-30,MISSING_ATM_IV,1.0,,,
2024-09-06,MISSING_ATM_IV,1.0,,,
2024-09-13,MISSING_ATM_IV,1.0,,,
2024-09-20,MISSING_ATM_IV,1.0,,,
2024-09-27,MISSING_ATM_IV,1.0,,,
2024-10-04,MISSING_ATM_IV,1.0,,,
2024-10-11,MISSING_ATM_IV,1.0,,,
2024-10-14,MISSING_LEG,1.0,2.0,LONG_STRADDLE,200.0
2024-10-18,MISSING_ATM_IV,1.0,,,
2024-10-25,MISSING_ATM_IV,1.0,,,
2024-11-01,MISSING_RV_OR_BAR,,,,
2024-11-08,MISSING_ATM_IV,1.0,,,
2024-11-22,MISSING_ATM_IV,1.0,,,
2024-11-29,MISSING_ATM_IV,1.0,,,
2024-12-06,MISSING_ATM_IV,1.0,,,
2024-12-13,MISSING_ATM_IV,1.0,,,
2024-12-20,MISSING_ATM_IV,1.0,,,
2024-12-27,MISSING_ATM_IV,1.0,,,
2025-01-03,MISSING_ATM_IV,1.0,,,
2025-01-06,MISSING_LEG,1.0,2.0,LONG_STRADDLE,200.0
2025-01-10,MISSING_ATM_IV,1.0,,,
2025-01-17,MISSING_ATM_IV,1.0,,,
2025-01-24,MISSING_ATM_IV,1.0,,,
2025-01-31,MISSING_ATM_IV,1.0,,,
2025-02-01,MISSING_ATM_IV,1.0,,,
2025-02-07,MISSING_ATM_IV,1.0,,,
2025-02-14,MISSING_ATM_IV,1.0,,,
2025-02-21,MISSING_ATM_IV,1.0,,,
2025-02-28,MISSING_ATM_IV,1.0,,,
2025-03-07,MISSING_ATM_IV,1.0,,,
2025-03-21,MISSING_ATM_IV,1.0,,,
2025-03-28,MISSING_ATM_IV,1.0,,,
2025-04-04,MISSING_ATM_IV,1.0,,,
2025-04-11,MISSING_ATM_IV,1.0,,,
2025-04-25,MISSING_ATM_IV,1.0,,,
2025-05-02,MISSING_ATM_IV,1.0,,,
2025-05-09,MISSING_ATM_IV,1.0,,,
2025-05-16,MISSING_ATM_IV,1.0,,,
2025-05-23,MISSING_ATM_IV,1.0,,,
2025-05-30,MISSING_ATM_IV,1.0,,,
2025-06-02,MISSING_LEG,1.0,2.0,LONG_STRADDLE,200.0
2025-06-02,MISSING_LEG,1.0,4.0,LONG_STRADDLE,200.0
2025-06-02,MISSING_LEG,1.0,6.0,LONG_STRADDLE,200.0
2025-06-06,MISSING_ATM_IV,1.0,,,
2025-06-13,MISSING_ATM_IV,1.0,,,
2025-06-20,MISSING_ATM_IV,1.0,,,
2025-06-27,MISSING_ATM_IV,1.0,,,
2025-07-04,MISSING_ATM_IV,1.0,,,
2025-07-11,MISSING_ATM_IV,1.0,,,
2025-07-18,MISSING_ATM_IV,1.0,,,
2025-07-25,MISSING_ATM_IV,1.0,,,
2025-08-01,MISSING_ATM_IV,1.0,,,
2025-08-08,MISSING_ATM_IV,1.0,,,
2025-08-22,MISSING_ATM_IV,1.0,,,
2025-08-29,MISSING_ATM_IV,1.0,,,
2025-09-03,MISSING_ATM_IV,1.0,,,
2025-09-04,MISSING_ATM_IV,1.0,,,
2025-09-05,MISSING_ATM_IV,1.0,,,
2025-09-10,MISSING_ATM_IV,1.0,,,
2025-09-11,MISSING_ATM_IV,1.0,,,
2025-09-12,MISSING_ATM_IV,1.0,,,
2025-09-17,MISSING_ATM_IV,1.0,,,
2025-09-18,MISSING_ATM_IV,1.0,,,
2025-09-19,MISSING_ATM_IV,1.0,,,
2025-09-24,MISSING_ATM_IV,1.0,,,
2025-09-25,MISSING_ATM_IV,1.0,,,
2025-09-26,MISSING_RV_OR_BAR,,,,
2025-10-01,MISSING_ATM_IV,1.0,,,
2025-10-03,MISSING_ATM_IV,1.0,,,
2025-10-08,MISSING_ATM_IV,1.0,,,
2025-10-09,MISSING_ATM_IV,1.0,,,
2025-10-13,MISSING_ATM_IV,1.0,,,
2025-10-14,MISSING_ATM_IV,1.0,,,
2025-10-15,MISSING_ATM_IV,0.0,,,
2025-10-15,MISSING_ATM_IV,1.0,,,
2025-10-16,MISSING_ATM_IV,0.0,,,
2025-10-16,MISSING_ATM_IV,1.0,,,
2025-10-17,MISSING_ATM_IV,0.0,,,
2025-10-17,MISSING_ATM_IV,1.0,,,
2025-10-20,MISSING_ATM_IV,1.0,,,
2025-10-21,MISSING_RV_OR_BAR,,,,
2025-10-23,MISSING_ATM_IV,1.0,,,
2025-10-24,MISSING_ATM_IV,1.0,,,
2025-10-29,MISSING_ATM_IV,1.0,,,
2025-10-30,MISSING_ATM_IV,1.0,,,
2025-10-31,MISSING_ATM_IV,1.0,,,
2025-11-06,MISSING_ATM_IV,1.0,,,
2025-11-07,MISSING_ATM_IV,1.0,,,
2025-11-12,MISSING_ATM_IV,1.0,,,
2025-11-13,MISSING_ATM_IV,1.0,,,
2025-11-14,MISSING_ATM_IV,1.0,,,
2025-11-19,MISSING_ATM_IV,1.0,,,
2025-11-20,MISSING_ATM_IV,1.0,,,
2025-11-21,MISSING_ATM_IV,1.0,,,
2025-11-26,MISSING_ATM_IV,1.0,,,
2025-11-27,MISSING_ATM_IV,1.0,,,
2025-11-28,MISSING_ATM_IV,1.0,,,
2025-12-03,MISSING_ATM_IV,1.0,,,
2025-12-04,MISSING_ATM_IV,1.0,,,
2025-12-05,MISSING_ATM_IV,1.0,,,
2025-12-10,MISSING_ATM_IV,1.0,,,
2025-12-11,MISSING_ATM_IV,1.0,,,
2025-12-12,MISSING_ATM_IV,1.0,,,
2025-12-17,MISSING_ATM_IV,1.0,,,
2025-12-18,MISSING_ATM_IV,1.0,,,
2025-12-19,MISSING_ATM_IV,1.0,,,
2025-12-24,MISSING_ATM_IV,1.0,,,
2025-12-26,MISSING_ATM_IV,1.0,,,
2025-12-31,MISSING_ATM_IV,1.0,,,
2026-01-01,MISSING_ATM_IV,1.0,,,
2026-01-02,MISSING_ATM_IV,1.0,,,
2026-01-07,MISSING_ATM_IV,1.0,,,
2026-01-08,MISSING_ATM_IV,1.0,,,
2026-01-09,MISSING_ATM_IV,1.0,,,
2026-01-14,MISSING_ATM_IV,1.0,,,
2026-01-16,MISSING_ATM_IV,1.0,,,
2026-01-21,MISSING_ATM_IV,1.0,,,
2026-01-22,MISSING_ATM_IV,1.0,,,
2026-01-23,MISSING_ATM_IV,1.0,,,
2026-01-28,MISSING_ATM_IV,1.0,,,
2026-01-29,MISSING_ATM_IV,1.0,,,
2026-01-30,MISSING_ATM_IV,1.0,,,
2026-02-04,MISSING_ATM_IV,1.0,,,
2026-02-05,MISSING_ATM_IV,1.0,,,
2026-02-06,MISSING_ATM_IV,1.0,,,
2026-02-11,MISSING_ATM_IV,1.0,,,
2026-02-12,MISSING_ATM_IV,1.0,,,
2026-02-13,MISSING_ATM_IV,1.0,,,
2026-02-18,MISSING_ATM_IV,1.0,,,
2026-02-19,MISSING_ATM_IV,1.0,,,
2026-02-25,MISSING_ATM_IV,1.0,,,
2026-02-26,MISSING_ATM_IV,1.0,,,
2026-02-27,MISSING_ATM_IV,1.0,,,
2026-03-04,MISSING_ATM_IV,1.0,,,
2026-03-05,MISSING_ATM_IV,1.0,,,
2026-03-06,MISSING_ATM_IV,1.0,,,
2026-03-11,MISSING_ATM_IV,1.0,,,
2026-03-12,MISSING_ATM_IV,1.0,,,
2026-03-13,MISSING_ATM_IV,1.0,,,
2026-03-18,MISSING_ATM_IV,1.0,,,
2026-03-19,MISSING_ATM_IV,1.0,,,
2026-03-25,MISSING_ATM_IV,1.0,,,
2026-03-27,MISSING_ATM_IV,1.0,,,
2026-04-01,MISSING_ATM_IV,1.0,,,
2026-04-02,MISSING_ATM_IV,1.0,,,
2026-04-08,MISSING_ATM_IV,1.0,,,
2026-04-09,MISSING_ATM_IV,1.0,,,
2026-04-10,MISSING_ATM_IV,1.0,,,
2026-04-15,MISSING_ATM_IV,1.0,,,
2026-04-16,MISSING_ATM_IV,1.0,,,
2026-04-17,MISSING_ATM_IV,1.0,,,
2026-04-22,MISSING_ATM_IV,1.0,,,
2026-04-23,MISSING_ATM_IV,1.0,,,
2026-04-24,MISSING_ATM_IV,1.0,,,
2026-04-29,MISSING_ATM_IV,1.0,,,
2026-04-30,MISSING_ATM_IV,1.0,,,
2026-05-06,MISSING_ATM_IV,1.0,,,
2026-05-07,MISSING_ATM_IV,1.0,,,
2026-05-08,MISSING_ATM_IV,1.0,,,
2026-05-13,MISSING_ATM_IV,1.0,,,
2026-05-14,MISSING_ATM_IV,1.0,,,
2026-05-15,MISSING_ATM_IV,1.0,,,
2026-05-20,MISSING_ATM_IV,1.0,,,
2026-05-21,MISSING_ATM_IV,1.0,,,
2026-05-22,MISSING_RV_OR_BAR,,,,
2026-05-27,MISSING_ATM_IV,1.0,,,
2026-06-03,MISSING_RV_OR_BAR,,,,
2026-06-04,MISSING_ATM_IV,0.0,,,
2026-06-04,MISSING_ATM_IV,1.0,,,
2026-06-05,MISSING_ATM_IV,0.0,,,
2026-06-05,MISSING_ATM_IV,1.0,,,
2026-06-08,MISSING_ATM_IV,0.0,,,
2026-06-08,MISSING_ATM_IV,1.0,,,
2026-06-09,MISSING_ATM_IV,0.0,,,
2026-06-09,MISSING_ATM_IV,1.0,,,
2026-06-10,MISSING_ATM_IV,0.0,,,
2026-06-10,MISSING_ATM_IV,1.0,,,
2026-06-11,MISSING_ATM_IV,0.0,,,
2026-06-11,MISSING_ATM_IV,1.0,,,
2026-06-12,MISSING_LEG,0.0,2.0,LONG_STRADDLE,200.0
2026-06-12,MISSING_LEG,0.0,4.0,LONG_STRADDLE,200.0
2026-06-12,MISSING_LEG,0.0,6.0,LONG_STRADDLE,200.0
2026-06-12,MISSING_ATM_IV,1.0,,,
2026-06-15,MISSING_ATM_IV,0.0,,,
2026-06-15,MISSING_ATM_IV,1.0,,,
2026-06-16,MISSING_ATM_IV,0.0,,,
2026-06-16,MISSING_ATM_IV,1.0,,,
2026-06-17,MISSING_LEG,1.0,2.0,LONG_STRADDLE,200.0
2026-06-17,MISSING_LEG,1.0,4.0,LONG_STRADDLE,200.0
2026-06-17,MISSING_LEG,1.0,6.0,LONG_STRADDLE,200.0
2026-06-18,MISSING_ATM_IV,1.0,,,
2026-06-19,MISSING_ATM_IV,1.0,,,
2026-06-22,MISSING_LEG,1.0,2.0,LONG_STRADDLE,200.0
2026-06-22,MISSING_LEG,1.0,4.0,LONG_STRADDLE,200.0
2026-06-22,MISSING_LEG,1.0,6.0,LONG_STRADDLE,200.0
2026-06-23,MISSING_LEG,1.0,2.0,LONG_STRADDLE,200.0
2026-06-23,MISSING_LEG,1.0,4.0,LONG_STRADDLE,200.0
2026-06-23,MISSING_LEG,1.0,6.0,LONG_STRADDLE,200.0
2026-06-25,MISSING_LEG,1.0,2.0,LONG_STRADDLE,200.0
2026-06-25,MISSING_LEG,1.0,4.0,LONG_STRADDLE,200.0
2026-06-25,MISSING_LEG,1.0,6.0,LONG_STRADDLE,200.0
