week,net_pnl,gross_pnl,costs,trading_days,positive
2021-06-28/2021-07-04,-2048.537633705,-1757.5,291.03763370499996,2,False
2021-07-05/2021-07-11,-4001.0503712249997,-3272.5,728.5503712249999,5,False
2021-07-12/2021-07-18,-3080.45615802,-2355.0000000000005,725.45615802,5,False
2021-07-19/2021-07-25,-1409.1793166500001,-825.0000000000002,584.17931665,4,False
2021-07-26/2021-08-01,-2316.1233041500004,-1585.0000000000005,731.12330415,5,False
2021-08-02/2021-08-08,-1507.8208196700002,-770.0000000000005,737.82081967,5,False
2021-08-09/2021-08-15,-2724.95309112,-1995.0,729.95309112,5,False
2021-08-16/2021-08-22,-5130.47843046,-4540.0,590.4784304599999,4,False
2021-08-23/2021-08-29,-1724.632049585,-987.5,737.132049585,5,False
2021-08-30/2021-09-05,1247.022190215001,1997.5000000000014,750.477809785,5,True
2021-09-06/2021-09-12,-4551.56510712,-3965.0,586.56510712,4,False
2021-09-13/2021-09-19,-1830.876494764999,-1087.499999999999,743.376494765,5,False
2021-09-20/2021-09-26,-3505.364217235,-2737.5000000000005,767.864217235,5,False
2021-09-27/2021-10-03,-9085.028228935,-8317.5,767.528228935,5,False
2021-10-04/2021-10-10,-909.4071833950006,-147.50000000000045,761.907183395,5,False
2021-10-11/2021-10-17,-3830.2716849850003,-3237.5000000000005,592.771684985,4,False
2021-10-18/2021-10-24,-2391.260868200001,-1615.000000000001,776.2608682,5,False
2021-10-25/2021-10-31,-2314.6473392650005,-1697.5,617.147339265,4,False
2021-11-01/2021-11-07,-2162.011814045001,-1622.500000000001,539.5118140449999,3,False
2021-11-08/2021-11-14,-516.0660923649991,252.50000000000074,768.566092365,5,False
2021-11-15/2021-11-21,-5708.56446854,-5115.0,593.56446854,4,False
2021-11-22/2021-11-28,2773.4444160050007,3577.5000000000005,804.055583995,5,True
2021-11-29/2021-12-05,-4603.637576429998,-3789.999999999998,813.63757643,5,False
2021-12-06/2021-12-12,-5244.635837655,-4457.5,787.135837655,5,False
2021-12-13/2021-12-19,1024.5116000400017,1810.0000000000014,785.48839996,5,True
2021-12-20/2021-12-26,-10943.195923605002,-10157.500000000002,785.695923605,5,False
2021-12-27/2022-01-02,-4153.654001360001,-3385.0,768.6540013599999,5,False
2022-01-03/2022-01-09,824.4233516599993,1594.9999999999995,770.57664834,5,True
2022-01-10/2022-01-16,-4147.090161570001,-3380.000000000001,767.09016157,5,False
2022-01-17/2022-01-23,863.9285660250007,1647.5000000000018,783.571433975,5,True
2022-01-24/2022-01-30,880.6522322500009,1600.000000000001,719.34776775,4,True
2022-01-31/2022-02-06,-18363.118143475003,-17517.500000000004,845.618143475,5,False
2022-02-07/2022-02-13,-5143.912159559999,-4354.999999999998,788.91215956,5,False
2022-02-14/2022-02-20,2723.6984158250007,3587.4999999999986,863.801584175,5,True
2022-02-21/2022-02-27,8726.681009420001,9620.000000000002,893.31899058,5,True
2022-02-28/2022-03-06,7074.669413065003,7847.500000000002,772.830586935,4,True
2022-03-07/2022-03-13,1733.422344730003,2655.0000000000036,921.57765527,5,True
2022-03-14/2022-03-20,2553.788147624999,3252.499999999999,698.711852375,4,True
2022-03-21/2022-03-27,468.1036568649997,1327.5000000000005,859.3963431349999,5,True
2022-03-28/2022-04-03,-292.50178502999825,505.00000000000205,797.5017850300001,5,False
2022-04-04/2022-04-10,-1545.9728778249982,-767.4999999999984,778.472877825,5,False
2022-04-11/2022-04-17,-4887.48688144,-4445.0,442.48688143999993,3,False
2022-04-18/2022-04-24,-2141.2765450849984,-1352.4999999999982,788.776545085,5,False
2022-04-25/2022-05-01,-3755.9706503450006,-2962.500000000001,793.470650345,5,False
2022-05-02/2022-05-08,7505.154656915,8177.500000000001,672.345343085,4,True
2022-05-09/2022-05-15,-7526.699735684998,-6702.499999999998,824.199735685,5,False
2022-05-16/2022-05-22,2032.4535099900036,2865.0000000000036,832.5464900100001,5,True
2022-05-23/2022-05-29,-10221.582464205,-9397.499999999998,824.082464205,5,False
2022-05-30/2022-06-05,-4185.59743727,-3385.0000000000005,800.59743727,5,False
2022-06-06/2022-06-12,-7720.935909114997,-6932.499999999998,788.435909115,5,False
2022-06-13/2022-06-19,19074.586625564996,19942.499999999993,867.9133744349999,5,True
2022-06-20/2022-06-26,-5325.042542645,-4517.500000000001,807.542542645,5,False
2022-06-27/2022-07-03,-5984.828015760001,-5190.000000000002,794.82801576,5,False
2022-07-04/2022-07-10,-7206.076799535002,-6427.500000000002,778.576799535,5,False
2022-07-11/2022-07-17,-1712.7871140150003,-942.5000000000003,770.287114015,5,False
2022-07-18/2022-07-24,-785.5055685550014,-27.500000000001364,758.005568555,5,False
2022-07-25/2022-07-31,-457.0107833549994,312.50000000000045,769.5107833550001,5,False
2022-08-01/2022-08-07,-5238.9948960249985,-4462.499999999999,776.494896025,5,False
2022-08-08/2022-08-14,-3294.828690485,-2682.5,612.3286904849999,4,False
2022-08-15/2022-08-21,-16.55693241499921,587.5000000000009,604.056932415,4,False
2022-08-22/2022-08-28,-4486.455182024999,-3717.4999999999986,768.955182025,5,False
2022-08-29/2022-09-04,8195.060349549998,8844.999999999998,649.93965045,4,True
2022-09-05/2022-09-11,-6729.36843127,-5950.0,779.36843127,5,False
2022-09-12/2022-09-18,2369.4003993849988,3162.499999999999,793.0996006150001,5,True
2022-09-19/2022-09-25,419.11386487000345,1245.0000000000036,825.88613513,5,True
2022-09-26/2022-10-02,-2814.3417282300015,-1995.0000000000018,819.34172823,5,False
2022-10-03/2022-10-09,-4374.843348875002,-3742.5000000000027,632.343348875,4,False
2022-10-10/2022-10-16,-625.2910173099995,165.00000000000045,790.29101731,5,False
2022-10-17/2022-10-23,786.7712343299995,1554.9999999999995,768.22876567,5,True
2022-10-24/2022-10-30,-1285.1349597950002,-832.5000000000005,452.634959795,3,False
2022-10-31/2022-11-06,-895.0379110499998,-134.9999999999999,760.03791105,5,False
2022-11-07/2022-11-13,-2892.544823955,-2297.5,595.0448239550001,4,False
2022-11-14/2022-11-20,-2879.665446595,-2137.5,742.165446595,5,False
2022-11-21/2022-11-27,-1175.9166393150006,-437.5000000000007,738.4166393149999,5,False
2022-11-28/2022-12-04,-3094.24579491,-2354.9999999999995,739.24579491,5,False
2022-12-05/2022-12-11,-3346.178150175,-2602.5,743.6781501749999,5,False
2022-12-12/2022-12-18,1986.561041475,2737.5,750.938958525,5,True
2022-12-19/2022-12-25,4143.501006819999,4914.999999999999,771.4989931800001,5,True
2022-12-26/2023-01-01,-3123.245267540001,-2365.000000000001,758.24526754,5,False
2023-01-02/2023-01-08,1446.8289188949993,2202.4999999999995,755.671081105,5,True
2023-01-09/2023-01-15,-2108.965943245,-1352.5,756.4659432450001,5,False
2023-01-16/2023-01-22,-3321.701518875,-2577.5000000000005,744.201518875,5,False
2023-01-23/2023-01-29,-6231.266850454998,-5612.499999999998,618.766850455,4,False
2023-01-30/2023-02-05,-12476.684570145,-11657.5,819.1845701450001,5,False
2023-02-06/2023-02-12,-5924.7767949849995,-5177.499999999999,747.2767949849999,5,False
2023-02-13/2023-02-19,1294.0858392950004,2037.5000000000005,743.414160705,5,True
2023-02-20/2023-02-26,-210.68020664500045,537.4999999999998,748.180206645,5,False
2023-02-27/2023-03-05,-1725.62133842,-985.0,740.62133842,5,False
2023-03-06/2023-03-12,-3482.89739937,-2895.0,587.89739937,4,False
2023-03-13/2023-03-19,11275.584315665,12067.5,791.915684335,5,True
2023-03-20/2023-03-26,-6071.544952679999,-5315.0,756.54495268,5,False
2023-03-27/2023-04-02,-2970.6369957400007,-2375.0000000000005,595.63699574,4,False
2023-04-03/2023-04-09,-3292.1191242450004,-2857.5,434.61912424499997,3,False
2023-04-10/2023-04-16,-2743.668618705,-2167.5,576.168618705,4,False
2023-04-17/2023-04-23,-4572.796322550001,-3845.0000000000005,727.79632255,5,False
2023-04-24/2023-04-30,-460.987213615,267.5,728.487213615,5,False
2023-05-01/2023-05-07,-1311.2927118800003,-730.0000000000002,581.2927118800001,4,False
2023-05-08/2023-05-14,-2939.071990355,-2207.5,731.571990355,5,False
2023-05-15/2023-05-21,-2680.0486139649997,-1947.4999999999995,732.5486139650001,5,False
2023-05-22/2023-05-28,245.4575612900012,980.0000000000011,734.5424387099999,5,True
2023-05-29/2023-06-04,-4359.4482716600005,-3630.0,729.44827166,5,False
2023-06-05/2023-06-11,-2985.5858910800002,-2260.0,725.58589108,5,False
2023-06-12/2023-06-18,-1701.5623389999998,-974.9999999999998,726.562339,5,False
2023-06-19/2023-06-25,-2407.25684441,-1680.0,727.25684441,5,False
2023-06-26/2023-07-02,-2500.0270418449995,-1917.4999999999995,582.527041845,4,False
2023-07-03/2023-07-09,-2773.5597666400017,-2035.0000000000018,738.55976664,5,False
2023-07-10/2023-07-16,-3778.72567494,-3050.0,728.72567494,5,False
2023-07-17/2023-07-23,-1587.4493756,-839.9999999999999,747.4493755999999,5,False
2023-07-24/2023-07-30,-5356.39376857,-4615.0,741.39376857,5,False
2023-07-31/2023-08-06,-1775.8022507750009,-1037.5000000000007,738.302250775,5,False
2023-08-07/2023-08-13,-2819.2643079100003,-2085.0,734.26430791,5,False
2023-08-14/2023-08-20,-850.9142678250003,-262.5000000000003,588.414267825,4,False
2023-08-21/2023-08-27,-2568.526403835,-1837.5000000000002,731.026403835,5,False
2023-08-28/2023-09-03,-848.7278558400003,-115.00000000000045,733.72785584,5,False
2023-09-04/2023-09-10,-2454.0296849049996,-1727.4999999999998,726.529684905,5,False
2023-09-11/2023-09-17,-3238.3993090200006,-2500.0000000000005,738.39930902,5,False
2023-09-18/2023-09-24,-2783.4785782100003,-2195.0,588.47857821,4,False
2023-09-25/2023-10-01,-2041.3290472449996,-1302.5,738.829047245,5,False
2023-10-02/2023-10-08,-3473.5449575800003,-2890.0,583.5449575800001,4,False
2023-10-09/2023-10-15,-1775.55525939,-1035.0000000000002,740.55525939,5,False
2023-10-16/2023-10-22,-924.4995105450002,-187.5000000000001,736.999510545,5,False
2023-10-23/2023-10-29,8308.931614745,8927.5,618.568385255,4,True
2023-10-30/2023-11-05,-1415.6216332300003,-670.0000000000002,745.62163323,5,False
2023-11-06/2023-11-12,-2071.4054624750006,-1342.500000000001,728.905462475,5,False
2023-11-13/2023-11-19,-1998.10306275,-1414.9999999999998,583.1030627499999,4,False
2023-11-20/2023-11-26,-3388.93806329,-2660.0,728.93806329,5,False
2023-11-27/2023-12-03,122.60564253499996,717.5,594.894357465,4,True
2023-12-04/2023-12-10,-645.1551782550006,112.49999999999955,757.655178255,5,False
2023-12-11/2023-12-17,3611.095600329998,4369.999999999998,758.90439967,5,True
2023-12-18/2023-12-24,11232.661075680002,12025.0,792.33892432,5,True
2023-12-25/2023-12-31,-4495.974958850001,-3880.0000000000005,615.97495885,4,False
2024-01-01/2024-01-07,-3445.32094914,-2684.9999999999995,760.32094914,5,False
2024-01-08/2024-01-14,4515.729049879999,5284.999999999999,769.27095012,5,True
2024-01-15/2024-01-21,-5484.2671148100035,-4535.000000000004,949.2671148100001,6,False
2024-01-22/2024-01-28,15985.313705149996,16484.999999999996,499.68629485,3,True
2024-01-29/2024-02-04,-9655.870505379999,-8794.999999999998,860.8705053799999,5,False
2024-02-05/2024-02-11,-3018.837955939998,-2199.999999999998,818.83795594,5,False
2024-02-12/2024-02-18,7234.139639509999,8054.999999999998,820.86036049,5,True
2024-02-19/2024-02-25,-7026.7218134800005,-6230.000000000001,796.72181348,5,False
2024-02-26/2024-03-03,5437.369008200001,6255.000000000002,817.6309918,5,True
2024-03-04/2024-03-10,-6344.674026435,-5732.5,612.174026435,4,False
2024-03-11/2024-03-17,3161.344408759996,3964.9999999999955,803.65559124,5,True
2024-03-18/2024-03-24,-3678.377108999999,-2890.0,788.377109,5,False
2024-03-25/2024-03-31,-6220.923150575,-5777.500000000001,443.423150575,3,False
2024-04-01/2024-04-07,-10093.294133125,-9332.5,760.794133125,5,False
2024-04-08/2024-04-14,-3578.7529658949984,-2972.4999999999986,606.252965895,4,False
2024-04-15/2024-04-21,7849.963422234998,8502.499999999998,652.536577765,4,True
2024-04-22/2024-04-28,-1780.7022469250007,-1017.5000000000009,763.2022469249999,5,False
2024-04-29/2024-05-05,1833.2664112624984,2433.749999999998,600.4835887375,4,True
2024-05-06/2024-05-12,-547.6963154100004,209.99999999999977,757.69631541,5,False
2024-05-13/2024-05-19,-4265.7155071775,-3518.749999999999,746.9655071775001,5,False
2024-05-20/2024-05-26,3656.5115103249996,4265.0,608.488489675,4,True
2024-05-27/2024-06-02,-4062.353288355002,-3252.500000000002,809.853288355,5,False
2024-06-03/2024-06-09,9233.331525529995,10159.999999999996,926.66847447,5,True
2024-06-10/2024-06-16,-6226.0914812975,-5468.749999999999,757.3414812975,5,False
2024-06-17/2024-06-23,-3468.1149412150003,-2880.0000000000005,588.114941215,4,False
2024-06-24/2024-06-30,963.0785061925005,1716.2500000000007,753.1714938075,5,True
2024-07-01/2024-07-07,-2901.2623377399996,-2157.499999999999,743.76233774,5,False
2024-07-08/2024-07-14,-2207.2925836725,-1473.75,733.5425836725001,5,False
2024-07-15/2024-07-21,388.0483305800006,1002.5000000000005,614.4516694199999,4,True
2024-07-22/2024-07-28,-3858.3457405525005,-3076.25,782.0957405525,5,False
2024-07-29/2024-08-04,-3011.3849343250013,-2265.000000000001,746.384934325,5,False
2024-08-05/2024-08-11,-4623.9248348575,-3848.7499999999995,775.1748348575001,5,False
2024-08-12/2024-08-18,-1897.1766672899996,-1297.4999999999995,599.6766672900001,4,False
2024-08-19/2024-08-25,-3510.3015417200004,-2775.0000000000005,735.30154172,5,False
2024-08-26/2024-09-01,-2929.8697568125003,-2196.25,733.6197568125,5,False
2024-09-02/2024-09-08,-605.1953230725012,138.7499999999991,743.9453230725,5,False
2024-09-09/2024-09-15,5585.281311149998,6337.499999999998,752.21868885,5,True
2024-09-16/2024-09-22,2030.9899702550001,2782.5,751.510029745,5,True
2024-09-23/2024-09-29,-6229.1426831075005,-5486.25,742.8926831075,5,False
2024-09-30/2024-10-06,2800.0183200175015,3418.750000000001,618.7316799825,4,True
2024-10-07/2024-10-13,-6759.6289181875,-5988.75,770.8789181875001,5,False
2024-10-14/2024-10-20,884.7695528775002,1636.2500000000002,751.4804471225,5,True
2024-10-21/2024-10-27,1702.8640196274985,2466.249999999999,763.3859803725,5,True
2024-10-28/2024-11-03,-1166.0188980175003,-571.2500000000002,594.7688980175,4,False
2024-11-04/2024-11-10,-7091.603475239999,-6315.0,776.6034752400001,5,False
2024-11-11/2024-11-17,295.2598841350009,897.5000000000009,602.240115865,4,True
2024-11-18/2024-11-24,21112.713286102502,21843.750000000004,731.0367138975,4,True
2024-11-25/2024-12-01,9920.081762804995,10822.499999999996,902.418237195,5,True
2024-12-02/2024-12-08,-10971.908033310001,-10042.5,929.40803331,5,False
2024-12-09/2024-12-15,-2295.292229602501,-1421.25,874.0422296025,5,False
2024-12-16/2024-12-22,-14959.481895704992,-14047.499999999993,911.981895705,5,False
2024-12-23/2024-12-29,-21406.914773572495,-20756.249999999996,650.6647735725,4,False
2024-12-30/2025-01-05,28810.361531655,29737.499999999996,927.138468345,5,True
2025-01-06/2025-01-12,-3834.548305402506,-2928.7500000000064,905.7983054025,5,False
2025-01-13/2025-01-19,-18400.85509233,-17564.999999999996,835.8550923299999,5,False
2025-01-20/2025-01-26,-7244.315651564999,-6352.499999999998,891.8156515649999,5,False
2025-01-27/2025-02-02,-45613.99401891,-44430.0,1183.99401891,6,False
2025-02-03/2025-02-09,-16774.61849217,-15937.499999999998,837.11849217,5,False
2025-02-10/2025-02-16,-17650.988772982502,-16788.75,862.2387729825,5,False
2025-02-17/2025-02-23,-16653.5841508275,-15798.75,854.8341508275,5,False
2025-02-24/2025-03-02,-8979.462554407499,-8336.249999999998,643.2125544075,4,False
2025-03-03/2025-03-09,-7550.815022190003,-6735.000000000003,815.81502219,5,False
2025-03-10/2025-03-16,-4867.3994858099995,-4229.999999999999,637.39948581,4,False
2025-03-17/2025-03-23,5466.021398070001,6285.000000000002,818.97860193,5,True
2025-03-24/2025-03-30,-12016.806585187498,-11178.749999999998,838.0565851875,5,False
2025-03-31/2025-04-06,-3295.0745408099997,-2632.5000000000005,662.57454081,4,False
2025-04-07/2025-04-13,12296.7540130275,13181.25,884.4959869725,4,True
2025-04-14/2025-04-20,43701.915220035,44242.5,540.584779965,3,True
2025-04-21/2025-04-27,-10449.433403362498,-9588.749999999998,860.6834033625,5,False
2025-04-28/2025-05-04,-4625.752075679998,-3937.4999999999977,688.25207568,4,False
2025-05-05/2025-05-11,-18991.26209067,-18105.0,886.26209067,5,False
2025-05-12/2025-05-18,53198.61818381248,54198.74999999999,1000.1318161874999,5,True
2025-05-19/2025-05-25,-2370.0984825600017,-1455.0000000000018,915.09848256,5,False
2025-05-26/2025-06-01,-30369.232496917502,-29403.75,965.4824969174999,5,False
2025-06-02/2025-06-08,-1950.9037169325038,-1016.2500000000036,934.6537169325,5,False
2025-06-09/2025-06-15,-9656.98811373,-8797.5,859.48811373,5,False
2025-06-16/2025-06-22,10676.19552858,11550.0,873.80447142,5,True
2025-06-23/2025-06-29,-7336.362475117497,-6491.249999999997,845.1124751175,5,False
2025-06-30/2025-07-06,-9708.4627534425,-8891.25,817.2127534425,5,False
2025-07-07/2025-07-13,-6095.835504757499,-5298.749999999999,797.0855047575,5,False
2025-07-14/2025-07-20,-5856.728733750003,-5070.000000000003,786.72873375,5,False
2025-07-21/2025-07-27,1610.8972129574995,2403.75,792.8527870425,5,True
2025-07-28/2025-08-03,-6512.45478342,-5700.0,812.45478342,5,False
2025-08-04/2025-08-10,-10936.5575551275,-10128.75,807.8075551275,5,False
2025-08-11/2025-08-17,-2421.7338824174994,-1796.2499999999995,625.4838824175,4,False
2025-08-18/2025-08-24,-6817.713206789999,-6029.999999999998,787.71320679,5,False
2025-08-25/2025-08-31,-7603.941297757501,-6993.750000000001,610.1912977575,4,False
2025-09-01/2025-09-07,836.2113384974989,1623.7499999999986,787.5386615025,5,True
2025-09-08/2025-09-14,-5369.071784714998,-4597.499999999998,771.5717847149999,5,False
2025-09-15/2025-09-21,-3346.3675445924982,-2583.749999999998,762.6175445925,5,False
2025-09-22/2025-09-28,-2809.754052945001,-2190.0000000000014,619.754052945,4,False
2025-09-29/2025-10-05,-358.98729283500097,262.4999999999993,621.4872928350001,4,False
2025-10-06/2025-10-12,4246.352764822499,4871.249999999999,624.8972351775001,4,True
2025-10-13/2025-10-19,-3756.6857325000005,-3465.0000000000005,291.6857325,2,False
2025-10-20/2025-10-26,-10949.857955325002,-10432.500000000002,517.357955325,3,False
2025-10-27/2025-11-02,-8820.033744240001,-7995.0,825.03374424,5,False
2025-11-03/2025-11-09,-5620.3292781075,-4991.25,629.0792781074999,4,False
2025-11-10/2025-11-16,-4582.427765190001,-3757.500000000001,824.9277651900001,5,False
2025-11-17/2025-11-23,-1370.1433159350004,-547.5000000000005,822.6433159349999,5,False
2025-11-24/2025-11-30,2269.110114652501,3078.750000000001,809.6398853475,5,True
2025-12-01/2025-12-07,-5128.715110005,-4335.0,793.715110005,5,False
2025-12-08/2025-12-14,-993.0933217049981,-194.99999999999818,798.093321705,5,False
2025-12-15/2025-12-21,-8206.2512799525,-7428.75,777.5012799525,5,False
2025-12-22/2025-12-28,-6509.5879060875,-5913.750000000001,595.8379060875,4,False
2025-12-29/2026-01-04,3636.021581149499,4393.75,757.7284188505,5,True
2026-01-05/2026-01-11,1208.841468373001,1976.000000000001,767.158531627,5,True
2026-01-12/2026-01-18,959.3297913780007,1599.0000000000002,639.670208622,4,True
2026-01-19/2026-01-25,2092.043328978999,2924.999999999999,832.956671021,5,True
2026-01-26/2026-02-01,-4361.231985266498,-3357.2499999999986,1003.9819852665,5,False
2026-02-02/2026-02-08,-26536.3380385615,-25678.25,858.0880385615001,5,False
2026-02-09/2026-02-15,-1624.8698593405002,-828.75,796.1198593404999,5,False
2026-02-16/2026-02-22,23847.451436009,24706.5,859.048563991,5,True
2026-02-23/2026-03-01,-6569.791642167497,-5749.249999999997,820.5416421675,5,False
2026-03-02/2026-03-08,2971.896343272597,3854.4999999999964,882.6036567274,4,True
2026-03-09/2026-03-15,3879.660732262478,4995.250000000013,1115.589267737535,5,True
2026-03-16/2026-03-22,5567.550159628884,6610.500000000004,1042.94984037112,5,True
2026-03-23/2026-03-29,-20235.774849219357,-19386.25,849.524849219355,4,False
2026-03-30/2026-04-05,18248.899023069796,19041.749999999993,792.850976930195,3,True
2026-04-06/2026-04-12,1141.500722802333,2210.0000000000023,1068.49927719767,5,True
2026-04-13/2026-04-19,-751.9000621351806,71.49999999999932,823.40006213518,4,False
2026-04-20/2026-04-26,-10513.722082883149,-9512.749999999996,1000.972082883155,5,False
2026-04-27/2026-05-03,1410.1119666700852,2154.750000000001,744.6380333299151,4,True
2026-05-04/2026-05-10,-3634.8234538433785,-2690.9999999999986,943.8234538433801,5,False
2026-05-11/2026-05-17,-753.6825465358556,240.50000000000387,994.18254653586,5,False
2026-05-18/2026-05-24,-125.94089917803512,848.25,974.190899178035,5,False
2026-05-25/2026-05-31,-2703.6577753095007,-2509.000000000001,194.6577753095,1,False
2026-06-15/2026-06-21,-281.10516076132797,-19.499999999997954,261.60516076133,1,False
2026-06-22/2026-06-28,3096.923145351381,3812.2499999999964,715.3268546486149,3,True
2026-06-29/2026-07-05,-9003.126859002976,-8219.250000000002,783.8768590029749,4,False
